solid OpenSCAD_Model
  facet normal 0 0 1
    outer loop
      vertex 46.129999999999995 -36.4 25.14
      vertex 46.129999999999995 -39.4 25.14
      vertex 50.129999999999995 -39.4 25.14
    endloop
  endfacet
  facet normal 0 0 1
    outer loop
      vertex 46.129999999999995 -36.4 25.14
      vertex 50.129999999999995 -39.4 25.14
      vertex 50.129999999999995 -36.4 25.14
    endloop
  endfacet
  facet normal -1 0 0
    outer loop
      vertex 46.129999999999995 -36.4 25.14
      vertex 46.129999999999995 -36.4 3.5
      vertex 46.129999999999995 -39.4 25.14
    endloop
  endfacet
  facet normal 0 1 0
    outer loop
      vertex 46.129999999999995 -36.4 25.14
      vertex 50.129999999999995 -36.4 25.14
      vertex 50.129999999999995 -36.4 3.5
    endloop
  endfacet
  facet normal 1 0 0
    outer loop
      vertex 50.129999999999995 -36.4 25.14
      vertex 50.129999999999995 -39.4 25.14
      vertex 50.129999999999995 -39.4 3.5
    endloop
  endfacet
  facet normal 0 -1 0
    outer loop
      vertex 46.129999999999995 -39.4 25.14
      vertex 46.129999999999995 -39.4 3.5
      vertex 50.129999999999995 -39.4 25.14
    endloop
  endfacet
  facet normal 0 1 0
    outer loop
      vertex 46.129999999999995 -36.4 25.14
      vertex 50.129999999999995 -36.4 3.5
      vertex 46.129999999999995 -36.4 3.5
    endloop
  endfacet
  facet normal -1 0 0
    outer loop
      vertex 46.129999999999995 -39.4 25.14
      vertex 46.129999999999995 -36.4 3.5
      vertex 46.129999999999995 -39.4 3.5
    endloop
  endfacet
  facet normal 1 0 0
    outer loop
      vertex 50.129999999999995 -36.4 25.14
      vertex 50.129999999999995 -39.4 3.5
      vertex 50.129999999999995 -36.4 3.5
    endloop
  endfacet
  facet normal 0 -1 0
    outer loop
      vertex 50.129999999999995 -39.4 25.14
      vertex 46.129999999999995 -39.4 3.5
      vertex 50.129999999999995 -39.4 3.5
    endloop
  endfacet
  facet normal 0 0 1
    outer loop
      vertex 75.21 -36.4 25.14
      vertex 75.21 -39.4 25.14
      vertex 79.21 -39.4 25.14
    endloop
  endfacet
  facet normal 0 0 1
    outer loop
      vertex 75.21 -36.4 25.14
      vertex 79.21 -39.4 25.14
      vertex 79.21 -36.4 25.14
    endloop
  endfacet
  facet normal -1 0 0
    outer loop
      vertex 75.21 -36.4 25.14
      vertex 75.21 -36.4 3.5
      vertex 75.21 -39.4 25.14
    endloop
  endfacet
  facet normal 0 1 0
    outer loop
      vertex 75.21 -36.4 25.14
      vertex 79.21 -36.4 25.14
      vertex 79.21 -36.4 3.5
    endloop
  endfacet
  facet normal 1 0 0
    outer loop
      vertex 79.21 -36.4 25.14
      vertex 79.21 -39.4 25.14
      vertex 79.21 -39.4 3.5
    endloop
  endfacet
  facet normal 0 -1 0
    outer loop
      vertex 75.21 -39.4 25.14
      vertex 75.21 -39.4 3.5
      vertex 79.21 -39.4 25.14
    endloop
  endfacet
  facet normal 0 1 0
    outer loop
      vertex 75.21 -36.4 25.14
      vertex 79.21 -36.4 3.5
      vertex 75.21 -36.4 3.5
    endloop
  endfacet
  facet normal -1 0 0
    outer loop
      vertex 75.21 -39.4 25.14
      vertex 75.21 -36.4 3.5
      vertex 75.21 -39.4 3.5
    endloop
  endfacet
  facet normal 1 0 0
    outer loop
      vertex 79.21 -36.4 25.14
      vertex 79.21 -39.4 3.5
      vertex 79.21 -36.4 3.5
    endloop
  endfacet
  facet normal 0 -1 0
    outer loop
      vertex 79.21 -39.4 25.14
      vertex 75.21 -39.4 3.5
      vertex 79.21 -39.4 3.5
    endloop
  endfacet
  facet normal 0 0 1
    outer loop
      vertex 0.7322330474853516 -0.7322330474853516 2
      vertex 2.25 -3.25 2
      vertex 2.5 0 2
    endloop
  endfacet
  facet normal 0 0 1
    outer loop
      vertex 2.5 0 2
      vertex 2.25 -3.25 2
      vertex 2.9409830048680305 -2.298943482339382 2
    endloop
  endfacet
  facet normal 0 0 1
    outer loop
      vertex 0.7322330474853516 -0.7322330474853516 2
      vertex 0 -2.5 2
      vertex 2.25 -3.25 2
    endloop
  endfacet
  facet normal 0 0 1
    outer loop
      vertex 2.5 0 2
      vertex 2.9409830048680305 -2.298943482339382 2
      vertex 3.25 -2.25 2
    endloop
  endfacet
  facet normal -0.38268343265006405 0.9238795323932465 0
    outer loop
      vertex 0.7322330474853516 -0.7322330474853516 2
      vertex 2.5 0 2
      vertex 0.7322330474853516 -0.7322330474853516 0
    endloop
  endfacet
  facet normal -0.9238795323932465 0.38268343265006405 0
    outer loop
      vertex 0.7322330474853516 -0.7322330474853516 2
      vertex 0 -2.5 0
      vertex 0 -2.5 2
    endloop
  endfacet
  facet normal -0.9238795323932465 0.38268343265006405 0
    outer loop
      vertex 0.7322330474853516 -0.7322330474853516 2
      vertex 0.7322330474853516 -0.7322330474853516 0
      vertex 0 -2.5 0
    endloop
  endfacet
  facet normal -0.38268343265006405 0.9238795323932465 0
    outer loop
      vertex 2.5 0 2
      vertex 2.5 0 0
      vertex 0.7322330474853516 -0.7322330474853516 0
    endloop
  endfacet
  facet normal 0 0 -1
    outer loop
      vertex 0.7322330474853516 -0.7322330474853516 0
      vertex 2.5 0 0
      vertex 3.8698408216755253 -3.8698408216755253 0
    endloop
  endfacet
  facet normal 0 0 -1
    outer loop
      vertex 0.7322330474853516 -0.7322330474853516 0
      vertex 3.8698408216755253 -3.8698408216755253 0
      vertex 0 -2.5 0
    endloop
  endfacet
  facet normal 0 0 -1
    outer loop
      vertex 0 -2.5 0
      vertex 3.8698408216755253 -3.8698408216755253 0
      vertex 3.3910984710993786 -4.49375 0
    endloop
  endfacet
  facet normal 0 0 -1
    outer loop
      vertex 2.5 0 0
      vertex 4.49375 -3.3910984710993786 0
      vertex 3.8698408216755253 -3.8698408216755253 0
    endloop
  endfacet
  facet normal 0 0 -1
    outer loop
      vertex 2.5 0 0
      vertex 5.220307626628656 -3.090148448304182 0
      vertex 4.49375 -3.3910984710993786 0
    endloop
  endfacet
  facet normal 0 0 -1
    outer loop
      vertex 2.5 0 0
      vertex 6 -2.9875 0
      vertex 5.220307626628656 -3.090148448304182 0
    endloop
  endfacet
  facet normal 0 0 -1
    outer loop
      vertex 2.5 0 0
      vertex 6.7796923733713435 -3.090148448304182 0
      vertex 6 -2.9875 0
    endloop
  endfacet
  facet normal 0 0 -1
    outer loop
      vertex 0 -2.5 0
      vertex 3.3910984710993786 -4.49375 0
      vertex 3.090148448304182 -5.220307626628656 0
    endloop
  endfacet
  facet normal 0 0 -1
    outer loop
      vertex 0 -2.5 0
      vertex 3.090148448304182 -5.220307626628656 0
      vertex 2.9875 -6 0
    endloop
  endfacet
  facet normal 0 0 -1
    outer loop
      vertex 2.5 0 0
      vertex 7.50625 -3.3910984710993786 0
      vertex 6.7796923733713435 -3.090148448304182 0
    endloop
  endfacet
  facet normal 0 0 -1
    outer loop
      vertex 10.71 -7 0
      vertex 8.909851551695818 -5.220307626628656 0
      vertex 8.60890152890062 -4.49375 0
    endloop
  endfacet
  facet normal 0 0 -1
    outer loop
      vertex 13.71 -7 0
      vertex 8.60890152890062 -4.49375 0
      vertex 8.130159178324474 -3.8698408216755253 0
    endloop
  endfacet
  facet normal 0 0 -1
    outer loop
      vertex 9.0125 -6 0
      vertex 8.909851551695818 -5.220307626628656 0
      vertex 10.71 -7 0
    endloop
  endfacet
  facet normal 0 0 -1
    outer loop
      vertex 9.0125 -6 0
      vertex 10.71 -22 0
      vertex 8.909851551695818 -6.779692373371344 0
    endloop
  endfacet
  facet normal 0 0 -1
    outer loop
      vertex 9.0125 -6 0
      vertex 10.71 -7 0
      vertex 10.71 -22 0
    endloop
  endfacet
  facet normal 0 0 -1
    outer loop
      vertex 10.71 -22 0
      vertex 5.220307626628656 -8.909851551695818 0
      vertex 6 -9.0125 0
    endloop
  endfacet
  facet normal 0 0 -1
    outer loop
      vertex 10.71 -22 0
      vertex 6 -9.0125 0
      vertex 6.779692373371344 -8.909851551695818 0
    endloop
  endfacet
  facet normal 0 0 -1
    outer loop
      vertex 10.71 -22 0
      vertex 8.130159178324474 -8.130159178324474 0
      vertex 8.60890152890062 -7.50625 0
    endloop
  endfacet
  facet normal 0 0 -1
    outer loop
      vertex 10.71 -22 0
      vertex 6.779692373371344 -8.909851551695818 0
      vertex 7.50625 -8.60890152890062 0
    endloop
  endfacet
  facet normal 0 0 -1
    outer loop
      vertex 10.71 -22 0
      vertex 7.50625 -8.60890152890062 0
      vertex 8.130159178324474 -8.130159178324474 0
    endloop
  endfacet
  facet normal 0 0 -1
    outer loop
      vertex 10.71 -22 0
      vertex 8.60890152890062 -7.50625 0
      vertex 8.909851551695818 -6.779692373371344 0
    endloop
  endfacet
  facet normal 0 0 -1
    outer loop
      vertex 2.5 0 0
      vertex 22.71 -7 0
      vertex 7.50625 -3.3910984710993786 0
    endloop
  endfacet
  facet normal 0 0 -1
    outer loop
      vertex 7.50625 -3.3910984710993786 0
      vertex 16.71 -7 0
      vertex 8.130159178324474 -3.8698408216755253 0
    endloop
  endfacet
  facet normal 0 0 -1
    outer loop
      vertex 13.71 -7 0
      vertex 10.71 -7 0
      vertex 8.60890152890062 -4.49375 0
    endloop
  endfacet
  facet normal 0 0 -1
    outer loop
      vertex 13.71 -7 0
      vertex 8.130159178324474 -3.8698408216755253 0
      vertex 16.71 -7 0
    endloop
  endfacet
  facet normal 0 0 -1
    outer loop
      vertex 19.71 -7 0
      vertex 16.71 -7 0
      vertex 7.50625 -3.3910984710993786 0
    endloop
  endfacet
  facet normal 0 0 -1
    outer loop
      vertex 2.5 0 0
      vertex 25.71 -7 0
      vertex 22.71 -7 0
    endloop
  endfacet
  facet normal 0 0 -1
    outer loop
      vertex 19.71 -7 0
      vertex 7.50625 -3.3910984710993786 0
      vertex 22.71 -7 0
    endloop
  endfacet
  facet normal 0 0 -1
    outer loop
      vertex 2.5 0 0
      vertex 28.71 -7 0
      vertex 25.71 -7 0
    endloop
  endfacet
  facet normal 0 0 -1
    outer loop
      vertex 2.5 0 0
      vertex 31.71 -7 0
      vertex 28.71 -7 0
    endloop
  endfacet
  facet normal 0 0 -1
    outer loop
      vertex 13.71 -7 0
      vertex 16.71 -7 0
      vertex 16.71 -22 0
    endloop
  endfacet
  facet normal 0 0 1
    outer loop
      vertex 0 -2.5 2
      vertex 2.25 -59.70000000298023 2
      vertex 2.25 -3.25 2
    endloop
  endfacet
  facet normal -1 0 0
    outer loop
      vertex 0 -2.5 2
      vertex 0 -2.5 0
      vertex 0 -60.45000000298023 0
    endloop
  endfacet
  facet normal 0 0 -1
    outer loop
      vertex 0 -2.5 0
      vertex 2.9875 -6 0
      vertex 0 -60.45000000298023 0
    endloop
  endfacet
  facet normal 0 0 -1
    outer loop
      vertex 0 -60.45000000298023 0
      vertex 2.9875 -6 0
      vertex 3.090148448304182 -6.779692373371344 0
    endloop
  endfacet
  facet normal 0 0 -1
    outer loop
      vertex 0 -60.45000000298023 0
      vertex 3.090148448304182 -6.779692373371344 0
      vertex 3.3910984710993786 -7.50625 0
    endloop
  endfacet
  facet normal 0 0 -1
    outer loop
      vertex 0 -60.45000000298023 0
      vertex 3.3910984710993786 -7.50625 0
      vertex 3.8698408216755253 -8.130159178324474 0
    endloop
  endfacet
  facet normal 0 0 -1
    outer loop
      vertex 0 -60.45000000298023 0
      vertex 3.8698408216755253 -8.130159178324474 0
      vertex 4.49375 -8.60890152890062 0
    endloop
  endfacet
  facet normal 0 0 -1
    outer loop
      vertex 0 -60.45000000298023 0
      vertex 4.49375 -8.60890152890062 0
      vertex 5.220307626628656 -8.909851551695818 0
    endloop
  endfacet
  facet normal 0 0 -1
    outer loop
      vertex 0 -60.45000000298023 0
      vertex 5.220307626628656 -8.909851551695818 0
      vertex 10.71 -22 0
    endloop
  endfacet
  facet normal 0 0 -1
    outer loop
      vertex 16.71 -22 0
      vertex 13.71 -22 0
      vertex 13.71 -7 0
    endloop
  endfacet
  facet normal 0 0 -1
    outer loop
      vertex 22.71 -22 0
      vertex 19.71 -22 0
      vertex 19.71 -7 0
    endloop
  endfacet
  facet normal 0 0 -1
    outer loop
      vertex 2.5 0 0
      vertex 34.71 -7 0
      vertex 31.71 -7 0
    endloop
  endfacet
  facet normal 0 0 -1
    outer loop
      vertex 2.5 0 0
      vertex 37.71 -7 0
      vertex 34.71 -7 0
    endloop
  endfacet
  facet normal 0 0 1
    outer loop
      vertex 2.5 0 2
      vertex 3.25 -2.25 2
      vertex 81.35999999940395 -2.25 2
    endloop
  endfacet
  facet normal 0 1 0
    outer loop
      vertex 2.5 0 2
      vertex 82.10999999940395 0 2
      vertex 2.5 0 0
    endloop
  endfacet
  facet normal 0 0 -1
    outer loop
      vertex 2.5 0 0
      vertex 40.71 -7 0
      vertex 37.71 -7 0
    endloop
  endfacet
  facet normal 0 0 -1
    outer loop
      vertex 2.5 0 0
      vertex 43.71 -7 0
      vertex 40.71 -7 0
    endloop
  endfacet
  facet normal 0 0 -1
    outer loop
      vertex 2.5 0 0
      vertex 46.71 -7 0
      vertex 43.71 -7 0
    endloop
  endfacet
  facet normal 0 0 -1
    outer loop
      vertex 19.71 -7 0
      vertex 22.71 -7 0
      vertex 22.71 -22 0
    endloop
  endfacet
  facet normal 0 0 -1
    outer loop
      vertex 25.71 -7 0
      vertex 28.71 -7 0
      vertex 28.71 -22 0
    endloop
  endfacet
  facet normal 0 0 -1
    outer loop
      vertex 2.5 0 0
      vertex 49.71 -7 0
      vertex 46.71 -7 0
    endloop
  endfacet
  facet normal 0 0 -1
    outer loop
      vertex 2.5 0 0
      vertex 52.71 -7 0
      vertex 49.71 -7 0
    endloop
  endfacet
  facet normal 0 0 -1
    outer loop
      vertex 2.5 0 0
      vertex 55.71 -7 0
      vertex 52.71 -7 0
    endloop
  endfacet
  facet normal 0 0 -1
    outer loop
      vertex 2.5 0 0
      vertex 58.71 -7 0
      vertex 55.71 -7 0
    endloop
  endfacet
  facet normal 0 0 -1
    outer loop
      vertex 31.71 -7 0
      vertex 34.71 -7 0
      vertex 34.71 -22 0
    endloop
  endfacet
  facet normal 0 0 -1
    outer loop
      vertex 37.71 -7 0
      vertex 40.71 -7 0
      vertex 40.71 -22 0
    endloop
  endfacet
  facet normal 0 0 -1
    outer loop
      vertex 28.71 -22 0
      vertex 25.71 -22 0
      vertex 25.71 -7 0
    endloop
  endfacet
  facet normal 0 0 -1
    outer loop
      vertex 31.71 -22 0
      vertex 31.71 -7 0
      vertex 34.71 -22 0
    endloop
  endfacet
  facet normal 0 0 -1
    outer loop
      vertex 37.71 -7 0
      vertex 40.71 -22 0
      vertex 37.71 -22 0
    endloop
  endfacet
  facet normal 0 0 -1
    outer loop
      vertex 25.71 -22 0
      vertex 28.71 -22 0
      vertex 55.129999999999995 -40.4 0
    endloop
  endfacet
  facet normal 0 0 -1
    outer loop
      vertex 31.71 -22 0
      vertex 55.129999999999995 -40.4 0
      vertex 28.71 -22 0
    endloop
  endfacet
  facet normal 0 0 -1
    outer loop
      vertex 0 -60.45000000298023 0
      vertex 10.71 -22 0
      vertex 13.71 -22 0
    endloop
  endfacet
  facet normal 0 0 1
    outer loop
      vertex 0 -2.5 2
      vertex 0 -60.45000000298023 2
      vertex 2.25 -59.70000000298023 2
    endloop
  endfacet
  facet normal -1 0 0
    outer loop
      vertex 0 -2.5 2
      vertex 0 -60.45000000298023 0
      vertex 0 -60.45000000298023 2
    endloop
  endfacet
  facet normal 0 0 -1
    outer loop
      vertex 13.71 -22 0
      vertex 3.8698408216755253 -54.81984082167553 0
      vertex 3.3910984710993786 -55.44375000000001 0
    endloop
  endfacet
  facet normal 0 0 -1
    outer loop
      vertex 13.71 -22 0
      vertex 4.49375 -54.34109847109938 0
      vertex 3.8698408216755253 -54.81984082167553 0
    endloop
  endfacet
  facet normal 0 0 -1
    outer loop
      vertex 13.71 -22 0
      vertex 5.220307626628656 -54.04014844830419 0
      vertex 4.49375 -54.34109847109938 0
    endloop
  endfacet
  facet normal 0 0 -1
    outer loop
      vertex 0 -60.45000000298023 0
      vertex 13.71 -22 0
      vertex 3.3910984710993786 -55.44375000000001 0
    endloop
  endfacet
  facet normal 0 0 -1
    outer loop
      vertex 13.71 -22 0
      vertex 6 -53.9375 0
      vertex 5.220307626628656 -54.04014844830419 0
    endloop
  endfacet
  facet normal 0 0 -1
    outer loop
      vertex 13.71 -22 0
      vertex 6.779692373371344 -54.04014844830419 0
      vertex 6 -53.9375 0
    endloop
  endfacet
  facet normal 0 0 -1
    outer loop
      vertex 13.71 -22 0
      vertex 7.50625 -54.34109847109938 0
      vertex 6.779692373371344 -54.04014844830419 0
    endloop
  endfacet
  facet normal 0 0 -1
    outer loop
      vertex 13.71 -22 0
      vertex 8.130159178324474 -54.81984082167553 0
      vertex 7.50625 -54.34109847109938 0
    endloop
  endfacet
  facet normal 0 0 -1
    outer loop
      vertex 13.71 -22 0
      vertex 8.60890152890062 -55.44375000000001 0
      vertex 8.130159178324474 -54.81984082167553 0
    endloop
  endfacet
  facet normal 0 0 -1
    outer loop
      vertex 13.71 -22 0
      vertex 8.909851551695818 -56.170307626628656 0
      vertex 8.60890152890062 -55.44375000000001 0
    endloop
  endfacet
  facet normal 0 0 -1
    outer loop
      vertex 0 -60.45000000298023 0
      vertex 3.3910984710993786 -55.44375000000001 0
      vertex 3.090148448304182 -56.170307626628656 0
    endloop
  endfacet
  facet normal 0 0 -1
    outer loop
      vertex 0 -60.45000000298023 0
      vertex 3.090148448304182 -56.170307626628656 0
      vertex 2.9875 -56.95 0
    endloop
  endfacet
  facet normal 0 0 -1
    outer loop
      vertex 0 -60.45000000298023 0
      vertex 2.9875 -56.95 0
      vertex 3.090148448304182 -57.72969237337135 0
    endloop
  endfacet
  facet normal 0 0 -1
    outer loop
      vertex 0 -60.45000000298023 0
      vertex 3.090148448304182 -57.72969237337135 0
      vertex 3.3910984710993786 -58.45625 0
    endloop
  endfacet
  facet normal 0 0 1
    outer loop
      vertex 0 -60.45000000298023 2
      vertex 2.298943482339382 -60.0090169981122 2
      vertex 2.25 -59.70000000298023 2
    endloop
  endfacet
  facet normal 0 0 1
    outer loop
      vertex 0 -60.45000000298023 2
      vertex 3.25 -60.70000000298023 2
      vertex 2.298943482339382 -60.0090169981122 2
    endloop
  endfacet
  facet normal 0 0 1
    outer loop
      vertex 0 -60.45000000298023 2
      vertex 0.7322330474853516 -62.21776695549488 2
      vertex 2.5 -62.95000000298023 2
    endloop
  endfacet
  facet normal 0 0 1
    outer loop
      vertex 0 -60.45000000298023 2
      vertex 2.5 -62.95000000298023 2
      vertex 3.25 -60.70000000298023 2
    endloop
  endfacet
  facet normal 0 0 -1
    outer loop
      vertex 0 -60.45000000298023 0
      vertex 3.3910984710993786 -58.45625 0
      vertex 3.8698408216755253 -59.08015917832448 0
    endloop
  endfacet
  facet normal -0.9238795323932465 -0.38268343265006405 0
    outer loop
      vertex 0 -60.45000000298023 2
      vertex 0.7322330474853516 -62.21776695549488 0
      vertex 0.7322330474853516 -62.21776695549488 2
    endloop
  endfacet
  facet normal -0.38268343265006405 -0.9238795323932465 0
    outer loop
      vertex 0.7322330474853516 -62.21776695549488 2
      vertex 2.5 -62.95000000298023 0
      vertex 2.5 -62.95000000298023 2
    endloop
  endfacet
  facet normal -0.9238795323932465 -0.38268343265006405 0
    outer loop
      vertex 0 -60.45000000298023 2
      vertex 0 -60.45000000298023 0
      vertex 0.7322330474853516 -62.21776695549488 0
    endloop
  endfacet
  facet normal 0 0 -1
    outer loop
      vertex 0 -60.45000000298023 0
      vertex 2.5 -62.95000000298023 0
      vertex 0.7322330474853516 -62.21776695549488 0
    endloop
  endfacet
  facet normal -0.38268343265006405 -0.9238795323932465 0
    outer loop
      vertex 0.7322330474853516 -62.21776695549488 2
      vertex 0.7322330474853516 -62.21776695549488 0
      vertex 2.5 -62.95000000298023 0
    endloop
  endfacet
  facet normal 0 0 -1
    outer loop
      vertex 0 -60.45000000298023 0
      vertex 3.8698408216755253 -59.08015917832448 0
      vertex 4.49375 -59.55890152890063 0
    endloop
  endfacet
  facet normal 0 0 -1
    outer loop
      vertex 0 -60.45000000298023 0
      vertex 4.49375 -59.55890152890063 0
      vertex 5.220307626628656 -59.85985155169582 0
    endloop
  endfacet
  facet normal 0 0 -1
    outer loop
      vertex 0 -60.45000000298023 0
      vertex 5.220307626628656 -59.85985155169582 0
      vertex 6 -59.962500000000006 0
    endloop
  endfacet
  facet normal 0 0 -1
    outer loop
      vertex 16.71 -22 0
      vertex 49.129999999999995 -55.55 0
      vertex 13.71 -22 0
    endloop
  endfacet
  facet normal 0 0 -1
    outer loop
      vertex 16.71 -22 0
      vertex 19.71 -22 0
      vertex 49.129999999999995 -55.55 0
    endloop
  endfacet
  facet normal 0 0 -1
    outer loop
      vertex 22.71 -22 0
      vertex 49.129999999999995 -55.55 0
      vertex 19.71 -22 0
    endloop
  endfacet
  facet normal 0 0 -1
    outer loop
      vertex 13.71 -22 0
      vertex 49.129999999999995 -55.55 0
      vertex 8.909851551695818 -56.170307626628656 0
    endloop
  endfacet
  facet normal 0 0 -1
    outer loop
      vertex 22.71 -22 0
      vertex 25.71 -22 0
      vertex 49.129999999999995 -55.55 0
    endloop
  endfacet
  facet normal 0 0 -1
    outer loop
      vertex 25.71 -22 0
      vertex 49.129999999999995 -40.4 0
      vertex 49.129999999999995 -55.55 0
    endloop
  endfacet
  facet normal 0 0 -1
    outer loop
      vertex 9.0125 -56.95 0
      vertex 8.909851551695818 -56.170307626628656 0
      vertex 49.129999999999995 -55.55 0
    endloop
  endfacet
  facet normal 0 0 -1
    outer loop
      vertex 76.00109847109938 -58.456250000000004 0
      vertex 8.909851551695818 -57.72969237337135 0
      vertex 9.0125 -56.95 0
    endloop
  endfacet
  facet normal 0 0 -1
    outer loop
      vertex 76.00109847109938 -58.456250000000004 0
      vertex 8.130159178324474 -59.08015917832448 0
      vertex 8.60890152890062 -58.45625 0
    endloop
  endfacet
  facet normal 0 0 -1
    outer loop
      vertex 76.00109847109938 -58.456250000000004 0
      vertex 8.60890152890062 -58.45625 0
      vertex 8.909851551695818 -57.72969237337135 0
    endloop
  endfacet
  facet normal 0 0 1
    outer loop
      vertex 2.5 -62.95000000298023 2
      vertex 82.10999999940395 -62.95000000298023 2
      vertex 3.25 -60.70000000298023 2
    endloop
  endfacet
  facet normal 0 0 -1
    outer loop
      vertex 0 -60.45000000298023 0
      vertex 6 -59.962500000000006 0
      vertex 76.00109847109938 -58.456250000000004 0
    endloop
  endfacet
  facet normal 0 -1 0
    outer loop
      vertex 2.5 -62.95000000298023 2
      vertex 2.5 -62.95000000298023 0
      vertex 82.10999999940395 -62.95000000298023 0
    endloop
  endfacet
  facet normal 0 0 -1
    outer loop
      vertex 0 -60.45000000298023 0
      vertex 82.10999999940395 -62.95000000298023 0
      vertex 2.5 -62.95000000298023 0
    endloop
  endfacet
  facet normal 0 0 -1
    outer loop
      vertex 76.00109847109938 -58.456250000000004 0
      vertex 6 -59.962500000000006 0
      vertex 6.779692373371344 -59.85985155169582 0
    endloop
  endfacet
  facet normal 0 0 -1
    outer loop
      vertex 76.00109847109938 -58.456250000000004 0
      vertex 6.779692373371344 -59.85985155169582 0
      vertex 7.50625 -59.55890152890063 0
    endloop
  endfacet
  facet normal 0 0 -1
    outer loop
      vertex 76.00109847109938 -58.456250000000004 0
      vertex 7.50625 -59.55890152890063 0
      vertex 8.130159178324474 -59.08015917832448 0
    endloop
  endfacet
  facet normal 0 0 -1
    outer loop
      vertex 9.0125 -56.95 0
      vertex 49.129999999999995 -55.55 0
      vertex 52.129999999999995 -55.55 0
    endloop
  endfacet
  facet normal 0 0 -1
    outer loop
      vertex 9.0125 -56.95 0
      vertex 52.129999999999995 -55.55 0
      vertex 55.129999999999995 -55.55 0
    endloop
  endfacet
  facet normal 0 0 -1
    outer loop
      vertex 9.0125 -56.95 0
      vertex 55.129999999999995 -55.55 0
      vertex 58.129999999999995 -55.55 0
    endloop
  endfacet
  facet normal 0 0 -1
    outer loop
      vertex 2.5 0 0
      vertex 77.10375 -3.3910984710993786 0
      vertex 58.71 -7 0
    endloop
  endfacet
  facet normal 0 0 -1
    outer loop
      vertex 2.5 0 0
      vertex 77.83030762662867 -3.090148448304182 0
      vertex 77.10375 -3.3910984710993786 0
    endloop
  endfacet
  facet normal 0 0 -1
    outer loop
      vertex 43.71 -7 0
      vertex 46.71 -7 0
      vertex 46.71 -22 0
    endloop
  endfacet
  facet normal 0 0 -1
    outer loop
      vertex 49.71 -7 0
      vertex 52.71 -7 0
      vertex 52.71 -22 0
    endloop
  endfacet
  facet normal 0 0 1
    outer loop
      vertex 2.5 0 2
      vertex 81.35999999940395 -2.25 2
      vertex 82.10999999940395 0 2
    endloop
  endfacet
  facet normal 0 0 -1
    outer loop
      vertex 2.5 0 0
      vertex 84.60999999940395 -2.5 0
      vertex 78.61 -2.9875 0
    endloop
  endfacet
  facet normal 0 0 -1
    outer loop
      vertex 2.5 0 0
      vertex 78.61 -2.9875 0
      vertex 77.83030762662867 -3.090148448304182 0
    endloop
  endfacet
  facet normal 0 1 0
    outer loop
      vertex 2.5 0 0
      vertex 82.10999999940395 0 2
      vertex 82.10999999940395 0 0
    endloop
  endfacet
  facet normal 0 0 -1
    outer loop
      vertex 2.5 0 0
      vertex 82.10999999940395 0 0
      vertex 84.60999999940395 -2.5 0
    endloop
  endfacet
  facet normal 0 0 -1
    outer loop
      vertex 55.71 -7 0
      vertex 58.71 -7 0
      vertex 58.71 -22 0
    endloop
  endfacet
  facet normal 0 0 -1
    outer loop
      vertex 43.71 -7 0
      vertex 46.71 -22 0
      vertex 43.71 -22 0
    endloop
  endfacet
  facet normal 0 0 -1
    outer loop
      vertex 49.71 -7 0
      vertex 52.71 -22 0
      vertex 49.71 -22 0
    endloop
  endfacet
  facet normal 0 0 -1
    outer loop
      vertex 31.71 -22 0
      vertex 34.71 -22 0
      vertex 61.129999999999995 -40.4 0
    endloop
  endfacet
  facet normal 0 0 -1
    outer loop
      vertex 34.71 -22 0
      vertex 37.71 -22 0
      vertex 61.129999999999995 -40.4 0
    endloop
  endfacet
  facet normal 0 0 -1
    outer loop
      vertex 40.71 -22 0
      vertex 61.129999999999995 -40.4 0
      vertex 37.71 -22 0
    endloop
  endfacet
  facet normal 0 0 -1
    outer loop
      vertex 40.71 -22 0
      vertex 43.71 -22 0
      vertex 61.129999999999995 -40.4 0
    endloop
  endfacet
  facet normal 0 0 -1
    outer loop
      vertex 46.71 -22 0
      vertex 61.129999999999995 -40.4 0
      vertex 43.71 -22 0
    endloop
  endfacet
  facet normal 0 0 -1
    outer loop
      vertex 46.71 -22 0
      vertex 49.71 -22 0
      vertex 61.129999999999995 -40.4 0
    endloop
  endfacet
  facet normal 0 0 -1
    outer loop
      vertex 55.71 -7 0
      vertex 58.71 -22 0
      vertex 55.71 -22 0
    endloop
  endfacet
  facet normal 0 0 -1
    outer loop
      vertex 52.71 -22 0
      vertex 61.129999999999995 -40.4 0
      vertex 49.71 -22 0
    endloop
  endfacet
  facet normal 0 0 -1
    outer loop
      vertex 52.71 -22 0
      vertex 55.71 -22 0
      vertex 61.129999999999995 -40.4 0
    endloop
  endfacet
  facet normal 0 0 -1
    outer loop
      vertex 58.71 -22 0
      vertex 61.129999999999995 -40.4 0
      vertex 55.71 -22 0
    endloop
  endfacet
  facet normal 0 0 -1
    outer loop
      vertex 58.71 -22 0
      vertex 61.71 -22 0
      vertex 61.129999999999995 -40.4 0
    endloop
  endfacet
  facet normal 0 0 -1
    outer loop
      vertex 61.71 -7 0
      vertex 58.71 -7 0
      vertex 77.10375 -3.3910984710993786 0
    endloop
  endfacet
  facet normal 0 0 -1
    outer loop
      vertex 61.71 -7 0
      vertex 76.00109847109937 -4.49375 0
      vertex 75.70014844830418 -5.220307626628656 0
    endloop
  endfacet
  facet normal 0 0 -1
    outer loop
      vertex 61.71 -7 0
      vertex 75.70014844830418 -5.220307626628656 0
      vertex 75.59750000000001 -6 0
    endloop
  endfacet
  facet normal 0 0 -1
    outer loop
      vertex 61.71 -7 0
      vertex 75.59750000000001 -6 0
      vertex 75.70014844830418 -6.779692373371344 0
    endloop
  endfacet
  facet normal 0 0 -1
    outer loop
      vertex 61.71 -7 0
      vertex 75.70014844830418 -6.779692373371344 0
      vertex 76.00109847109937 -7.50625 0
    endloop
  endfacet
  facet normal 0 0 -1
    outer loop
      vertex 61.71 -7 0
      vertex 77.10375 -3.3910984710993786 0
      vertex 76.47984082167552 -3.8698408216755253 0
    endloop
  endfacet
  facet normal 0 0 -1
    outer loop
      vertex 61.71 -7 0
      vertex 76.47984082167552 -3.8698408216755253 0
      vertex 76.00109847109937 -4.49375 0
    endloop
  endfacet
  facet normal 0 0 -1
    outer loop
      vertex 61.71 -7 0
      vertex 76.00109847109937 -7.50625 0
      vertex 76.47984082167552 -8.130159178324474 0
    endloop
  endfacet
  facet normal 0 0 -1
    outer loop
      vertex 61.71 -7 0
      vertex 76.47984082167552 -8.130159178324474 0
      vertex 61.71 -22 0
    endloop
  endfacet
  facet normal 0 0 -1
    outer loop
      vertex 61.71 -22 0
      vertex 76.47984082167552 -8.130159178324474 0
      vertex 77.10375 -8.60890152890062 0
    endloop
  endfacet
  facet normal 0 0 -1
    outer loop
      vertex 61.71 -22 0
      vertex 77.10375 -8.60890152890062 0
      vertex 77.83030762662867 -8.909851551695818 0
    endloop
  endfacet
  facet normal 0 0 -1
    outer loop
      vertex 61.71 -22 0
      vertex 77.83030762662867 -8.909851551695818 0
      vertex 78.61 -9.0125 0
    endloop
  endfacet
  facet normal 0 0 -1
    outer loop
      vertex 61.71 -22 0
      vertex 78.61 -9.0125 0
      vertex 79.38969237337133 -8.909851551695818 0
    endloop
  endfacet
  facet normal 0 0 -1
    outer loop
      vertex 61.71 -22 0
      vertex 79.38969237337133 -8.909851551695818 0
      vertex 80.11625 -8.60890152890062 0
    endloop
  endfacet
  facet normal 0 0 1
    outer loop
      vertex 81.35999999940395 -2.25 2
      vertex 84.60999999940395 -2.5 2
      vertex 82.10999999940395 0 2
    endloop
  endfacet
  facet normal 0 0 1
    outer loop
      vertex 82.10999999940395 0 2
      vertex 84.60999999940395 -2.5 2
      vertex 83.8777669519186 -0.7322330474853516 2
    endloop
  endfacet
  facet normal 0 0 1
    outer loop
      vertex 81.35999999940395 -2.25 2
      vertex 82.31105651706457 -2.9409830048680305 2
      vertex 84.60999999940395 -2.5 2
    endloop
  endfacet
  facet normal 0 0 1
    outer loop
      vertex 82.31105651706457 -2.9409830048680305 2
      vertex 82.35999999940395 -3.25 2
      vertex 84.60999999940395 -2.5 2
    endloop
  endfacet
  facet normal 0 0 -1
    outer loop
      vertex 84.60999999940395 -2.5 0
      vertex 79.38969237337133 -3.090148448304182 0
      vertex 78.61 -2.9875 0
    endloop
  endfacet
  facet normal 0 0 -1
    outer loop
      vertex 84.60999999940395 -2.5 0
      vertex 80.11625 -3.3910984710993786 0
      vertex 79.38969237337133 -3.090148448304182 0
    endloop
  endfacet
  facet normal 0 0 -1
    outer loop
      vertex 84.60999999940395 -2.5 0
      vertex 80.74015917832448 -3.8698408216755253 0
      vertex 80.11625 -3.3910984710993786 0
    endloop
  endfacet
  facet normal 0.38268343265006405 0.9238795323932465 0
    outer loop
      vertex 82.10999999940395 0 2
      vertex 83.8777669519186 -0.7322330474853516 2
      vertex 82.10999999940395 0 0
    endloop
  endfacet
  facet normal 0.9238795323932465 0.38268343265006405 0
    outer loop
      vertex 83.8777669519186 -0.7322330474853516 2
      vertex 84.60999999940395 -2.5 2
      vertex 83.8777669519186 -0.7322330474853516 0
    endloop
  endfacet
  facet normal 0.38268343265006405 0.9238795323932465 0
    outer loop
      vertex 83.8777669519186 -0.7322330474853516 2
      vertex 83.8777669519186 -0.7322330474853516 0
      vertex 82.10999999940395 0 0
    endloop
  endfacet
  facet normal 0.9238795323932465 0.38268343265006405 0
    outer loop
      vertex 84.60999999940395 -2.5 2
      vertex 84.60999999940395 -2.5 0
      vertex 83.8777669519186 -0.7322330474853516 0
    endloop
  endfacet
  facet normal 0 0 -1
    outer loop
      vertex 82.10999999940395 0 0
      vertex 83.8777669519186 -0.7322330474853516 0
      vertex 84.60999999940395 -2.5 0
    endloop
  endfacet
  facet normal 0 0 -1
    outer loop
      vertex 84.60999999940395 -2.5 0
      vertex 81.21890152890063 -4.49375 0
      vertex 80.74015917832448 -3.8698408216755253 0
    endloop
  endfacet
  facet normal 0 0 -1
    outer loop
      vertex 84.60999999940395 -2.5 0
      vertex 81.51985155169582 -5.220307626628656 0
      vertex 81.21890152890063 -4.49375 0
    endloop
  endfacet
  facet normal 0 0 -1
    outer loop
      vertex 84.60999999940395 -2.5 0
      vertex 81.62249999999999 -6 0
      vertex 81.51985155169582 -5.220307626628656 0
    endloop
  endfacet
  facet normal 0 0 -1
    outer loop
      vertex 84.60999999940395 -2.5 0
      vertex 81.51985155169582 -6.779692373371344 0
      vertex 81.62249999999999 -6 0
    endloop
  endfacet
  facet normal 0 0 -1
    outer loop
      vertex 84.60999999940395 -2.5 0
      vertex 81.21890152890063 -7.50625 0
      vertex 81.51985155169582 -6.779692373371344 0
    endloop
  endfacet
  facet normal 0 0 -1
    outer loop
      vertex 80.11625 -8.60890152890062 0
      vertex 80.74015917832448 -8.130159178324474 0
      vertex 61.129999999999995 -40.4 0
    endloop
  endfacet
  facet normal 0 0 -1
    outer loop
      vertex 61.71 -22 0
      vertex 80.11625 -8.60890152890062 0
      vertex 61.129999999999995 -40.4 0
    endloop
  endfacet
  facet normal 0 0 -1
    outer loop
      vertex 84.60999999940395 -2.5 0
      vertex 64.13 -40.4 0
      vertex 61.129999999999995 -40.4 0
    endloop
  endfacet
  facet normal 0 0 -1
    outer loop
      vertex 84.60999999940395 -2.5 0
      vertex 67.13 -40.4 0
      vertex 64.13 -40.4 0
    endloop
  endfacet
  facet normal 0 0 -1
    outer loop
      vertex 84.60999999940395 -2.5 0
      vertex 70.13 -40.4 0
      vertex 67.13 -40.4 0
    endloop
  endfacet
  facet normal 0 0 -1
    outer loop
      vertex 84.60999999940395 -2.5 0
      vertex 61.129999999999995 -40.4 0
      vertex 81.21890152890063 -7.50625 0
    endloop
  endfacet
  facet normal 0 0 -1
    outer loop
      vertex 80.74015917832448 -8.130159178324474 0
      vertex 81.21890152890063 -7.50625 0
      vertex 61.129999999999995 -40.4 0
    endloop
  endfacet
  facet normal 0 0 1
    outer loop
      vertex 82.35999999940395 -3.25 2
      vertex 84.60999999940395 -60.45000000298023 2
      vertex 84.60999999940395 -2.5 2
    endloop
  endfacet
  facet normal 1 0 0
    outer loop
      vertex 84.60999999940395 -2.5 2
      vertex 84.60999999940395 -60.45000000298023 2
      vertex 84.60999999940395 -2.5 0
    endloop
  endfacet
  facet normal 0 0 -1
    outer loop
      vertex 84.60999999940395 -2.5 0
      vertex 73.13 -40.4 0
      vertex 70.13 -40.4 0
    endloop
  endfacet
  facet normal 0 0 -1
    outer loop
      vertex 84.60999999940395 -2.5 0
      vertex 76.13 -40.4 0
      vertex 73.13 -40.4 0
    endloop
  endfacet
  facet normal 0 0 -1
    outer loop
      vertex 49.129999999999995 -40.4 0
      vertex 25.71 -22 0
      vertex 52.129999999999995 -40.4 0
    endloop
  endfacet
  facet normal 0 0 -1
    outer loop
      vertex 25.71 -22 0
      vertex 55.129999999999995 -40.4 0
      vertex 52.129999999999995 -40.4 0
    endloop
  endfacet
  facet normal 0 0 -1
    outer loop
      vertex 31.71 -22 0
      vertex 58.129999999999995 -40.4 0
      vertex 55.129999999999995 -40.4 0
    endloop
  endfacet
  facet normal 0 0 -1
    outer loop
      vertex 31.71 -22 0
      vertex 61.129999999999995 -40.4 0
      vertex 58.129999999999995 -40.4 0
    endloop
  endfacet
  facet normal 0 0 -1
    outer loop
      vertex 52.129999999999995 -40.4 0
      vertex 55.129999999999995 -40.4 0
      vertex 55.129999999999995 -55.55 0
    endloop
  endfacet
  facet normal 0 0 -1
    outer loop
      vertex 58.129999999999995 -40.4 0
      vertex 61.129999999999995 -40.4 0
      vertex 61.129999999999995 -55.55 0
    endloop
  endfacet
  facet normal 0 0 -1
    outer loop
      vertex 9.0125 -56.95 0
      vertex 58.129999999999995 -55.55 0
      vertex 61.129999999999995 -55.55 0
    endloop
  endfacet
  facet normal 0 0 -1
    outer loop
      vertex 9.0125 -56.95 0
      vertex 61.129999999999995 -55.55 0
      vertex 64.13 -55.55 0
    endloop
  endfacet
  facet normal 0 0 -1
    outer loop
      vertex 9.0125 -56.95 0
      vertex 64.13 -55.55 0
      vertex 67.13 -55.55 0
    endloop
  endfacet
  facet normal 0 0 -1
    outer loop
      vertex 9.0125 -56.95 0
      vertex 67.13 -55.55 0
      vertex 70.13 -55.55 0
    endloop
  endfacet
  facet normal 0 0 -1
    outer loop
      vertex 76.00109847109938 -58.456250000000004 0
      vertex 9.0125 -56.95 0
      vertex 70.13 -55.55 0
    endloop
  endfacet
  facet normal 0 0 -1
    outer loop
      vertex 0 -60.45000000298023 0
      vertex 76.00109847109938 -58.456250000000004 0
      vertex 76.47984082167552 -59.08015917832448 0
    endloop
  endfacet
  facet normal 0 0 -1
    outer loop
      vertex 0 -60.45000000298023 0
      vertex 76.47984082167552 -59.08015917832448 0
      vertex 77.10375 -59.55890152890062 0
    endloop
  endfacet
  facet normal 0 0 -1
    outer loop
      vertex 0 -60.45000000298023 0
      vertex 77.10375 -59.55890152890062 0
      vertex 77.83030762662865 -59.85985155169582 0
    endloop
  endfacet
  facet normal 0 0 -1
    outer loop
      vertex 52.129999999999995 -40.4 0
      vertex 55.129999999999995 -55.55 0
      vertex 52.129999999999995 -55.55 0
    endloop
  endfacet
  facet normal 0 0 -1
    outer loop
      vertex 58.129999999999995 -40.4 0
      vertex 61.129999999999995 -55.55 0
      vertex 58.129999999999995 -55.55 0
    endloop
  endfacet
  facet normal 0 0 1
    outer loop
      vertex 3.25 -60.70000000298023 2
      vertex 82.10999999940395 -62.95000000298023 2
      vertex 81.35999999940395 -60.70000000298023 2
    endloop
  endfacet
  facet normal 0 0 -1
    outer loop
      vertex 0 -60.45000000298023 0
      vertex 77.83030762662865 -59.85985155169582 0
      vertex 82.10999999940395 -62.95000000298023 0
    endloop
  endfacet
  facet normal 0 -1 0
    outer loop
      vertex 2.5 -62.95000000298023 2
      vertex 82.10999999940395 -62.95000000298023 0
      vertex 82.10999999940395 -62.95000000298023 2
    endloop
  endfacet
  facet normal 0 0 -1
    outer loop
      vertex 64.13 -40.4 0
      vertex 67.13 -40.4 0
      vertex 67.13 -55.55 0
    endloop
  endfacet
  facet normal 0 0 -1
    outer loop
      vertex 70.13 -40.4 0
      vertex 73.13 -40.4 0
      vertex 73.13 -55.55 0
    endloop
  endfacet
  facet normal 0 0 -1
    outer loop
      vertex 84.60999999940395 -2.5 0
      vertex 80.11625 -54.34109847109938 0
      vertex 76.13 -40.4 0
    endloop
  endfacet
  facet normal 0 0 -1
    outer loop
      vertex 84.60999999940395 -2.5 0
      vertex 80.74015917832448 -54.81984082167553 0
      vertex 80.11625 -54.34109847109938 0
    endloop
  endfacet
  facet normal 0 0 -1
    outer loop
      vertex 84.60999999940395 -2.5 0
      vertex 81.21890152890063 -55.44375000000001 0
      vertex 80.74015917832448 -54.81984082167553 0
    endloop
  endfacet
  facet normal 0 0 -1
    outer loop
      vertex 84.60999999940395 -2.5 0
      vertex 81.51985155169582 -56.170307626628656 0
      vertex 81.21890152890063 -55.44375000000001 0
    endloop
  endfacet
  facet normal 0 0 -1
    outer loop
      vertex 84.60999999940395 -2.5 0
      vertex 81.62249999999999 -56.95 0
      vertex 81.51985155169582 -56.170307626628656 0
    endloop
  endfacet
  facet normal 0 0 1
    outer loop
      vertex 82.35999999940395 -3.25 2
      vertex 82.35999999940395 -59.70000000298023 2
      vertex 84.60999999940395 -60.45000000298023 2
    endloop
  endfacet
  facet normal 0 0 -1
    outer loop
      vertex 84.60999999940395 -2.5 0
      vertex 84.60999999940395 -60.45000000298023 0
      vertex 81.62249999999999 -56.95 0
    endloop
  endfacet
  facet normal 1 0 0
    outer loop
      vertex 84.60999999940395 -2.5 0
      vertex 84.60999999940395 -60.45000000298023 2
      vertex 84.60999999940395 -60.45000000298023 0
    endloop
  endfacet
  facet normal 0 0 -1
    outer loop
      vertex 67.13 -55.55 0
      vertex 64.13 -55.55 0
      vertex 64.13 -40.4 0
    endloop
  endfacet
  facet normal 0 0 -1
    outer loop
      vertex 70.13 -55.55 0
      vertex 70.13 -40.4 0
      vertex 73.13 -55.55 0
    endloop
  endfacet
  facet normal 0 0 -1
    outer loop
      vertex 70.13 -55.55 0
      vertex 73.13 -55.55 0
      vertex 76.00109847109938 -58.456250000000004 0
    endloop
  endfacet
  facet normal 0 0 -1
    outer loop
      vertex 76.13 -40.4 0
      vertex 77.10375 -54.34109847109938 0
      vertex 76.47984082167552 -54.81984082167553 0
    endloop
  endfacet
  facet normal 0 0 -1
    outer loop
      vertex 76.13 -40.4 0
      vertex 76.47984082167552 -54.81984082167553 0
      vertex 76.13 -55.275762256938684 0
    endloop
  endfacet
  facet normal 0 0 -1
    outer loop
      vertex 76.13 -40.4 0
      vertex 77.83030762662867 -54.04014844830419 0
      vertex 77.10375 -54.34109847109938 0
    endloop
  endfacet
  facet normal 0 0 -1
    outer loop
      vertex 76.13 -40.4 0
      vertex 78.61 -53.9375 0
      vertex 77.83030762662867 -54.04014844830419 0
    endloop
  endfacet
  facet normal 0 0 -1
    outer loop
      vertex 76.13 -40.4 0
      vertex 79.38969237337133 -54.04014844830419 0
      vertex 78.61 -53.9375 0
    endloop
  endfacet
  facet normal 0 0 -1
    outer loop
      vertex 76.13 -40.4 0
      vertex 80.11625 -54.34109847109938 0
      vertex 79.38969237337133 -54.04014844830419 0
    endloop
  endfacet
  facet normal 0 0 -1
    outer loop
      vertex 73.13 -55.55 0
      vertex 75.95708828009724 -55.55 0
      vertex 75.70014844830419 -56.170307626628656 0
    endloop
  endfacet
  facet normal 0 0 -1
    outer loop
      vertex 73.13 -55.55 0
      vertex 75.70014844830419 -56.170307626628656 0
      vertex 75.59750000000001 -56.95 0
    endloop
  endfacet
  facet normal 0 0 -1
    outer loop
      vertex 73.13 -55.55 0
      vertex 75.59750000000001 -56.95 0
      vertex 75.70014844830418 -57.72969237337135 0
    endloop
  endfacet
  facet normal 0 0 -1
    outer loop
      vertex 73.13 -55.55 0
      vertex 75.70014844830418 -57.72969237337135 0
      vertex 76.00109847109938 -58.456250000000004 0
    endloop
  endfacet
  facet normal 0 0 -1
    outer loop
      vertex 84.60999999940395 -60.45000000298023 0
      vertex 81.51985155169582 -57.72969237337135 0
      vertex 81.62249999999999 -56.95 0
    endloop
  endfacet
  facet normal 0 0 -1
    outer loop
      vertex 84.60999999940395 -60.45000000298023 0
      vertex 81.21890152890063 -58.45625 0
      vertex 81.51985155169582 -57.72969237337135 0
    endloop
  endfacet
  facet normal 0 0 1
    outer loop
      vertex 81.35999999940395 -60.70000000298023 2
      vertex 82.10999999940395 -62.95000000298023 2
      vertex 81.66901699453592 -60.65105652064085 2
    endloop
  endfacet
  facet normal 0 0 1
    outer loop
      vertex 82.35999999940395 -59.70000000298023 2
      vertex 83.8777669519186 -62.21776695549488 2
      vertex 84.60999999940395 -60.45000000298023 2
    endloop
  endfacet
  facet normal 0 0 1
    outer loop
      vertex 81.66901699453592 -60.65105652064085 2
      vertex 82.10999999940395 -62.95000000298023 2
      vertex 82.35999999940395 -59.70000000298023 2
    endloop
  endfacet
  facet normal 0 0 1
    outer loop
      vertex 82.35999999940395 -59.70000000298023 2
      vertex 82.10999999940395 -62.95000000298023 2
      vertex 83.8777669519186 -62.21776695549488 2
    endloop
  endfacet
  facet normal 0 0 -1
    outer loop
      vertex 82.10999999940395 -62.95000000298023 0
      vertex 77.83030762662865 -59.85985155169582 0
      vertex 78.61 -59.962500000000006 0
    endloop
  endfacet
  facet normal 0 0 -1
    outer loop
      vertex 82.10999999940395 -62.95000000298023 0
      vertex 78.61 -59.962500000000006 0
      vertex 79.38969237337133 -59.85985155169582 0
    endloop
  endfacet
  facet normal 0 0 -1
    outer loop
      vertex 82.10999999940395 -62.95000000298023 0
      vertex 79.38969237337133 -59.85985155169582 0
      vertex 80.11625 -59.55890152890063 0
    endloop
  endfacet
  facet normal 0 0 -1
    outer loop
      vertex 82.10999999940395 -62.95000000298023 0
      vertex 80.11625 -59.55890152890063 0
      vertex 80.74015917832448 -59.08015917832448 0
    endloop
  endfacet
  facet normal 0 0 -1
    outer loop
      vertex 84.60999999940395 -60.45000000298023 0
      vertex 80.74015917832448 -59.08015917832448 0
      vertex 81.21890152890063 -58.45625 0
    endloop
  endfacet
  facet normal 0 0 -1
    outer loop
      vertex 84.60999999940395 -60.45000000298023 0
      vertex 83.8777669519186 -62.21776695549488 0
      vertex 80.74015917832448 -59.08015917832448 0
    endloop
  endfacet
  facet normal 0.9238795323932465 -0.38268343265006405 0
    outer loop
      vertex 84.60999999940395 -60.45000000298023 2
      vertex 83.8777669519186 -62.21776695549488 2
      vertex 84.60999999940395 -60.45000000298023 0
    endloop
  endfacet
  facet normal 0.38268343265006405 -0.9238795323932465 0
    outer loop
      vertex 82.10999999940395 -62.95000000298023 2
      vertex 83.8777669519186 -62.21776695549488 0
      vertex 83.8777669519186 -62.21776695549488 2
    endloop
  endfacet
  facet normal 0 0 -1
    outer loop
      vertex 82.10999999940395 -62.95000000298023 0
      vertex 80.74015917832448 -59.08015917832448 0
      vertex 83.8777669519186 -62.21776695549488 0
    endloop
  endfacet
  facet normal 0.38268343265006405 -0.9238795323932465 0
    outer loop
      vertex 82.10999999940395 -62.95000000298023 2
      vertex 82.10999999940395 -62.95000000298023 0
      vertex 83.8777669519186 -62.21776695549488 0
    endloop
  endfacet
  facet normal 0.9238795323932465 -0.38268343265006405 0
    outer loop
      vertex 83.8777669519186 -62.21776695549488 2
      vertex 83.8777669519186 -62.21776695549488 0
      vertex 84.60999999940395 -60.45000000298023 0
    endloop
  endfacet
  facet normal 0 0 1
    outer loop
      vertex 2.25 -3.25 3.5
      vertex 4.797918471982869 -4.797918471982869 3.5
      vertex 2.9409830048680305 -2.298943482339382 3.5
    endloop
  endfacet
  facet normal 0 0 1
    outer loop
      vertex 2.9409830048680305 -2.298943482339382 3.5
      vertex 6 -4.3 3.5
      vertex 3.25 -2.25 3.5
    endloop
  endfacet
  facet normal 0 0 1
    outer loop
      vertex 2.9409830048680305 -2.298943482339382 3.5
      vertex 4.797918471982869 -4.797918471982869 3.5
      vertex 5.15 -4.527756813566454 3.5
    endloop
  endfacet
  facet normal 0 0 1
    outer loop
      vertex 2.9409830048680305 -2.298943482339382 3.5
      vertex 5.15 -4.527756813566454 3.5
      vertex 5.560007623325715 -4.357926095308584 3.5
    endloop
  endfacet
  facet normal 0 0 1
    outer loop
      vertex 2.9409830048680305 -2.298943482339382 3.5
      vertex 5.560007623325715 -4.357926095308584 3.5
      vertex 6 -4.3 3.5
    endloop
  endfacet
  facet normal 0 0 1
    outer loop
      vertex 3.25 -2.25 3.5
      vertex 6 -4.3 3.5
      vertex 6.439992376674285 -4.357926095308584 3.5
    endloop
  endfacet
  facet normal 0 0 1
    outer loop
      vertex 2.25 -3.25 3.5
      vertex 4.527756813566454 -5.15 3.5
      vertex 4.797918471982869 -4.797918471982869 3.5
    endloop
  endfacet
  facet normal 0 0 1
    outer loop
      vertex 2.25 -3.25 3.5
      vertex 4.357926095308584 -5.560007623325715 3.5
      vertex 4.527756813566454 -5.15 3.5
    endloop
  endfacet
  facet normal 0 0 1
    outer loop
      vertex 2.25 -3.25 3.5
      vertex 4.3 -6 3.5
      vertex 4.357926095308584 -5.560007623325715 3.5
    endloop
  endfacet
  facet normal 0 0 1
    outer loop
      vertex 3.25 -2.25 3.5
      vertex 6.439992376674285 -4.357926095308584 3.5
      vertex 6.85 -4.527756813566454 3.5
    endloop
  endfacet
  facet normal 0 0 1
    outer loop
      vertex 3.25 -2.25 3.5
      vertex 6.85 -4.527756813566454 3.5
      vertex 13.71 -7 3.5
    endloop
  endfacet
  facet normal 0 0 1
    outer loop
      vertex 13.71 -7 3.5
      vertex 6.85 -4.527756813566454 3.5
      vertex 7.202081528017131 -4.797918471982869 3.5
    endloop
  endfacet
  facet normal 0 0 1
    outer loop
      vertex 13.71 -7 3.5
      vertex 7.202081528017131 -4.797918471982869 3.5
      vertex 7.472243186433546 -5.15 3.5
    endloop
  endfacet
  facet normal 0 0 1
    outer loop
      vertex 7.642073904691416 -5.560007623325715 3.5
      vertex 10.71 -7 3.5
      vertex 7.472243186433546 -5.15 3.5
    endloop
  endfacet
  facet normal 0 0 1
    outer loop
      vertex 7.7 -6 3.5
      vertex 10.71 -7 3.5
      vertex 7.642073904691416 -5.560007623325715 3.5
    endloop
  endfacet
  facet normal 0 0 1
    outer loop
      vertex 10.71 -7 3.5
      vertex 7.7 -6 3.5
      vertex 7.642073904691416 -6.439992376674285 3.5
    endloop
  endfacet
  facet normal 0 0 1
    outer loop
      vertex 10.71 -7 3.5
      vertex 7.642073904691416 -6.439992376674285 3.5
      vertex 7.472243186433546 -6.85 3.5
    endloop
  endfacet
  facet normal 0 0 1
    outer loop
      vertex 10.71 -7 3.5
      vertex 7.202081528017131 -7.202081528017131 3.5
      vertex 6.85 -7.472243186433546 3.5
    endloop
  endfacet
  facet normal 0 0 1
    outer loop
      vertex 7.202081528017131 -7.202081528017131 3.5
      vertex 10.71 -7 3.5
      vertex 7.472243186433546 -6.85 3.5
    endloop
  endfacet
  facet normal -0.809016995082469 0.587785251318653 0
    outer loop
      vertex 2.25 -3.25 3.5
      vertex 2.9409830048680305 -2.298943482339382 3.5
      vertex 2.25 -3.25 2
    endloop
  endfacet
  facet normal -0.15643446040884962 0.9876883413286764 0
    outer loop
      vertex 2.9409830048680305 -2.298943482339382 3.5
      vertex 3.25 -2.25 3.5
      vertex 2.9409830048680305 -2.298943482339382 2
    endloop
  endfacet
  facet normal -0.15643446040884962 0.9876883413286764 0
    outer loop
      vertex 3.25 -2.25 3.5
      vertex 3.25 -2.25 2
      vertex 2.9409830048680305 -2.298943482339382 2
    endloop
  endfacet
  facet normal -0.809016995082469 0.587785251318653 0
    outer loop
      vertex 2.9409830048680305 -2.298943482339382 3.5
      vertex 2.9409830048680305 -2.298943482339382 2
      vertex 2.25 -3.25 2
    endloop
  endfacet
  facet normal 0 0 1
    outer loop
      vertex 5.15 -7.472243186433546 3.5
      vertex 10.71 -22 3.5
      vertex 5.560007623325715 -7.642073904691416 3.5
    endloop
  endfacet
  facet normal 0 0 1
    outer loop
      vertex 5.560007623325715 -7.642073904691416 3.5
      vertex 10.71 -22 3.5
      vertex 6 -7.7 3.5
    endloop
  endfacet
  facet normal 0 0 1
    outer loop
      vertex 6 -7.7 3.5
      vertex 10.71 -22 3.5
      vertex 6.439992376674285 -7.642073904691416 3.5
    endloop
  endfacet
  facet normal 0 0 1
    outer loop
      vertex 6.439992376674285 -7.642073904691416 3.5
      vertex 10.71 -22 3.5
      vertex 6.85 -7.472243186433546 3.5
    endloop
  endfacet
  facet normal 0 0 1
    outer loop
      vertex 6.85 -7.472243186433546 3.5
      vertex 10.71 -22 3.5
      vertex 10.71 -7 3.5
    endloop
  endfacet
  facet normal 0 0 1
    outer loop
      vertex 3.25 -2.25 3.5
      vertex 13.71 -7 3.5
      vertex 16.71 -7 3.5
    endloop
  endfacet
  facet normal 0 0 1
    outer loop
      vertex 7.472243186433546 -5.15 3.5
      vertex 10.71 -7 3.5
      vertex 13.71 -7 3.5
    endloop
  endfacet
  facet normal 0 0 1
    outer loop
      vertex 3.25 -2.25 3.5
      vertex 16.71 -7 3.5
      vertex 19.71 -7 3.5
    endloop
  endfacet
  facet normal 0 0 1
    outer loop
      vertex 3.25 -2.25 3.5
      vertex 19.71 -7 3.5
      vertex 22.71 -7 3.5
    endloop
  endfacet
  facet normal 0 0 1
    outer loop
      vertex 3.25 -2.25 3.5
      vertex 22.71 -7 3.5
      vertex 25.71 -7 3.5
    endloop
  endfacet
  facet normal 0 0 1
    outer loop
      vertex 3.25 -2.25 3.5
      vertex 25.71 -7 3.5
      vertex 28.71 -7 3.5
    endloop
  endfacet
  facet normal 0 0 1
    outer loop
      vertex 13.71 -22 3.5
      vertex 16.71 -7 3.5
      vertex 13.71 -7 3.5
    endloop
  endfacet
  facet normal 0 0 1
    outer loop
      vertex 19.71 -22 3.5
      vertex 22.71 -7 3.5
      vertex 19.71 -7 3.5
    endloop
  endfacet
  facet normal 0 0 1
    outer loop
      vertex 2.25 -3.25 3.5
      vertex 2.25 -59.70000000298023 3.5
      vertex 4.3 -6 3.5
    endloop
  endfacet
  facet normal -1 0 0
    outer loop
      vertex 2.25 -3.25 3.5
      vertex 2.25 -3.25 2
      vertex 2.25 -59.70000000298023 2
    endloop
  endfacet
  facet normal 0 0 1
    outer loop
      vertex 2.25 -59.70000000298023 3.5
      vertex 4.357926095308584 -6.439992376674285 3.5
      vertex 4.3 -6 3.5
    endloop
  endfacet
  facet normal 0 0 1
    outer loop
      vertex 2.25 -59.70000000298023 3.5
      vertex 4.527756813566454 -6.85 3.5
      vertex 4.357926095308584 -6.439992376674285 3.5
    endloop
  endfacet
  facet normal 0 0 1
    outer loop
      vertex 2.25 -59.70000000298023 3.5
      vertex 4.797918471982869 -7.202081528017131 3.5
      vertex 4.527756813566454 -6.85 3.5
    endloop
  endfacet
  facet normal 0 0 1
    outer loop
      vertex 2.25 -59.70000000298023 3.5
      vertex 5.15 -7.472243186433546 3.5
      vertex 4.797918471982869 -7.202081528017131 3.5
    endloop
  endfacet
  facet normal 0 0 1
    outer loop
      vertex 2.25 -59.70000000298023 3.5
      vertex 10.71 -22 3.5
      vertex 5.15 -7.472243186433546 3.5
    endloop
  endfacet
  facet normal 0 0 1
    outer loop
      vertex 16.71 -7 3.5
      vertex 13.71 -22 3.5
      vertex 16.71 -22 3.5
    endloop
  endfacet
  facet normal 0 0 1
    outer loop
      vertex 3.25 -2.25 3.5
      vertex 28.71 -7 3.5
      vertex 31.71 -7 3.5
    endloop
  endfacet
  facet normal 0 0 1
    outer loop
      vertex 3.25 -2.25 3.5
      vertex 31.71 -7 3.5
      vertex 34.71 -7 3.5
    endloop
  endfacet
  facet normal 0 0 1
    outer loop
      vertex 3.25 -2.25 3.5
      vertex 34.71 -7 3.5
      vertex 37.71 -7 3.5
    endloop
  endfacet
  facet normal 0 0 1
    outer loop
      vertex 3.25 -2.25 3.5
      vertex 37.71 -7 3.5
      vertex 40.71 -7 3.5
    endloop
  endfacet
  facet normal 0 0 1
    outer loop
      vertex 3.25 -2.25 3.5
      vertex 40.71 -7 3.5
      vertex 43.71 -7 3.5
    endloop
  endfacet
  facet normal 0 0 1
    outer loop
      vertex 3.25 -2.25 3.5
      vertex 43.71 -7 3.5
      vertex 46.71 -7 3.5
    endloop
  endfacet
  facet normal 0 1 0
    outer loop
      vertex 3.25 -2.25 3.5
      vertex 81.35999999940395 -2.25 3.5
      vertex 3.25 -2.25 2
    endloop
  endfacet
  facet normal 0 0 1
    outer loop
      vertex 25.71 -22 3.5
      vertex 28.71 -7 3.5
      vertex 25.71 -7 3.5
    endloop
  endfacet
  facet normal 0 0 1
    outer loop
      vertex 3.25 -2.25 3.5
      vertex 46.71 -7 3.5
      vertex 49.71 -7 3.5
    endloop
  endfacet
  facet normal 0 0 1
    outer loop
      vertex 3.25 -2.25 3.5
      vertex 49.71 -7 3.5
      vertex 52.71 -7 3.5
    endloop
  endfacet
  facet normal 0 0 1
    outer loop
      vertex 3.25 -2.25 3.5
      vertex 52.71 -7 3.5
      vertex 55.71 -7 3.5
    endloop
  endfacet
  facet normal 0 0 1
    outer loop
      vertex 3.25 -2.25 3.5
      vertex 55.71 -7 3.5
      vertex 58.71 -7 3.5
    endloop
  endfacet
  facet normal 0 0 1
    outer loop
      vertex 3.25 -2.25 3.5
      vertex 58.71 -7 3.5
      vertex 61.71 -7 3.5
    endloop
  endfacet
  facet normal 0 0 1
    outer loop
      vertex 34.71 -7 3.5
      vertex 31.71 -7 3.5
      vertex 31.71 -22 3.5
    endloop
  endfacet
  facet normal 0 0 1
    outer loop
      vertex 37.71 -22 3.5
      vertex 40.71 -7 3.5
      vertex 37.71 -7 3.5
    endloop
  endfacet
  facet normal 0 0 1
    outer loop
      vertex 22.71 -7 3.5
      vertex 19.71 -22 3.5
      vertex 22.71 -22 3.5
    endloop
  endfacet
  facet normal 0 0 1
    outer loop
      vertex 28.71 -7 3.5
      vertex 25.71 -22 3.5
      vertex 28.71 -22 3.5
    endloop
  endfacet
  facet normal 0 0 1
    outer loop
      vertex 34.71 -7 3.5
      vertex 31.71 -22 3.5
      vertex 34.71 -22 3.5
    endloop
  endfacet
  facet normal 0 0 1
    outer loop
      vertex 40.71 -7 3.5
      vertex 37.71 -22 3.5
      vertex 40.71 -22 3.5
    endloop
  endfacet
  facet normal 0 0 1
    outer loop
      vertex 46.129999999999995 -36.4 3.5
      vertex 28.71 -22 3.5
      vertex 25.71 -22 3.5
    endloop
  endfacet
  facet normal 0 0 1
    outer loop
      vertex 50.129999999999995 -36.4 3.5
      vertex 31.71 -22 3.5
      vertex 28.71 -22 3.5
    endloop
  endfacet
  facet normal 0 0 1
    outer loop
      vertex 58.129999999999995 -40.4 3.5
      vertex 34.71 -22 3.5
      vertex 31.71 -22 3.5
    endloop
  endfacet
  facet normal 0 0 1
    outer loop
      vertex 13.71 -22 3.5
      vertex 10.71 -22 3.5
      vertex 7.202081528017131 -55.74791847198287 3.5
    endloop
  endfacet
  facet normal 0 0 1
    outer loop
      vertex 10.71 -22 3.5
      vertex 4.357926095308584 -56.51000762332572 3.5
      vertex 4.527756813566454 -56.1 3.5
    endloop
  endfacet
  facet normal 0 0 1
    outer loop
      vertex 10.71 -22 3.5
      vertex 5.560007623325715 -55.30792609530859 3.5
      vertex 6 -55.25 3.5
    endloop
  endfacet
  facet normal 0 0 1
    outer loop
      vertex 10.71 -22 3.5
      vertex 6 -55.25 3.5
      vertex 6.439992376674285 -55.30792609530859 3.5
    endloop
  endfacet
  facet normal 0 0 1
    outer loop
      vertex 10.71 -22 3.5
      vertex 4.797918471982869 -55.74791847198287 3.5
      vertex 5.15 -55.47775681356646 3.5
    endloop
  endfacet
  facet normal 0 0 1
    outer loop
      vertex 10.71 -22 3.5
      vertex 4.527756813566454 -56.1 3.5
      vertex 4.797918471982869 -55.74791847198287 3.5
    endloop
  endfacet
  facet normal 0 0 1
    outer loop
      vertex 10.71 -22 3.5
      vertex 5.15 -55.47775681356646 3.5
      vertex 5.560007623325715 -55.30792609530859 3.5
    endloop
  endfacet
  facet normal 0 0 1
    outer loop
      vertex 2.25 -59.70000000298023 3.5
      vertex 4.357926095308584 -56.51000762332572 3.5
      vertex 10.71 -22 3.5
    endloop
  endfacet
  facet normal 0 0 1
    outer loop
      vertex 10.71 -22 3.5
      vertex 6.439992376674285 -55.30792609530859 3.5
      vertex 6.85 -55.47775681356646 3.5
    endloop
  endfacet
  facet normal 0 0 1
    outer loop
      vertex 10.71 -22 3.5
      vertex 6.85 -55.47775681356646 3.5
      vertex 7.202081528017131 -55.74791847198287 3.5
    endloop
  endfacet
  facet normal -1 0 0
    outer loop
      vertex 2.25 -3.25 3.5
      vertex 2.25 -59.70000000298023 2
      vertex 2.25 -59.70000000298023 3.5
    endloop
  endfacet
  facet normal 0 0 1
    outer loop
      vertex 16.71 -22 3.5
      vertex 13.71 -22 3.5
      vertex 7.202081528017131 -55.74791847198287 3.5
    endloop
  endfacet
  facet normal 0 0 1
    outer loop
      vertex 19.71 -22 3.5
      vertex 16.71 -22 3.5
      vertex 7.202081528017131 -55.74791847198287 3.5
    endloop
  endfacet
  facet normal 0 0 1
    outer loop
      vertex 22.71 -22 3.5
      vertex 19.71 -22 3.5
      vertex 7.202081528017131 -55.74791847198287 3.5
    endloop
  endfacet
  facet normal 0 0 1
    outer loop
      vertex 25.71 -22 3.5
      vertex 22.71 -22 3.5
      vertex 7.202081528017131 -55.74791847198287 3.5
    endloop
  endfacet
  facet normal 0 0 1
    outer loop
      vertex 2.25 -59.70000000298023 3.5
      vertex 4.3 -56.95 3.5
      vertex 4.357926095308584 -56.51000762332572 3.5
    endloop
  endfacet
  facet normal 0 0 1
    outer loop
      vertex 2.25 -59.70000000298023 3.5
      vertex 4.357926095308584 -57.389992376674286 3.5
      vertex 4.3 -56.95 3.5
    endloop
  endfacet
  facet normal 0 0 1
    outer loop
      vertex 2.25 -59.70000000298023 3.5
      vertex 4.527756813566454 -57.800000000000004 3.5
      vertex 4.357926095308584 -57.389992376674286 3.5
    endloop
  endfacet
  facet normal 0 0 1
    outer loop
      vertex 2.25 -59.70000000298023 3.5
      vertex 4.797918471982869 -58.152081528017135 3.5
      vertex 4.527756813566454 -57.800000000000004 3.5
    endloop
  endfacet
  facet normal 0 0 1
    outer loop
      vertex 2.25 -59.70000000298023 3.5
      vertex 5.15 -58.42224318643355 3.5
      vertex 4.797918471982869 -58.152081528017135 3.5
    endloop
  endfacet
  facet normal 0 0 1
    outer loop
      vertex 2.25 -59.70000000298023 3.5
      vertex 5.560007623325715 -58.59207390469142 3.5
      vertex 5.15 -58.42224318643355 3.5
    endloop
  endfacet
  facet normal 0 0 1
    outer loop
      vertex 2.25 -59.70000000298023 3.5
      vertex 6 -58.650000000000006 3.5
      vertex 5.560007623325715 -58.59207390469142 3.5
    endloop
  endfacet
  facet normal 0 0 1
    outer loop
      vertex 2.25 -59.70000000298023 3.5
      vertex 2.298943482339382 -60.0090169981122 3.5
      vertex 3.25 -60.70000000298023 3.5
    endloop
  endfacet
  facet normal -0.9876883413286764 -0.15643446040884962 0
    outer loop
      vertex 2.25 -59.70000000298023 3.5
      vertex 2.298943482339382 -60.0090169981122 2
      vertex 2.298943482339382 -60.0090169981122 3.5
    endloop
  endfacet
  facet normal -0.9876883413286764 -0.15643446040884962 0
    outer loop
      vertex 2.25 -59.70000000298023 3.5
      vertex 2.25 -59.70000000298023 2
      vertex 2.298943482339382 -60.0090169981122 2
    endloop
  endfacet
  facet normal -0.587785251318653 -0.809016995082469 0
    outer loop
      vertex 2.298943482339382 -60.0090169981122 3.5
      vertex 2.298943482339382 -60.0090169981122 2
      vertex 3.25 -60.70000000298023 2
    endloop
  endfacet
  facet normal -0.587785251318653 -0.809016995082469 -3.148040376061474e-17
    outer loop
      vertex 2.298943482339382 -60.0090169981122 3.5
      vertex 3.25 -60.70000000298023 2
      vertex 3.25 -60.70000000298023 3.5
    endloop
  endfacet
  facet normal 0 0 1
    outer loop
      vertex 46.129999999999995 -36.4 3.5
      vertex 7.202081528017131 -55.74791847198287 3.5
      vertex 7.472243186433546 -56.1 3.5
    endloop
  endfacet
  facet normal 0 0 1
    outer loop
      vertex 46.129999999999995 -36.4 3.5
      vertex 7.472243186433546 -56.1 3.5
      vertex 7.642073904691416 -56.51000762332572 3.5
    endloop
  endfacet
  facet normal 0 0 1
    outer loop
      vertex 46.129999999999995 -36.4 3.5
      vertex 7.642073904691416 -56.51000762332572 3.5
      vertex 7.7 -56.95 3.5
    endloop
  endfacet
  facet normal 0 0 1
    outer loop
      vertex 46.129999999999995 -39.4 3.5
      vertex 7.7 -56.95 3.5
      vertex 7.642073904691416 -57.389992376674286 3.5
    endloop
  endfacet
  facet normal 0 0 1
    outer loop
      vertex 46.129999999999995 -39.4 3.5
      vertex 7.642073904691416 -57.389992376674286 3.5
      vertex 7.472243186433546 -57.800000000000004 3.5
    endloop
  endfacet
  facet normal 0 0 1
    outer loop
      vertex 2.25 -59.70000000298023 3.5
      vertex 52.129999999999995 -55.55 3.5
      vertex 6 -58.650000000000006 3.5
    endloop
  endfacet
  facet normal 0 0 1
    outer loop
      vertex 6.85 -58.42224318643355 3.5
      vertex 6.439992376674285 -58.59207390469142 3.5
      vertex 49.129999999999995 -55.55 3.5
    endloop
  endfacet
  facet normal 0 0 1
    outer loop
      vertex 7.202081528017131 -58.152081528017135 3.5
      vertex 6.85 -58.42224318643355 3.5
      vertex 49.129999999999995 -55.55 3.5
    endloop
  endfacet
  facet normal 0 0 1
    outer loop
      vertex 6.439992376674285 -58.59207390469142 3.5
      vertex 6 -58.650000000000006 3.5
      vertex 49.129999999999995 -55.55 3.5
    endloop
  endfacet
  facet normal 0 0 1
    outer loop
      vertex 46.129999999999995 -36.4 3.5
      vertex 25.71 -22 3.5
      vertex 7.202081528017131 -55.74791847198287 3.5
    endloop
  endfacet
  facet normal 0 0 1
    outer loop
      vertex 46.129999999999995 -36.4 3.5
      vertex 50.129999999999995 -36.4 3.5
      vertex 28.71 -22 3.5
    endloop
  endfacet
  facet normal 0 0 1
    outer loop
      vertex 46.129999999999995 -36.4 3.5
      vertex 7.7 -56.95 3.5
      vertex 46.129999999999995 -39.4 3.5
    endloop
  endfacet
  facet normal 0 0 1
    outer loop
      vertex 46.129999999999995 -39.4 3.5
      vertex 7.472243186433546 -57.800000000000004 3.5
      vertex 50.129999999999995 -39.4 3.5
    endloop
  endfacet
  facet normal 0 0 1
    outer loop
      vertex 50.129999999999995 -39.4 3.5
      vertex 7.472243186433546 -57.800000000000004 3.5
      vertex 49.129999999999995 -40.4 3.5
    endloop
  endfacet
  facet normal 0 0 1
    outer loop
      vertex 7.472243186433546 -57.800000000000004 3.5
      vertex 7.202081528017131 -58.152081528017135 3.5
      vertex 49.129999999999995 -55.55 3.5
    endloop
  endfacet
  facet normal 0 0 1
    outer loop
      vertex 2.25 -59.70000000298023 3.5
      vertex 3.25 -60.70000000298023 3.5
      vertex 81.35999999940395 -60.70000000298023 3.5
    endloop
  endfacet
  facet normal 0 -1 0
    outer loop
      vertex 3.25 -60.70000000298023 3.5
      vertex 3.25 -60.70000000298023 2
      vertex 81.35999999940395 -60.70000000298023 2
    endloop
  endfacet
  facet normal 0 0 1
    outer loop
      vertex 7.472243186433546 -57.800000000000004 3.5
      vertex 49.129999999999995 -55.55 3.5
      vertex 49.129999999999995 -40.4 3.5
    endloop
  endfacet
  facet normal 0 0 1
    outer loop
      vertex 6 -58.650000000000006 3.5
      vertex 52.129999999999995 -55.55 3.5
      vertex 49.129999999999995 -55.55 3.5
    endloop
  endfacet
  facet normal 0 0 1
    outer loop
      vertex 2.25 -59.70000000298023 3.5
      vertex 55.129999999999995 -55.55 3.5
      vertex 52.129999999999995 -55.55 3.5
    endloop
  endfacet
  facet normal 0 0 1
    outer loop
      vertex 2.25 -59.70000000298023 3.5
      vertex 58.129999999999995 -55.55 3.5
      vertex 55.129999999999995 -55.55 3.5
    endloop
  endfacet
  facet normal 0 0 1
    outer loop
      vertex 2.25 -59.70000000298023 3.5
      vertex 61.129999999999995 -55.55 3.5
      vertex 58.129999999999995 -55.55 3.5
    endloop
  endfacet
  facet normal 0 0 1
    outer loop
      vertex 3.25 -2.25 3.5
      vertex 61.71 -7 3.5
      vertex 78.17000762332572 -4.357926095308584 3.5
    endloop
  endfacet
  facet normal 0 0 1
    outer loop
      vertex 43.71 -22 3.5
      vertex 46.71 -7 3.5
      vertex 43.71 -7 3.5
    endloop
  endfacet
  facet normal 0 0 1
    outer loop
      vertex 49.71 -22 3.5
      vertex 52.71 -7 3.5
      vertex 49.71 -7 3.5
    endloop
  endfacet
  facet normal 0 0 1
    outer loop
      vertex 3.25 -2.25 3.5
      vertex 78.17000762332572 -4.357926095308584 3.5
      vertex 78.61 -4.3 3.5
    endloop
  endfacet
  facet normal 0 0 1
    outer loop
      vertex 3.25 -2.25 3.5
      vertex 78.61 -4.3 3.5
      vertex 82.35999999940395 -3.25 3.5
    endloop
  endfacet
  facet normal 0 0 1
    outer loop
      vertex 3.25 -2.25 3.5
      vertex 82.35999999940395 -3.25 3.5
      vertex 81.35999999940395 -2.25 3.5
    endloop
  endfacet
  facet normal 0 1 0
    outer loop
      vertex 3.25 -2.25 2
      vertex 81.35999999940395 -2.25 3.5
      vertex 81.35999999940395 -2.25 2
    endloop
  endfacet
  facet normal 0 0 1
    outer loop
      vertex 55.71 -22 3.5
      vertex 58.71 -7 3.5
      vertex 55.71 -7 3.5
    endloop
  endfacet
  facet normal 0 0 1
    outer loop
      vertex 66.71 -12.5 3.5
      vertex 61.71 -7 3.5
      vertex 61.71 -22 3.5
    endloop
  endfacet
  facet normal 0 0 1
    outer loop
      vertex 46.71 -7 3.5
      vertex 43.71 -22 3.5
      vertex 46.71 -22 3.5
    endloop
  endfacet
  facet normal 0 0 1
    outer loop
      vertex 52.71 -7 3.5
      vertex 49.71 -22 3.5
      vertex 52.71 -22 3.5
    endloop
  endfacet
  facet normal 0 0 1
    outer loop
      vertex 58.129999999999995 -40.4 3.5
      vertex 37.71 -22 3.5
      vertex 34.71 -22 3.5
    endloop
  endfacet
  facet normal 0 0 1
    outer loop
      vertex 58.129999999999995 -40.4 3.5
      vertex 40.71 -22 3.5
      vertex 37.71 -22 3.5
    endloop
  endfacet
  facet normal 0 0 1
    outer loop
      vertex 58.71 -7 3.5
      vertex 55.71 -22 3.5
      vertex 58.71 -22 3.5
    endloop
  endfacet
  facet normal 0 0 1
    outer loop
      vertex 75.21 -36.4 3.5
      vertex 43.71 -22 3.5
      vertex 40.71 -22 3.5
    endloop
  endfacet
  facet normal 0 0 1
    outer loop
      vertex 75.21 -36.4 3.5
      vertex 46.71 -22 3.5
      vertex 43.71 -22 3.5
    endloop
  endfacet
  facet normal 0 0 1
    outer loop
      vertex 75.21 -36.4 3.5
      vertex 49.71 -22 3.5
      vertex 46.71 -22 3.5
    endloop
  endfacet
  facet normal 0 0 1
    outer loop
      vertex 75.21 -36.4 3.5
      vertex 52.71 -22 3.5
      vertex 49.71 -22 3.5
    endloop
  endfacet
  facet normal 0 0 1
    outer loop
      vertex 75.21 -36.4 3.5
      vertex 55.71 -22 3.5
      vertex 52.71 -22 3.5
    endloop
  endfacet
  facet normal 0 0 1
    outer loop
      vertex 75.21 -36.4 3.5
      vertex 58.71 -22 3.5
      vertex 55.71 -22 3.5
    endloop
  endfacet
  facet normal 0 0 1
    outer loop
      vertex 61.71 -7 3.5
      vertex 77.76 -4.527756813566454 3.5
      vertex 78.17000762332572 -4.357926095308584 3.5
    endloop
  endfacet
  facet normal 0 0 1
    outer loop
      vertex 61.71 -7 3.5
      vertex 77.13775681356645 -5.15 3.5
      vertex 77.40791847198287 -4.797918471982869 3.5
    endloop
  endfacet
  facet normal 0 0 1
    outer loop
      vertex 61.71 -7 3.5
      vertex 77.40791847198287 -4.797918471982869 3.5
      vertex 77.76 -4.527756813566454 3.5
    endloop
  endfacet
  facet normal 0 0 1
    outer loop
      vertex 61.71 -7 3.5
      vertex 76.96792609530858 -5.560007623325715 3.5
      vertex 77.13775681356645 -5.15 3.5
    endloop
  endfacet
  facet normal 0 0 1
    outer loop
      vertex 61.71 -7 3.5
      vertex 76.91 -6 3.5
      vertex 76.96792609530858 -5.560007623325715 3.5
    endloop
  endfacet
  facet normal 0 0 1
    outer loop
      vertex 66.71 -12.5 3.5
      vertex 76.91 -6 3.5
      vertex 61.71 -7 3.5
    endloop
  endfacet
  facet normal 0 0 1
    outer loop
      vertex 66.71 -12.5 3.5
      vertex 72.71 -12.5 3.5
      vertex 76.91 -6 3.5
    endloop
  endfacet
  facet normal 0 0 1
    outer loop
      vertex 81.35999999940395 -2.25 3.5
      vertex 82.35999999940395 -3.25 3.5
      vertex 82.31105651706457 -2.9409830048680305 3.5
    endloop
  endfacet
  facet normal 0 0 1
    outer loop
      vertex 82.35999999940395 -3.25 3.5
      vertex 78.61 -4.3 3.5
      vertex 79.04999237667428 -4.357926095308584 3.5
    endloop
  endfacet
  facet normal 0 0 1
    outer loop
      vertex 82.35999999940395 -3.25 3.5
      vertex 79.04999237667428 -4.357926095308584 3.5
      vertex 79.46 -4.527756813566454 3.5
    endloop
  endfacet
  facet normal 0 0 1
    outer loop
      vertex 82.35999999940395 -3.25 3.5
      vertex 79.46 -4.527756813566454 3.5
      vertex 79.81208152801713 -4.797918471982869 3.5
    endloop
  endfacet
  facet normal 0 0 1
    outer loop
      vertex 82.35999999940395 -3.25 3.5
      vertex 79.81208152801713 -4.797918471982869 3.5
      vertex 80.08224318643354 -5.15 3.5
    endloop
  endfacet
  facet normal 0 0 1
    outer loop
      vertex 82.35999999940395 -3.25 3.5
      vertex 80.08224318643354 -5.15 3.5
      vertex 80.25207390469141 -5.560007623325715 3.5
    endloop
  endfacet
  facet normal 0 0 1
    outer loop
      vertex 82.35999999940395 -3.25 3.5
      vertex 80.25207390469141 -5.560007623325715 3.5
      vertex 80.31 -6 3.5
    endloop
  endfacet
  facet normal 0 0 1
    outer loop
      vertex 82.35999999940395 -3.25 3.5
      vertex 80.31 -6 3.5
      vertex 80.25207390469141 -6.439992376674285 3.5
    endloop
  endfacet
  facet normal 0.587785251318653 0.809016995082469 0
    outer loop
      vertex 81.35999999940395 -2.25 3.5
      vertex 82.31105651706457 -2.9409830048680305 3.5
      vertex 81.35999999940395 -2.25 2
    endloop
  endfacet
  facet normal 0.587785251318653 0.809016995082469 0
    outer loop
      vertex 82.31105651706457 -2.9409830048680305 3.5
      vertex 82.31105651706457 -2.9409830048680305 2
      vertex 81.35999999940395 -2.25 2
    endloop
  endfacet
  facet normal 0.9876883413286764 0.15643446040884962 0
    outer loop
      vertex 82.31105651706457 -2.9409830048680305 3.5
      vertex 82.35999999940395 -3.25 3.5
      vertex 82.31105651706457 -2.9409830048680305 2
    endloop
  endfacet
  facet normal 0.9876883413286764 0.15643446040884962 0
    outer loop
      vertex 82.35999999940395 -3.25 3.5
      vertex 82.35999999940395 -3.25 2
      vertex 82.31105651706457 -2.9409830048680305 2
    endloop
  endfacet
  facet normal 0 0 1
    outer loop
      vertex 72.71 -12.5 3.5
      vertex 76.96792609530858 -6.439992376674285 3.5
      vertex 76.91 -6 3.5
    endloop
  endfacet
  facet normal 0 0 1
    outer loop
      vertex 72.71 -12.5 3.5
      vertex 77.13775681356645 -6.85 3.5
      vertex 76.96792609530858 -6.439992376674285 3.5
    endloop
  endfacet
  facet normal 0 0 1
    outer loop
      vertex 72.71 -12.5 3.5
      vertex 77.40791847198287 -7.202081528017131 3.5
      vertex 77.13775681356645 -6.85 3.5
    endloop
  endfacet
  facet normal 0 0 1
    outer loop
      vertex 72.71 -12.5 3.5
      vertex 77.76 -7.472243186433546 3.5
      vertex 77.40791847198287 -7.202081528017131 3.5
    endloop
  endfacet
  facet normal 0 0 1
    outer loop
      vertex 72.71 -12.5 3.5
      vertex 78.17000762332572 -7.642073904691416 3.5
      vertex 77.76 -7.472243186433546 3.5
    endloop
  endfacet
  facet normal 0 0 1
    outer loop
      vertex 72.71 -12.5 3.5
      vertex 78.61 -7.7 3.5
      vertex 78.17000762332572 -7.642073904691416 3.5
    endloop
  endfacet
  facet normal 0 0 1
    outer loop
      vertex 72.71 -12.5 3.5
      vertex 79.04999237667428 -7.642073904691416 3.5
      vertex 78.61 -7.7 3.5
    endloop
  endfacet
  facet normal 0 0 1
    outer loop
      vertex 72.71 -12.5 3.5
      vertex 72.71 -16.5 3.5
      vertex 79.04999237667428 -7.642073904691416 3.5
    endloop
  endfacet
  facet normal 0 0 1
    outer loop
      vertex 82.35999999940395 -3.25 3.5
      vertex 80.25207390469141 -6.439992376674285 3.5
      vertex 79.21 -36.4 3.5
    endloop
  endfacet
  facet normal 0 0 1
    outer loop
      vertex 66.71 -12.5 3.5
      vertex 61.71 -22 3.5
      vertex 66.71 -16.5 3.5
    endloop
  endfacet
  facet normal 0 0 1
    outer loop
      vertex 66.71 -16.5 3.5
      vertex 75.21 -36.4 3.5
      vertex 72.71 -16.5 3.5
    endloop
  endfacet
  facet normal 0 0 1
    outer loop
      vertex 75.21 -36.4 3.5
      vertex 61.71 -22 3.5
      vertex 58.71 -22 3.5
    endloop
  endfacet
  facet normal 0 0 1
    outer loop
      vertex 66.71 -16.5 3.5
      vertex 61.71 -22 3.5
      vertex 75.21 -36.4 3.5
    endloop
  endfacet
  facet normal 0 0 1
    outer loop
      vertex 79.21 -36.4 3.5
      vertex 79.46 -7.472243186433546 3.5
      vertex 79.04999237667428 -7.642073904691416 3.5
    endloop
  endfacet
  facet normal 0 0 1
    outer loop
      vertex 72.71 -16.5 3.5
      vertex 79.21 -36.4 3.5
      vertex 79.04999237667428 -7.642073904691416 3.5
    endloop
  endfacet
  facet normal 0 0 1
    outer loop
      vertex 79.21 -36.4 3.5
      vertex 80.25207390469141 -6.439992376674285 3.5
      vertex 80.08224318643354 -6.85 3.5
    endloop
  endfacet
  facet normal 0 0 1
    outer loop
      vertex 79.21 -36.4 3.5
      vertex 79.81208152801713 -7.202081528017131 3.5
      vertex 79.46 -7.472243186433546 3.5
    endloop
  endfacet
  facet normal 0 0 1
    outer loop
      vertex 79.21 -36.4 3.5
      vertex 80.08224318643354 -6.85 3.5
      vertex 79.81208152801713 -7.202081528017131 3.5
    endloop
  endfacet
  facet normal 1 0 0
    outer loop
      vertex 82.35999999940395 -3.25 3.5
      vertex 82.35999999940395 -59.70000000298023 3.5
      vertex 82.35999999940395 -3.25 2
    endloop
  endfacet
  facet normal 0 0 1
    outer loop
      vertex 72.71 -16.5 3.5
      vertex 75.21 -36.4 3.5
      vertex 79.21 -36.4 3.5
    endloop
  endfacet
  facet normal 0 0 1
    outer loop
      vertex 50.129999999999995 -36.4 3.5
      vertex 58.129999999999995 -40.4 3.5
      vertex 31.71 -22 3.5
    endloop
  endfacet
  facet normal 0 0 1
    outer loop
      vertex 50.129999999999995 -36.4 3.5
      vertex 50.129999999999995 -39.4 3.5
      vertex 52.129999999999995 -40.4 3.5
    endloop
  endfacet
  facet normal 0 0 1
    outer loop
      vertex 50.129999999999995 -36.4 3.5
      vertex 52.129999999999995 -40.4 3.5
      vertex 55.129999999999995 -40.4 3.5
    endloop
  endfacet
  facet normal 0 0 1
    outer loop
      vertex 50.129999999999995 -39.4 3.5
      vertex 49.129999999999995 -40.4 3.5
      vertex 52.129999999999995 -40.4 3.5
    endloop
  endfacet
  facet normal 0 0 1
    outer loop
      vertex 40.71 -22 3.5
      vertex 58.129999999999995 -40.4 3.5
      vertex 61.129999999999995 -40.4 3.5
    endloop
  endfacet
  facet normal 0 0 1
    outer loop
      vertex 40.71 -22 3.5
      vertex 61.129999999999995 -40.4 3.5
      vertex 64.13 -40.4 3.5
    endloop
  endfacet
  facet normal 0 0 1
    outer loop
      vertex 40.71 -22 3.5
      vertex 64.13 -40.4 3.5
      vertex 67.13 -40.4 3.5
    endloop
  endfacet
  facet normal 0 0 1
    outer loop
      vertex 50.129999999999995 -36.4 3.5
      vertex 55.129999999999995 -40.4 3.5
      vertex 58.129999999999995 -40.4 3.5
    endloop
  endfacet
  facet normal 0 0 1
    outer loop
      vertex 40.71 -22 3.5
      vertex 67.13 -40.4 3.5
      vertex 70.13 -40.4 3.5
    endloop
  endfacet
  facet normal 0 0 1
    outer loop
      vertex 40.71 -22 3.5
      vertex 70.13 -40.4 3.5
      vertex 73.13 -40.4 3.5
    endloop
  endfacet
  facet normal 0 0 1
    outer loop
      vertex 40.71 -22 3.5
      vertex 73.13 -40.4 3.5
      vertex 76.13 -40.4 3.5
    endloop
  endfacet
  facet normal 0 0 1
    outer loop
      vertex 52.129999999999995 -55.55 3.5
      vertex 55.129999999999995 -40.4 3.5
      vertex 52.129999999999995 -40.4 3.5
    endloop
  endfacet
  facet normal 0 0 1
    outer loop
      vertex 58.129999999999995 -55.55 3.5
      vertex 61.129999999999995 -40.4 3.5
      vertex 58.129999999999995 -40.4 3.5
    endloop
  endfacet
  facet normal 0 0 1
    outer loop
      vertex 2.25 -59.70000000298023 3.5
      vertex 64.13 -55.55 3.5
      vertex 61.129999999999995 -55.55 3.5
    endloop
  endfacet
  facet normal 0 0 1
    outer loop
      vertex 2.25 -59.70000000298023 3.5
      vertex 67.13 -55.55 3.5
      vertex 64.13 -55.55 3.5
    endloop
  endfacet
  facet normal 0 0 1
    outer loop
      vertex 2.25 -59.70000000298023 3.5
      vertex 70.13 -55.55 3.5
      vertex 67.13 -55.55 3.5
    endloop
  endfacet
  facet normal 0 0 1
    outer loop
      vertex 2.25 -59.70000000298023 3.5
      vertex 77.40791847198287 -58.152081528017135 3.5
      vertex 70.13 -55.55 3.5
    endloop
  endfacet
  facet normal 0 0 1
    outer loop
      vertex 2.25 -59.70000000298023 3.5
      vertex 77.76 -58.42224318643355 3.5
      vertex 77.40791847198287 -58.152081528017135 3.5
    endloop
  endfacet
  facet normal 0 0 1
    outer loop
      vertex 2.25 -59.70000000298023 3.5
      vertex 78.17000762332572 -58.59207390469142 3.5
      vertex 77.76 -58.42224318643355 3.5
    endloop
  endfacet
  facet normal 0 0 1
    outer loop
      vertex 52.129999999999995 -55.55 3.5
      vertex 55.129999999999995 -55.55 3.5
      vertex 55.129999999999995 -40.4 3.5
    endloop
  endfacet
  facet normal 0 0 1
    outer loop
      vertex 61.129999999999995 -40.4 3.5
      vertex 58.129999999999995 -55.55 3.5
      vertex 61.129999999999995 -55.55 3.5
    endloop
  endfacet
  facet normal 0 0 1
    outer loop
      vertex 2.25 -59.70000000298023 3.5
      vertex 81.35999999940395 -60.70000000298023 3.5
      vertex 78.17000762332572 -58.59207390469142 3.5
    endloop
  endfacet
  facet normal 0 -1 0
    outer loop
      vertex 3.25 -60.70000000298023 3.5
      vertex 81.35999999940395 -60.70000000298023 2
      vertex 81.35999999940395 -60.70000000298023 3.5
    endloop
  endfacet
  facet normal 0 0 1
    outer loop
      vertex 75.21 -36.4 3.5
      vertex 40.71 -22 3.5
      vertex 75.21 -39.4 3.5
    endloop
  endfacet
  facet normal 0 0 1
    outer loop
      vertex 75.21 -39.4 3.5
      vertex 40.71 -22 3.5
      vertex 76.13 -40.4 3.5
    endloop
  endfacet
  facet normal 0 0 1
    outer loop
      vertex 64.13 -55.55 3.5
      vertex 67.13 -40.4 3.5
      vertex 64.13 -40.4 3.5
    endloop
  endfacet
  facet normal 0 0 1
    outer loop
      vertex 70.13 -55.55 3.5
      vertex 73.13 -40.4 3.5
      vertex 70.13 -40.4 3.5
    endloop
  endfacet
  facet normal 0 0 1
    outer loop
      vertex 82.35999999940395 -3.25 3.5
      vertex 79.21 -36.4 3.5
      vertex 82.35999999940395 -59.70000000298023 3.5
    endloop
  endfacet
  facet normal 0 0 1
    outer loop
      vertex 75.21 -39.4 3.5
      vertex 76.13 -40.4 3.5
      vertex 79.21 -39.4 3.5
    endloop
  endfacet
  facet normal 0 0 1
    outer loop
      vertex 79.21 -39.4 3.5
      vertex 76.13 -40.4 3.5
      vertex 82.35999999940395 -59.70000000298023 3.5
    endloop
  endfacet
  facet normal 0 0 1
    outer loop
      vertex 79.21 -36.4 3.5
      vertex 79.21 -39.4 3.5
      vertex 82.35999999940395 -59.70000000298023 3.5
    endloop
  endfacet
  facet normal 1 0 0
    outer loop
      vertex 82.35999999940395 -3.25 2
      vertex 82.35999999940395 -59.70000000298023 3.5
      vertex 82.35999999940395 -59.70000000298023 2
    endloop
  endfacet
  facet normal 0 0 1
    outer loop
      vertex 67.13 -40.4 3.5
      vertex 64.13 -55.55 3.5
      vertex 67.13 -55.55 3.5
    endloop
  endfacet
  facet normal 0 0 1
    outer loop
      vertex 73.13 -40.4 3.5
      vertex 70.13 -55.55 3.5
      vertex 73.13 -55.55 3.5
    endloop
  endfacet
  facet normal 0 0 1
    outer loop
      vertex 77.13775681356645 -57.800000000000004 3.5
      vertex 73.13 -55.55 3.5
      vertex 70.13 -55.55 3.5
    endloop
  endfacet
  facet normal 0 0 1
    outer loop
      vertex 76.13 -40.4 3.5
      vertex 76.13 -55.55 3.5
      vertex 78.61 -55.25 3.5
    endloop
  endfacet
  facet normal 0 0 1
    outer loop
      vertex 76.13 -40.4 3.5
      vertex 78.61 -55.25 3.5
      vertex 79.04999237667428 -55.30792609530859 3.5
    endloop
  endfacet
  facet normal 0 0 1
    outer loop
      vertex 76.13 -40.4 3.5
      vertex 79.04999237667428 -55.30792609530859 3.5
      vertex 79.46 -55.47775681356646 3.5
    endloop
  endfacet
  facet normal 0 0 1
    outer loop
      vertex 76.13 -40.4 3.5
      vertex 79.46 -55.47775681356646 3.5
      vertex 79.81208152801713 -55.74791847198287 3.5
    endloop
  endfacet
  facet normal 0 0 1
    outer loop
      vertex 76.13 -40.4 3.5
      vertex 79.81208152801713 -55.74791847198287 3.5
      vertex 80.08224318643354 -56.1 3.5
    endloop
  endfacet
  facet normal 0 0 1
    outer loop
      vertex 76.13 -40.4 3.5
      vertex 80.08224318643354 -56.1 3.5
      vertex 80.25207390469141 -56.51000762332572 3.5
    endloop
  endfacet
  facet normal 0 0 1
    outer loop
      vertex 82.35999999940395 -59.70000000298023 3.5
      vertex 76.13 -40.4 3.5
      vertex 80.25207390469141 -56.51000762332572 3.5
    endloop
  endfacet
  facet normal 0 0 1
    outer loop
      vertex 77.13775681356645 -56.1 3.5
      vertex 76.13 -55.55 3.5
      vertex 73.13 -55.55 3.5
    endloop
  endfacet
  facet normal 0 0 1
    outer loop
      vertex 77.13775681356645 -56.1 3.5
      vertex 73.13 -55.55 3.5
      vertex 76.96792609530858 -56.51000762332572 3.5
    endloop
  endfacet
  facet normal 0 0 1
    outer loop
      vertex 73.13 -55.55 3.5
      vertex 76.91 -56.95 3.5
      vertex 76.96792609530858 -56.51000762332572 3.5
    endloop
  endfacet
  facet normal 0 0 1
    outer loop
      vertex 73.13 -55.55 3.5
      vertex 76.96792609530858 -57.389992376674286 3.5
      vertex 76.91 -56.95 3.5
    endloop
  endfacet
  facet normal 0 0 1
    outer loop
      vertex 73.13 -55.55 3.5
      vertex 77.13775681356645 -57.800000000000004 3.5
      vertex 76.96792609530858 -57.389992376674286 3.5
    endloop
  endfacet
  facet normal 0 0 1
    outer loop
      vertex 77.40791847198287 -58.152081528017135 3.5
      vertex 77.13775681356645 -57.800000000000004 3.5
      vertex 70.13 -55.55 3.5
    endloop
  endfacet
  facet normal 0 0 1
    outer loop
      vertex 77.40791847198287 -55.74791847198287 3.5
      vertex 76.13 -55.55 3.5
      vertex 77.13775681356645 -56.1 3.5
    endloop
  endfacet
  facet normal 0 0 1
    outer loop
      vertex 76.13 -55.55 3.5
      vertex 77.40791847198287 -55.74791847198287 3.5
      vertex 77.76 -55.47775681356646 3.5
    endloop
  endfacet
  facet normal 0 0 1
    outer loop
      vertex 76.13 -55.55 3.5
      vertex 77.76 -55.47775681356646 3.5
      vertex 78.17000762332572 -55.30792609530859 3.5
    endloop
  endfacet
  facet normal 0 0 1
    outer loop
      vertex 76.13 -55.55 3.5
      vertex 78.17000762332572 -55.30792609530859 3.5
      vertex 78.61 -55.25 3.5
    endloop
  endfacet
  facet normal 0 0 1
    outer loop
      vertex 82.35999999940395 -59.70000000298023 3.5
      vertex 80.25207390469141 -56.51000762332572 3.5
      vertex 80.31 -56.95 3.5
    endloop
  endfacet
  facet normal 0 0 1
    outer loop
      vertex 82.35999999940395 -59.70000000298023 3.5
      vertex 80.31 -56.95 3.5
      vertex 80.25207390469141 -57.389992376674286 3.5
    endloop
  endfacet
  facet normal 0 0 1
    outer loop
      vertex 82.35999999940395 -59.70000000298023 3.5
      vertex 80.25207390469141 -57.389992376674286 3.5
      vertex 80.08224318643354 -57.800000000000004 3.5
    endloop
  endfacet
  facet normal 0 0 1
    outer loop
      vertex 82.35999999940395 -59.70000000298023 3.5
      vertex 80.08224318643354 -57.800000000000004 3.5
      vertex 79.81208152801713 -58.152081528017135 3.5
    endloop
  endfacet
  facet normal 0 0 1
    outer loop
      vertex 81.35999999940395 -60.70000000298023 3.5
      vertex 78.61 -58.650000000000006 3.5
      vertex 78.17000762332572 -58.59207390469142 3.5
    endloop
  endfacet
  facet normal 0 0 1
    outer loop
      vertex 81.66901699453592 -60.65105652064085 3.5
      vertex 79.04999237667428 -58.59207390469142 3.5
      vertex 78.61 -58.650000000000006 3.5
    endloop
  endfacet
  facet normal 0 0 1
    outer loop
      vertex 81.66901699453592 -60.65105652064085 3.5
      vertex 79.46 -58.42224318643355 3.5
      vertex 79.04999237667428 -58.59207390469142 3.5
    endloop
  endfacet
  facet normal 0 0 1
    outer loop
      vertex 81.66901699453592 -60.65105652064085 3.5
      vertex 79.81208152801713 -58.152081528017135 3.5
      vertex 79.46 -58.42224318643355 3.5
    endloop
  endfacet
  facet normal 0 0 1
    outer loop
      vertex 81.35999999940395 -60.70000000298023 3.5
      vertex 81.66901699453592 -60.65105652064085 3.5
      vertex 78.61 -58.650000000000006 3.5
    endloop
  endfacet
  facet normal 0 0 1
    outer loop
      vertex 81.66901699453592 -60.65105652064085 3.5
      vertex 82.35999999940395 -59.70000000298023 3.5
      vertex 79.81208152801713 -58.152081528017135 3.5
    endloop
  endfacet
  facet normal 0.15643446040884962 -0.9876883413286764 0
    outer loop
      vertex 81.35999999940395 -60.70000000298023 3.5
      vertex 81.66901699453592 -60.65105652064085 2
      vertex 81.66901699453592 -60.65105652064085 3.5
    endloop
  endfacet
  facet normal 0.809016995082469 -0.587785251318653 0
    outer loop
      vertex 81.66901699453592 -60.65105652064085 3.5
      vertex 81.66901699453592 -60.65105652064085 2
      vertex 82.35999999940395 -59.70000000298023 2
    endloop
  endfacet
  facet normal 0.15643446040884962 -0.9876883413286764 0
    outer loop
      vertex 81.35999999940395 -60.70000000298023 3.5
      vertex 81.35999999940395 -60.70000000298023 2
      vertex 81.66901699453592 -60.65105652064085 2
    endloop
  endfacet
  facet normal 0.809016995082469 -0.587785251318653 3.148040376061474e-17
    outer loop
      vertex 81.66901699453592 -60.65105652064085 3.5
      vertex 82.35999999940395 -59.70000000298023 2
      vertex 82.35999999940395 -59.70000000298023 3.5
    endloop
  endfacet
  facet normal 0 0 1
    outer loop
      vertex 66.71 -12.5 24.14
      vertex 66.71 -16.5 24.14
      vertex 72.71 -16.5 24.14
    endloop
  endfacet
  facet normal 0 0 1
    outer loop
      vertex 66.71 -12.5 24.14
      vertex 72.71 -16.5 24.14
      vertex 72.71 -12.5 24.14
    endloop
  endfacet
  facet normal -1 0 0
    outer loop
      vertex 66.71 -12.5 24.14
      vertex 66.71 -12.5 3.5
      vertex 66.71 -16.5 24.14
    endloop
  endfacet
  facet normal 0 1 0
    outer loop
      vertex 66.71 -12.5 24.14
      vertex 72.71 -12.5 24.14
      vertex 72.71 -12.5 3.5
    endloop
  endfacet
  facet normal 1 0 0
    outer loop
      vertex 72.71 -12.5 24.14
      vertex 72.71 -16.5 24.14
      vertex 72.71 -16.5 3.5
    endloop
  endfacet
  facet normal 0 -1 0
    outer loop
      vertex 66.71 -16.5 24.14
      vertex 66.71 -16.5 3.5
      vertex 72.71 -16.5 24.14
    endloop
  endfacet
  facet normal 0 1 0
    outer loop
      vertex 66.71 -12.5 24.14
      vertex 72.71 -12.5 3.5
      vertex 66.71 -12.5 3.5
    endloop
  endfacet
  facet normal -1 0 0
    outer loop
      vertex 66.71 -16.5 24.14
      vertex 66.71 -12.5 3.5
      vertex 66.71 -16.5 3.5
    endloop
  endfacet
  facet normal 1 0 0
    outer loop
      vertex 72.71 -12.5 24.14
      vertex 72.71 -16.5 3.5
      vertex 72.71 -12.5 3.5
    endloop
  endfacet
  facet normal 0 -1 0
    outer loop
      vertex 72.71 -16.5 24.14
      vertex 66.71 -16.5 3.5
      vertex 72.71 -16.5 3.5
    endloop
  endfacet
  facet normal 0.6087614290087195 -0.793353340291236 0
    outer loop
      vertex 4.797918471982869 -4.797918471982869 1.5
      vertex 5.15 -4.527756813566454 3.5
      vertex 4.797918471982869 -4.797918471982869 3.5
    endloop
  endfacet
  facet normal 0.38268343236508934 -0.923879532511287 0
    outer loop
      vertex 5.15 -4.527756813566454 1.5
      vertex 5.560007623325715 -4.357926095308584 3.5
      vertex 5.15 -4.527756813566454 3.5
    endloop
  endfacet
  facet normal 0.793353340291236 -0.6087614290087195 0
    outer loop
      vertex 4.527756813566454 -5.15 1.5
      vertex 4.797918471982869 -4.797918471982869 3.5
      vertex 4.527756813566454 -5.15 3.5
    endloop
  endfacet
  facet normal 0.923879532511287 -0.38268343236508934 0
    outer loop
      vertex 4.357926095308584 -5.560007623325715 1.5
      vertex 4.527756813566454 -5.15 3.5
      vertex 4.357926095308584 -5.560007623325715 3.5
    endloop
  endfacet
  facet normal 0.9914448613738104 -0.13052619222005254 0
    outer loop
      vertex 4.3 -6 1.5
      vertex 4.357926095308584 -5.560007623325715 3.5
      vertex 4.3 -6 3.5
    endloop
  endfacet
  facet normal 0.793353340291236 -0.6087614290087195 -4.617899531598872e-18
    outer loop
      vertex 4.527756813566454 -5.15 1.5
      vertex 4.797918471982869 -4.797918471982869 1.5
      vertex 4.797918471982869 -4.797918471982869 3.5
    endloop
  endfacet
  facet normal 0.6087614290087195 -0.793353340291236 0
    outer loop
      vertex 5.15 -4.527756813566454 1.5
      vertex 5.15 -4.527756813566454 3.5
      vertex 4.797918471982869 -4.797918471982869 1.5
    endloop
  endfacet
  facet normal 0.923879532511287 -0.38268343236508934 7.743664116659358e-18
    outer loop
      vertex 4.357926095308584 -5.560007623325715 1.5
      vertex 4.527756813566454 -5.15 1.5
      vertex 4.527756813566454 -5.15 3.5
    endloop
  endfacet
  facet normal 0.9914448613738104 -0.13052619222005254 0
    outer loop
      vertex 4.357926095308584 -5.560007623325715 1.5
      vertex 4.357926095308584 -5.560007623325715 3.5
      vertex 4.3 -6 1.5
    endloop
  endfacet
  facet normal 0.9914448613738104 0.13052619222005254 0
    outer loop
      vertex 4.357926095308584 -6.439992376674285 1.5
      vertex 4.3 -6 3.5
      vertex 4.357926095308584 -6.439992376674285 3.5
    endloop
  endfacet
  facet normal 0.923879532511287 0.38268343236508934 0
    outer loop
      vertex 4.527756813566454 -6.85 1.5
      vertex 4.357926095308584 -6.439992376674285 3.5
      vertex 4.527756813566454 -6.85 3.5
    endloop
  endfacet
  facet normal 0.793353340291236 0.6087614290087195 0
    outer loop
      vertex 4.797918471982869 -7.202081528017131 1.5
      vertex 4.527756813566454 -6.85 3.5
      vertex 4.797918471982869 -7.202081528017131 3.5
    endloop
  endfacet
  facet normal 0.6087614290087195 0.793353340291236 0
    outer loop
      vertex 5.15 -7.472243186433546 1.5
      vertex 4.797918471982869 -7.202081528017131 3.5
      vertex 5.15 -7.472243186433546 3.5
    endloop
  endfacet
  facet normal 0.9914448613738104 0.13052619222005254 0
    outer loop
      vertex 4.3 -6 1.5
      vertex 4.3 -6 3.5
      vertex 4.357926095308584 -6.439992376674285 1.5
    endloop
  endfacet
  facet normal 0.923879532511287 0.38268343236508934 0
    outer loop
      vertex 4.357926095308584 -6.439992376674285 1.5
      vertex 4.357926095308584 -6.439992376674285 3.5
      vertex 4.527756813566454 -6.85 1.5
    endloop
  endfacet
  facet normal 0.793353340291236 0.6087614290087195 0
    outer loop
      vertex 4.527756813566454 -6.85 1.5
      vertex 4.527756813566454 -6.85 3.5
      vertex 4.797918471982869 -7.202081528017131 1.5
    endloop
  endfacet
  facet normal 0.6087614290087195 0.793353340291236 0
    outer loop
      vertex 4.797918471982869 -7.202081528017131 1.5
      vertex 4.797918471982869 -7.202081528017131 3.5
      vertex 5.15 -7.472243186433546 1.5
    endloop
  endfacet
  facet normal 0.38268343236508934 0.923879532511287 0
    outer loop
      vertex 5.15 -7.472243186433546 1.5
      vertex 5.15 -7.472243186433546 3.5
      vertex 5.560007623325715 -7.642073904691416 1.5
    endloop
  endfacet
  facet normal 0.13052619222005254 -0.9914448613738104 0
    outer loop
      vertex 5.560007623325715 -4.357926095308584 1.5
      vertex 6 -4.3 3.5
      vertex 5.560007623325715 -4.357926095308584 3.5
    endloop
  endfacet
  facet normal -0.13052619222005254 -0.9914448613738104 0
    outer loop
      vertex 6 -4.3 1.5
      vertex 6.439992376674285 -4.357926095308584 3.5
      vertex 6 -4.3 3.5
    endloop
  endfacet
  facet normal -0.38268343236508934 -0.923879532511287 0
    outer loop
      vertex 6.439992376674285 -4.357926095308584 1.5
      vertex 6.85 -4.527756813566454 3.5
      vertex 6.439992376674285 -4.357926095308584 3.5
    endloop
  endfacet
  facet normal -0.6087614290087195 -0.793353340291236 0
    outer loop
      vertex 6.85 -4.527756813566454 1.5
      vertex 7.202081528017131 -4.797918471982869 3.5
      vertex 6.85 -4.527756813566454 3.5
    endloop
  endfacet
  facet normal -0.793353340291236 -0.6087614290087195 0
    outer loop
      vertex 7.202081528017131 -4.797918471982869 1.5
      vertex 7.472243186433546 -5.15 3.5
      vertex 7.202081528017131 -4.797918471982869 3.5
    endloop
  endfacet
  facet normal -0.923879532511287 -0.38268343236508934 0
    outer loop
      vertex 7.472243186433546 -5.15 1.5
      vertex 7.642073904691416 -5.560007623325715 3.5
      vertex 7.472243186433546 -5.15 3.5
    endloop
  endfacet
  facet normal -0.9914448613738104 -0.13052619222005254 0
    outer loop
      vertex 7.642073904691416 -5.560007623325715 1.5
      vertex 7.7 -6 3.5
      vertex 7.642073904691416 -5.560007623325715 3.5
    endloop
  endfacet
  facet normal 0.38268343236508934 -0.923879532511287 7.743664116659358e-18
    outer loop
      vertex 5.15 -4.527756813566454 1.5
      vertex 5.560007623325715 -4.357926095308584 1.5
      vertex 5.560007623325715 -4.357926095308584 3.5
    endloop
  endfacet
  facet normal 0.13052619222005254 -0.9914448613738104 -1.743443881530346e-18
    outer loop
      vertex 5.560007623325715 -4.357926095308584 1.5
      vertex 6 -4.3 1.5
      vertex 6 -4.3 3.5
    endloop
  endfacet
  facet normal -0.13052619222005254 -0.9914448613738104 1.743443881530346e-18
    outer loop
      vertex 6 -4.3 1.5
      vertex 6.439992376674285 -4.357926095308584 1.5
      vertex 6.439992376674285 -4.357926095308584 3.5
    endloop
  endfacet
  facet normal -0.38268343236508934 -0.923879532511287 -7.743664116659358e-18
    outer loop
      vertex 6.439992376674285 -4.357926095308584 1.5
      vertex 6.85 -4.527756813566454 1.5
      vertex 6.85 -4.527756813566454 3.5
    endloop
  endfacet
  facet normal -0.6087614290087195 -0.793353340291236 4.617899531598872e-18
    outer loop
      vertex 6.85 -4.527756813566454 1.5
      vertex 7.202081528017131 -4.797918471982869 1.5
      vertex 7.202081528017131 -4.797918471982869 3.5
    endloop
  endfacet
  facet normal -0.793353340291236 -0.6087614290087195 4.617899531598872e-18
    outer loop
      vertex 7.202081528017131 -4.797918471982869 1.5
      vertex 7.472243186433546 -5.15 1.5
      vertex 7.472243186433546 -5.15 3.5
    endloop
  endfacet
  facet normal -0.923879532511287 -0.38268343236508934 -7.743664116659358e-18
    outer loop
      vertex 7.472243186433546 -5.15 1.5
      vertex 7.642073904691416 -5.560007623325715 1.5
      vertex 7.642073904691416 -5.560007623325715 3.5
    endloop
  endfacet
  facet normal -0.9914448613738104 -0.13052619222005254 1.743443881530346e-18
    outer loop
      vertex 7.642073904691416 -5.560007623325715 1.5
      vertex 7.7 -6 1.5
      vertex 7.7 -6 3.5
    endloop
  endfacet
  facet normal 0.38268343236508934 0.923879532511287 0
    outer loop
      vertex 5.560007623325715 -7.642073904691416 1.5
      vertex 5.15 -7.472243186433546 3.5
      vertex 5.560007623325715 -7.642073904691416 3.5
    endloop
  endfacet
  facet normal 0.13052619222005254 0.9914448613738104 0
    outer loop
      vertex 6 -7.7 1.5
      vertex 5.560007623325715 -7.642073904691416 3.5
      vertex 6 -7.7 3.5
    endloop
  endfacet
  facet normal -0.13052619222005254 0.9914448613738104 0
    outer loop
      vertex 6.439992376674285 -7.642073904691416 1.5
      vertex 6 -7.7 3.5
      vertex 6.439992376674285 -7.642073904691416 3.5
    endloop
  endfacet
  facet normal -0.9914448613738104 0.13052619222005254 0
    outer loop
      vertex 7.7 -6 1.5
      vertex 7.642073904691416 -6.439992376674285 3.5
      vertex 7.7 -6 3.5
    endloop
  endfacet
  facet normal -0.923879532511287 0.38268343236508934 0
    outer loop
      vertex 7.642073904691416 -6.439992376674285 1.5
      vertex 7.472243186433546 -6.85 3.5
      vertex 7.642073904691416 -6.439992376674285 3.5
    endloop
  endfacet
  facet normal -0.6087614290087195 0.793353340291236 0
    outer loop
      vertex 7.202081528017131 -7.202081528017131 1.5
      vertex 6.85 -7.472243186433546 3.5
      vertex 7.202081528017131 -7.202081528017131 3.5
    endloop
  endfacet
  facet normal -0.38268343236508934 0.923879532511287 0
    outer loop
      vertex 6.85 -7.472243186433546 1.5
      vertex 6.439992376674285 -7.642073904691416 3.5
      vertex 6.85 -7.472243186433546 3.5
    endloop
  endfacet
  facet normal -0.793353340291236 0.6087614290087195 0
    outer loop
      vertex 7.472243186433546 -6.85 1.5
      vertex 7.202081528017131 -7.202081528017131 3.5
      vertex 7.472243186433546 -6.85 3.5
    endloop
  endfacet
  facet normal 0.13052619222005254 0.9914448613738104 0
    outer loop
      vertex 5.560007623325715 -7.642073904691416 1.5
      vertex 5.560007623325715 -7.642073904691416 3.5
      vertex 6 -7.7 1.5
    endloop
  endfacet
  facet normal -0.13052619222005254 0.9914448613738104 0
    outer loop
      vertex 6 -7.7 1.5
      vertex 6 -7.7 3.5
      vertex 6.439992376674285 -7.642073904691416 1.5
    endloop
  endfacet
  facet normal -0.38268343236508934 0.923879532511287 0
    outer loop
      vertex 6.439992376674285 -7.642073904691416 1.5
      vertex 6.439992376674285 -7.642073904691416 3.5
      vertex 6.85 -7.472243186433546 1.5
    endloop
  endfacet
  facet normal -0.9914448613738104 0.13052619222005254 -1.743443881530346e-18
    outer loop
      vertex 7.7 -6 1.5
      vertex 7.642073904691416 -6.439992376674285 1.5
      vertex 7.642073904691416 -6.439992376674285 3.5
    endloop
  endfacet
  facet normal -0.923879532511287 0.38268343236508934 7.743664116659358e-18
    outer loop
      vertex 7.642073904691416 -6.439992376674285 1.5
      vertex 7.472243186433546 -6.85 1.5
      vertex 7.472243186433546 -6.85 3.5
    endloop
  endfacet
  facet normal -0.6087614290087195 0.793353340291236 -4.617899531598872e-18
    outer loop
      vertex 7.202081528017131 -7.202081528017131 1.5
      vertex 6.85 -7.472243186433546 1.5
      vertex 6.85 -7.472243186433546 3.5
    endloop
  endfacet
  facet normal -0.793353340291236 0.6087614290087195 0
    outer loop
      vertex 7.202081528017131 -7.202081528017131 1.5
      vertex 7.202081528017131 -7.202081528017131 3.5
      vertex 7.472243186433546 -6.85 1.5
    endloop
  endfacet
  facet normal 0.45984141272647805 -0.599276996548292 -0.6552960831179868
    outer loop
      vertex 5.15 -4.527756813566454 1.5
      vertex 3.8698408216755253 -3.8698408216755253 0
      vertex 4.49375 -3.3910984710993786 0
    endloop
  endfacet
  facet normal 0.28906839655122085 -0.6978728434074007 -0.6552960831179867
    outer loop
      vertex 5.560007623325715 -4.357926095308584 1.5
      vertex 4.49375 -3.3910984710993786 0
      vertex 5.220307626628656 -3.090148448304182 0
    endloop
  endfacet
  facet normal 0.7489098092776991 -0.0985958468591101 -0.6552960831179867
    outer loop
      vertex 4.357926095308584 -5.560007623325715 1.5
      vertex 4.3 -6 1.5
      vertex 2.9875 -6 0
    endloop
  endfacet
  facet normal 0.4598414127264776 -0.5992769965482924 -0.6552960831179866
    outer loop
      vertex 5.15 -4.527756813566454 1.5
      vertex 4.797918471982869 -4.797918471982869 1.5
      vertex 3.8698408216755253 -3.8698408216755253 0
    endloop
  endfacet
  facet normal 0.5992769965482921 -0.4598414127264775 -0.6552960831179868
    outer loop
      vertex 4.527756813566454 -5.15 1.5
      vertex 3.3910984710993786 -4.49375 0
      vertex 4.797918471982869 -4.797918471982869 1.5
    endloop
  endfacet
  facet normal 0.2890683965512204 -0.6978728434074012 -0.6552960831179867
    outer loop
      vertex 5.15 -4.527756813566454 1.5
      vertex 4.49375 -3.3910984710993786 0
      vertex 5.560007623325715 -4.357926095308584 1.5
    endloop
  endfacet
  facet normal 0.6978728434074011 -0.2890683965512203 -0.6552960831179869
    outer loop
      vertex 4.357926095308584 -5.560007623325715 1.5
      vertex 3.090148448304182 -5.220307626628656 0
      vertex 4.527756813566454 -5.15 1.5
    endloop
  endfacet
  facet normal 0.697872843407401 -0.2890683965512208 -0.6552960831179868
    outer loop
      vertex 4.527756813566454 -5.15 1.5
      vertex 3.090148448304182 -5.220307626628656 0
      vertex 3.3910984710993786 -4.49375 0
    endloop
  endfacet
  facet normal 0.748909809277699 -0.09859584685910956 -0.6552960831179868
    outer loop
      vertex 4.357926095308584 -5.560007623325715 1.5
      vertex 2.9875 -6 0
      vertex 3.090148448304182 -5.220307626628656 0
    endloop
  endfacet
  facet normal 0.599276996548292 -0.45984141272647805 -0.6552960831179866
    outer loop
      vertex 4.797918471982869 -4.797918471982869 1.5
      vertex 3.3910984710993786 -4.49375 0
      vertex 3.8698408216755253 -3.8698408216755253 0
    endloop
  endfacet
  facet normal 0.7489098092776989 0.09859584685911008 -0.6552960831179868
    outer loop
      vertex 4.3 -6 1.5
      vertex 4.357926095308584 -6.439992376674285 1.5
      vertex 3.090148448304182 -6.779692373371344 0
    endloop
  endfacet
  facet normal 0.6978728434074012 0.2890683965512204 -0.6552960831179867
    outer loop
      vertex 4.357926095308584 -6.439992376674285 1.5
      vertex 4.527756813566454 -6.85 1.5
      vertex 3.3910984710993786 -7.50625 0
    endloop
  endfacet
  facet normal 0.5992769965482924 0.45984141272647766 -0.6552960831179866
    outer loop
      vertex 4.527756813566454 -6.85 1.5
      vertex 4.797918471982869 -7.202081528017131 1.5
      vertex 3.8698408216755253 -8.130159178324474 0
    endloop
  endfacet
  facet normal 0.4598414127264776 0.5992769965482924 -0.6552960831179866
    outer loop
      vertex 4.797918471982869 -7.202081528017131 1.5
      vertex 5.15 -7.472243186433546 1.5
      vertex 4.49375 -8.60890152890062 0
    endloop
  endfacet
  facet normal 0.7489098092776991 0.09859584685910958 -0.6552960831179867
    outer loop
      vertex 4.3 -6 1.5
      vertex 3.090148448304182 -6.779692373371344 0
      vertex 2.9875 -6 0
    endloop
  endfacet
  facet normal 0.6978728434074007 0.28906839655122085 -0.6552960831179867
    outer loop
      vertex 4.357926095308584 -6.439992376674285 1.5
      vertex 3.3910984710993786 -7.50625 0
      vertex 3.090148448304182 -6.779692373371344 0
    endloop
  endfacet
  facet normal 0.5992769965482917 0.45984141272647816 -0.6552960831179868
    outer loop
      vertex 4.527756813566454 -6.85 1.5
      vertex 3.8698408216755253 -8.130159178324474 0
      vertex 3.3910984710993786 -7.50625 0
    endloop
  endfacet
  facet normal 0.09859584685911008 -0.7489098092776989 -0.6552960831179868
    outer loop
      vertex 5.560007623325715 -4.357926095308584 1.5
      vertex 5.220307626628656 -3.090148448304182 0
      vertex 6 -4.3 1.5
    endloop
  endfacet
  facet normal -0.0985958468591101 -0.7489098092776991 -0.6552960831179867
    outer loop
      vertex 6 -4.3 1.5
      vertex 6 -2.9875 0
      vertex 6.439992376674285 -4.357926095308584 1.5
    endloop
  endfacet
  facet normal 0.09859584685910958 -0.7489098092776991 -0.6552960831179867
    outer loop
      vertex 6 -4.3 1.5
      vertex 5.220307626628656 -3.090148448304182 0
      vertex 6 -2.9875 0
    endloop
  endfacet
  facet normal -0.09859584685910969 -0.748909809277699 -0.6552960831179868
    outer loop
      vertex 6.439992376674285 -4.357926095308584 1.5
      vertex 6 -2.9875 0
      vertex 6.7796923733713435 -3.090148448304182 0
    endloop
  endfacet
  facet normal -0.2890683965512206 -0.6978728434074011 -0.6552960831179868
    outer loop
      vertex 6.85 -4.527756813566454 1.5
      vertex 6.7796923733713435 -3.090148448304182 0
      vertex 7.50625 -3.3910984710993786 0
    endloop
  endfacet
  facet normal -0.2890683965512203 -0.6978728434074011 -0.6552960831179868
    outer loop
      vertex 6.439992376674285 -4.357926095308584 1.5
      vertex 6.7796923733713435 -3.090148448304182 0
      vertex 6.85 -4.527756813566454 1.5
    endloop
  endfacet
  facet normal -0.4598414127264775 -0.5992769965482921 -0.6552960831179868
    outer loop
      vertex 6.85 -4.527756813566454 1.5
      vertex 7.50625 -3.3910984710993786 0
      vertex 7.202081528017131 -4.797918471982869 1.5
    endloop
  endfacet
  facet normal -0.5992769965482924 -0.45984141272647766 -0.6552960831179866
    outer loop
      vertex 7.202081528017131 -4.797918471982869 1.5
      vertex 8.130159178324474 -3.8698408216755253 0
      vertex 7.472243186433546 -5.15 1.5
    endloop
  endfacet
  facet normal -0.6978728434074014 -0.28906839655122046 -0.6552960831179865
    outer loop
      vertex 7.472243186433546 -5.15 1.5
      vertex 8.60890152890062 -4.49375 0
      vertex 7.642073904691416 -5.560007623325715 1.5
    endloop
  endfacet
  facet normal -0.4598414127264783 -0.5992769965482919 -0.6552960831179866
    outer loop
      vertex 7.202081528017131 -4.797918471982869 1.5
      vertex 7.50625 -3.3910984710993786 0
      vertex 8.130159178324474 -3.8698408216755253 0
    endloop
  endfacet
  facet normal -0.5992769965482924 0.4598414127264776 -0.6552960831179866
    outer loop
      vertex 7.202081528017131 -7.202081528017131 1.5
      vertex 7.472243186433546 -6.85 1.5
      vertex 8.60890152890062 -7.50625 0
    endloop
  endfacet
  facet normal -0.45984141272647766 0.5992769965482924 -0.6552960831179864
    outer loop
      vertex 7.202081528017131 -7.202081528017131 1.5
      vertex 8.130159178324474 -8.130159178324474 0
      vertex 6.85 -7.472243186433546 1.5
    endloop
  endfacet
  facet normal -0.7489098092776991 -0.0985958468591101 -0.6552960831179867
    outer loop
      vertex 7.642073904691416 -5.560007623325715 1.5
      vertex 8.909851551695818 -5.220307626628656 0
      vertex 7.7 -6 1.5
    endloop
  endfacet
  facet normal -0.5992769965482923 -0.4598414127264778 -0.6552960831179866
    outer loop
      vertex 7.472243186433546 -5.15 1.5
      vertex 8.130159178324474 -3.8698408216755253 0
      vertex 8.60890152890062 -4.49375 0
    endloop
  endfacet
  facet normal -0.6978728434074007 -0.28906839655122124 -0.6552960831179867
    outer loop
      vertex 7.642073904691416 -5.560007623325715 1.5
      vertex 8.60890152890062 -4.49375 0
      vertex 8.909851551695818 -5.220307626628656 0
    endloop
  endfacet
  facet normal -0.7489098092776993 -0.09859584685910919 -0.6552960831179865
    outer loop
      vertex 7.7 -6 1.5
      vertex 8.909851551695818 -5.220307626628656 0
      vertex 9.0125 -6 0
    endloop
  endfacet
  facet normal -0.7489098092776993 0.09859584685911013 -0.6552960831179864
    outer loop
      vertex 7.7 -6 1.5
      vertex 9.0125 -6 0
      vertex 7.642073904691416 -6.439992376674285 1.5
    endloop
  endfacet
  facet normal -0.6978728434074011 0.28906839655122035 -0.6552960831179868
    outer loop
      vertex 7.642073904691416 -6.439992376674285 1.5
      vertex 8.909851551695818 -6.779692373371344 0
      vertex 7.472243186433546 -6.85 1.5
    endloop
  endfacet
  facet normal -0.7489098092776992 0.09859584685910917 -0.6552960831179867
    outer loop
      vertex 7.642073904691416 -6.439992376674285 1.5
      vertex 9.0125 -6 0
      vertex 8.909851551695818 -6.779692373371344 0
    endloop
  endfacet
  facet normal -0.6978728434074009 0.2890683965512213 -0.6552960831179866
    outer loop
      vertex 7.472243186433546 -6.85 1.5
      vertex 8.909851551695818 -6.779692373371344 0
      vertex 8.60890152890062 -7.50625 0
    endloop
  endfacet
  facet normal -0.5992769965482921 0.4598414127264781 -0.6552960831179866
    outer loop
      vertex 7.202081528017131 -7.202081528017131 1.5
      vertex 8.60890152890062 -7.50625 0
      vertex 8.130159178324474 -8.130159178324474 0
    endloop
  endfacet
  facet normal 0.4598414127264778 0.5992769965482923 -0.6552960831179866
    outer loop
      vertex 4.797918471982869 -7.202081528017131 1.5
      vertex 4.49375 -8.60890152890062 0
      vertex 3.8698408216755253 -8.130159178324474 0
    endloop
  endfacet
  facet normal 0.28906839655122135 0.697872843407401 -0.6552960831179865
    outer loop
      vertex 5.15 -7.472243186433546 1.5
      vertex 5.220307626628656 -8.909851551695818 0
      vertex 4.49375 -8.60890152890062 0
    endloop
  endfacet
  facet normal 0.28906839655122035 0.6978728434074011 -0.6552960831179868
    outer loop
      vertex 5.15 -7.472243186433546 1.5
      vertex 5.560007623325715 -7.642073904691416 1.5
      vertex 5.220307626628656 -8.909851551695818 0
    endloop
  endfacet
  facet normal 0.09859584685911013 0.7489098092776993 -0.6552960831179864
    outer loop
      vertex 5.560007623325715 -7.642073904691416 1.5
      vertex 6 -7.7 1.5
      vertex 6 -9.0125 0
    endloop
  endfacet
  facet normal -0.0985958468591101 0.7489098092776991 -0.6552960831179867
    outer loop
      vertex 6 -7.7 1.5
      vertex 6.439992376674285 -7.642073904691416 1.5
      vertex 6.779692373371344 -8.909851551695818 0
    endloop
  endfacet
  facet normal -0.28906839655122046 0.6978728434074014 -0.6552960831179865
    outer loop
      vertex 6.439992376674285 -7.642073904691416 1.5
      vertex 6.85 -7.472243186433546 1.5
      vertex 7.50625 -8.60890152890062 0
    endloop
  endfacet
  facet normal 0.09859584685910917 0.7489098092776992 -0.6552960831179867
    outer loop
      vertex 5.560007623325715 -7.642073904691416 1.5
      vertex 6 -9.0125 0
      vertex 5.220307626628656 -8.909851551695818 0
    endloop
  endfacet
  facet normal -0.09859584685910919 0.7489098092776993 -0.6552960831179865
    outer loop
      vertex 6 -7.7 1.5
      vertex 6.779692373371344 -8.909851551695818 0
      vertex 6 -9.0125 0
    endloop
  endfacet
  facet normal -0.28906839655122124 0.6978728434074007 -0.6552960831179867
    outer loop
      vertex 6.439992376674285 -7.642073904691416 1.5
      vertex 7.50625 -8.60890152890062 0
      vertex 6.779692373371344 -8.909851551695818 0
    endloop
  endfacet
  facet normal -0.459841412726478 0.599276996548292 -0.6552960831179866
    outer loop
      vertex 6.85 -7.472243186433546 1.5
      vertex 8.130159178324474 -8.130159178324474 0
      vertex 7.50625 -8.60890152890062 0
    endloop
  endfacet
  facet normal 0.6087614290087128 -0.7933533402912413 0
    outer loop
      vertex 77.40791847198287 -4.797918471982869 1.5
      vertex 77.76 -4.527756813566454 3.5
      vertex 77.40791847198287 -4.797918471982869 3.5
    endloop
  endfacet
  facet normal 0.38268343236509217 -0.9238795325112859 0
    outer loop
      vertex 77.76 -4.527756813566454 1.5
      vertex 78.17000762332572 -4.357926095308584 3.5
      vertex 77.76 -4.527756813566454 3.5
    endloop
  endfacet
  facet normal 0.7933533402912379 -0.608761429008717 0
    outer loop
      vertex 77.13775681356645 -5.15 1.5
      vertex 77.40791847198287 -4.797918471982869 3.5
      vertex 77.13775681356645 -5.15 3.5
    endloop
  endfacet
  facet normal 0.9914448613738093 -0.13052619222006043 0
    outer loop
      vertex 76.91 -6 1.5
      vertex 76.96792609530858 -5.560007623325715 3.5
      vertex 76.91 -6 3.5
    endloop
  endfacet
  facet normal 0.923879532511287 -0.38268343236508934 0
    outer loop
      vertex 76.96792609530858 -5.560007623325715 1.5
      vertex 77.13775681356645 -5.15 3.5
      vertex 76.96792609530858 -5.560007623325715 3.5
    endloop
  endfacet
  facet normal 0.13052619222005307 -0.9914448613738103 0
    outer loop
      vertex 78.17000762332572 -4.357926095308584 1.5
      vertex 78.61 -4.3 3.5
      vertex 78.17000762332572 -4.357926095308584 3.5
    endloop
  endfacet
  facet normal -0.13052619222005307 -0.9914448613738103 0
    outer loop
      vertex 78.61 -4.3 1.5
      vertex 79.04999237667428 -4.357926095308584 3.5
      vertex 78.61 -4.3 3.5
    endloop
  endfacet
  facet normal -0.38268343236509217 -0.9238795325112859 0
    outer loop
      vertex 79.04999237667428 -4.357926095308584 1.5
      vertex 79.46 -4.527756813566454 3.5
      vertex 79.04999237667428 -4.357926095308584 3.5
    endloop
  endfacet
  facet normal 0.7933533402912379 -0.608761429008717 -5.656657654067648e-18
    outer loop
      vertex 77.13775681356645 -5.15 1.5
      vertex 77.40791847198287 -4.797918471982869 1.5
      vertex 77.40791847198287 -4.797918471982869 3.5
    endloop
  endfacet
  facet normal 0.6087614290087128 -0.7933533402912413 0
    outer loop
      vertex 77.76 -4.527756813566454 1.5
      vertex 77.76 -4.527756813566454 3.5
      vertex 77.40791847198287 -4.797918471982869 1.5
    endloop
  endfacet
  facet normal 0.923879532511287 -0.38268343236508934 7.743664116659358e-18
    outer loop
      vertex 76.96792609530858 -5.560007623325715 1.5
      vertex 77.13775681356645 -5.15 1.5
      vertex 77.13775681356645 -5.15 3.5
    endloop
  endfacet
  facet normal 0.9914448613738093 -0.13052619222006043 0
    outer loop
      vertex 76.96792609530858 -5.560007623325715 1.5
      vertex 76.96792609530858 -5.560007623325715 3.5
      vertex 76.91 -6 1.5
    endloop
  endfacet
  facet normal 0.38268343236509217 -0.9238795325112859 2.907537233774722e-19
    outer loop
      vertex 77.76 -4.527756813566454 1.5
      vertex 78.17000762332572 -4.357926095308584 1.5
      vertex 78.17000762332572 -4.357926095308584 3.5
    endloop
  endfacet
  facet normal 0.13052619222005307 -0.9914448613738103 -4.0723136347503904e-19
    outer loop
      vertex 78.17000762332572 -4.357926095308584 1.5
      vertex 78.61 -4.3 1.5
      vertex 78.61 -4.3 3.5
    endloop
  endfacet
  facet normal -0.13052619222005307 -0.9914448613738103 4.0723136347503904e-19
    outer loop
      vertex 78.61 -4.3 1.5
      vertex 79.04999237667428 -4.357926095308584 1.5
      vertex 79.04999237667428 -4.357926095308584 3.5
    endloop
  endfacet
  facet normal 0.9914448613738093 0.13052619222006043 0
    outer loop
      vertex 76.96792609530858 -6.439992376674285 1.5
      vertex 76.91 -6 3.5
      vertex 76.96792609530858 -6.439992376674285 3.5
    endloop
  endfacet
  facet normal 0.923879532511287 0.38268343236508934 0
    outer loop
      vertex 77.13775681356645 -6.85 1.5
      vertex 76.96792609530858 -6.439992376674285 3.5
      vertex 77.13775681356645 -6.85 3.5
    endloop
  endfacet
  facet normal 0.7933533402912379 0.608761429008717 0
    outer loop
      vertex 77.40791847198287 -7.202081528017131 1.5
      vertex 77.13775681356645 -6.85 3.5
      vertex 77.40791847198287 -7.202081528017131 3.5
    endloop
  endfacet
  facet normal 0.6087614290087128 0.7933533402912413 0
    outer loop
      vertex 77.76 -7.472243186433546 1.5
      vertex 77.40791847198287 -7.202081528017131 3.5
      vertex 77.76 -7.472243186433546 3.5
    endloop
  endfacet
  facet normal 0.38268343236509217 0.9238795325112859 0
    outer loop
      vertex 78.17000762332572 -7.642073904691416 1.5
      vertex 77.76 -7.472243186433546 3.5
      vertex 78.17000762332572 -7.642073904691416 3.5
    endloop
  endfacet
  facet normal 0.13052619222005307 0.9914448613738103 0
    outer loop
      vertex 78.61 -7.7 1.5
      vertex 78.17000762332572 -7.642073904691416 3.5
      vertex 78.61 -7.7 3.5
    endloop
  endfacet
  facet normal -0.13052619222005307 0.9914448613738103 0
    outer loop
      vertex 79.04999237667428 -7.642073904691416 1.5
      vertex 78.61 -7.7 3.5
      vertex 79.04999237667428 -7.642073904691416 3.5
    endloop
  endfacet
  facet normal 0.9914448613738093 0.13052619222006043 0
    outer loop
      vertex 76.91 -6 1.5
      vertex 76.91 -6 3.5
      vertex 76.96792609530858 -6.439992376674285 1.5
    endloop
  endfacet
  facet normal 0.923879532511287 0.38268343236508934 0
    outer loop
      vertex 76.96792609530858 -6.439992376674285 1.5
      vertex 76.96792609530858 -6.439992376674285 3.5
      vertex 77.13775681356645 -6.85 1.5
    endloop
  endfacet
  facet normal 0.7933533402912379 0.608761429008717 0
    outer loop
      vertex 77.13775681356645 -6.85 1.5
      vertex 77.13775681356645 -6.85 3.5
      vertex 77.40791847198287 -7.202081528017131 1.5
    endloop
  endfacet
  facet normal 0.6087614290087128 0.7933533402912413 0
    outer loop
      vertex 77.40791847198287 -7.202081528017131 1.5
      vertex 77.40791847198287 -7.202081528017131 3.5
      vertex 77.76 -7.472243186433546 1.5
    endloop
  endfacet
  facet normal 0.38268343236509217 0.9238795325112859 0
    outer loop
      vertex 77.76 -7.472243186433546 1.5
      vertex 77.76 -7.472243186433546 3.5
      vertex 78.17000762332572 -7.642073904691416 1.5
    endloop
  endfacet
  facet normal 0.13052619222005307 0.9914448613738103 0
    outer loop
      vertex 78.17000762332572 -7.642073904691416 1.5
      vertex 78.17000762332572 -7.642073904691416 3.5
      vertex 78.61 -7.7 1.5
    endloop
  endfacet
  facet normal -0.13052619222005307 0.9914448613738103 0
    outer loop
      vertex 78.61 -7.7 1.5
      vertex 78.61 -7.7 3.5
      vertex 79.04999237667428 -7.642073904691416 1.5
    endloop
  endfacet
  facet normal -0.38268343236509217 0.9238795325112859 0
    outer loop
      vertex 79.04999237667428 -7.642073904691416 1.5
      vertex 79.04999237667428 -7.642073904691416 3.5
      vertex 79.46 -7.472243186433546 1.5
    endloop
  endfacet
  facet normal -0.6087614290087128 -0.7933533402912413 0
    outer loop
      vertex 79.46 -4.527756813566454 1.5
      vertex 79.81208152801713 -4.797918471982869 3.5
      vertex 79.46 -4.527756813566454 3.5
    endloop
  endfacet
  facet normal -0.7933533402912379 -0.608761429008717 0
    outer loop
      vertex 79.81208152801713 -4.797918471982869 1.5
      vertex 80.08224318643354 -5.15 3.5
      vertex 79.81208152801713 -4.797918471982869 3.5
    endloop
  endfacet
  facet normal -0.923879532511287 -0.38268343236508934 0
    outer loop
      vertex 80.08224318643354 -5.15 1.5
      vertex 80.25207390469141 -5.560007623325715 3.5
      vertex 80.08224318643354 -5.15 3.5
    endloop
  endfacet
  facet normal -0.9914448613738093 -0.13052619222006043 0
    outer loop
      vertex 80.25207390469141 -5.560007623325715 1.5
      vertex 80.31 -6 3.5
      vertex 80.25207390469141 -5.560007623325715 3.5
    endloop
  endfacet
  facet normal -0.38268343236509217 -0.9238795325112859 -2.907537233774722e-19
    outer loop
      vertex 79.04999237667428 -4.357926095308584 1.5
      vertex 79.46 -4.527756813566454 1.5
      vertex 79.46 -4.527756813566454 3.5
    endloop
  endfacet
  facet normal -0.6087614290087128 -0.7933533402912413 4.110947972241626e-18
    outer loop
      vertex 79.46 -4.527756813566454 1.5
      vertex 79.81208152801713 -4.797918471982869 1.5
      vertex 79.81208152801713 -4.797918471982869 3.5
    endloop
  endfacet
  facet normal -0.7933533402912379 -0.608761429008717 5.656657654067648e-18
    outer loop
      vertex 79.81208152801713 -4.797918471982869 1.5
      vertex 80.08224318643354 -5.15 1.5
      vertex 80.08224318643354 -5.15 3.5
    endloop
  endfacet
  facet normal -0.923879532511287 -0.38268343236508934 -7.743664116659358e-18
    outer loop
      vertex 80.08224318643354 -5.15 1.5
      vertex 80.25207390469141 -5.560007623325715 1.5
      vertex 80.25207390469141 -5.560007623325715 3.5
    endloop
  endfacet
  facet normal -0.9914448613738093 -0.13052619222006043 -4.1502170502536133e-19
    outer loop
      vertex 80.25207390469141 -5.560007623325715 1.5
      vertex 80.31 -6 1.5
      vertex 80.31 -6 3.5
    endloop
  endfacet
  facet normal -0.9914448613738093 0.13052619222006043 0
    outer loop
      vertex 80.31 -6 1.5
      vertex 80.25207390469141 -6.439992376674285 3.5
      vertex 80.31 -6 3.5
    endloop
  endfacet
  facet normal -0.923879532511287 0.38268343236508934 0
    outer loop
      vertex 80.25207390469141 -6.439992376674285 1.5
      vertex 80.08224318643354 -6.85 3.5
      vertex 80.25207390469141 -6.439992376674285 3.5
    endloop
  endfacet
  facet normal -0.6087614290087128 0.7933533402912413 0
    outer loop
      vertex 79.81208152801713 -7.202081528017131 1.5
      vertex 79.46 -7.472243186433546 3.5
      vertex 79.81208152801713 -7.202081528017131 3.5
    endloop
  endfacet
  facet normal -0.38268343236509217 0.9238795325112859 0
    outer loop
      vertex 79.46 -7.472243186433546 1.5
      vertex 79.04999237667428 -7.642073904691416 3.5
      vertex 79.46 -7.472243186433546 3.5
    endloop
  endfacet
  facet normal -0.7933533402912379 0.608761429008717 0
    outer loop
      vertex 80.08224318643354 -6.85 1.5
      vertex 79.81208152801713 -7.202081528017131 3.5
      vertex 80.08224318643354 -6.85 3.5
    endloop
  endfacet
  facet normal -0.9914448613738093 0.13052619222006043 4.1502170502536133e-19
    outer loop
      vertex 80.31 -6 1.5
      vertex 80.25207390469141 -6.439992376674285 1.5
      vertex 80.25207390469141 -6.439992376674285 3.5
    endloop
  endfacet
  facet normal -0.923879532511287 0.38268343236508934 7.743664116659358e-18
    outer loop
      vertex 80.25207390469141 -6.439992376674285 1.5
      vertex 80.08224318643354 -6.85 1.5
      vertex 80.08224318643354 -6.85 3.5
    endloop
  endfacet
  facet normal -0.7933533402912379 0.608761429008717 0
    outer loop
      vertex 79.81208152801713 -7.202081528017131 1.5
      vertex 79.81208152801713 -7.202081528017131 3.5
      vertex 80.08224318643354 -6.85 1.5
    endloop
  endfacet
  facet normal -0.6087614290087128 0.7933533402912413 -4.110947972241626e-18
    outer loop
      vertex 79.81208152801713 -7.202081528017131 1.5
      vertex 79.46 -7.472243186433546 1.5
      vertex 79.46 -7.472243186433546 3.5
    endloop
  endfacet
  facet normal 0.09859584685911052 -0.7489098092776992 -0.6552960831179866
    outer loop
      vertex 78.17000762332572 -4.357926095308584 1.5
      vertex 77.83030762662867 -3.090148448304182 0
      vertex 78.61 -4.3 1.5
    endloop
  endfacet
  facet normal -0.09859584685911049 -0.748909809277699 -0.6552960831179866
    outer loop
      vertex 78.61 -4.3 1.5
      vertex 78.61 -2.9875 0
      vertex 79.04999237667428 -4.357926095308584 1.5
    endloop
  endfacet
  facet normal 0.4598414127264747 -0.599276996548294 -0.655296083117987
    outer loop
      vertex 77.76 -4.527756813566454 1.5
      vertex 76.47984082167552 -3.8698408216755253 0
      vertex 77.10375 -3.3910984710993786 0
    endloop
  endfacet
  facet normal 0.2890683965512191 -0.6978728434074025 -0.655296083117986
    outer loop
      vertex 78.17000762332572 -4.357926095308584 1.5
      vertex 77.10375 -3.3910984710993786 0
      vertex 77.83030762662867 -3.090148448304182 0
    endloop
  endfacet
  facet normal 0.09859584685911103 -0.748909809277699 -0.6552960831179867
    outer loop
      vertex 78.61 -4.3 1.5
      vertex 77.83030762662867 -3.090148448304182 0
      vertex 78.61 -2.9875 0
    endloop
  endfacet
  facet normal -0.09859584685911103 -0.748909809277699 -0.6552960831179865
    outer loop
      vertex 79.04999237667428 -4.357926095308584 1.5
      vertex 78.61 -2.9875 0
      vertex 79.38969237337133 -3.090148448304182 0
    endloop
  endfacet
  facet normal 0.6978728434073997 -0.2890683965512198 -0.6552960831179885
    outer loop
      vertex 76.96792609530858 -5.560007623325715 1.5
      vertex 75.70014844830418 -5.220307626628656 0
      vertex 77.13775681356645 -5.15 1.5
    endloop
  endfacet
  facet normal 0.7489098092777021 -0.09859584685911656 -0.6552960831179824
    outer loop
      vertex 76.96792609530858 -5.560007623325715 1.5
      vertex 76.91 -6 1.5
      vertex 75.59750000000001 -6 0
    endloop
  endfacet
  facet normal 0.5992769965482877 -0.4598414127264829 -0.6552960831179873
    outer loop
      vertex 77.40791847198287 -4.797918471982869 1.5
      vertex 76.00109847109937 -4.49375 0
      vertex 76.47984082167552 -3.8698408216755253 0
    endloop
  endfacet
  facet normal 0.6978728434074005 -0.289068396551216 -0.6552960831179894
    outer loop
      vertex 77.13775681356645 -5.15 1.5
      vertex 75.70014844830418 -5.220307626628656 0
      vertex 76.00109847109937 -4.49375 0
    endloop
  endfacet
  facet normal 0.7489098092777006 -0.09859584685909398 -0.6552960831179874
    outer loop
      vertex 76.96792609530858 -5.560007623325715 1.5
      vertex 75.59750000000001 -6 0
      vertex 75.70014844830418 -5.220307626628656 0
    endloop
  endfacet
  facet normal 0.7489098092776965 0.09859584685911581 -0.6552960831179889
    outer loop
      vertex 76.91 -6 1.5
      vertex 76.96792609530858 -6.439992376674285 1.5
      vertex 75.70014844830418 -6.779692373371344 0
    endloop
  endfacet
  facet normal 0.7489098092777038 0.09859584685909441 -0.6552960831179836
    outer loop
      vertex 76.91 -6 1.5
      vertex 75.70014844830418 -6.779692373371344 0
      vertex 75.59750000000001 -6 0
    endloop
  endfacet
  facet normal 0.697872843407401 0.28906839655121624 -0.6552960831179887
    outer loop
      vertex 76.96792609530858 -6.439992376674285 1.5
      vertex 76.00109847109937 -7.50625 0
      vertex 75.70014844830418 -6.779692373371344 0
    endloop
  endfacet
  facet normal 0.5992769965482865 0.4598414127264822 -0.6552960831179887
    outer loop
      vertex 77.13775681356645 -6.85 1.5
      vertex 76.47984082167552 -8.130159178324474 0
      vertex 76.00109847109937 -7.50625 0
    endloop
  endfacet
  facet normal 0.45984141272647266 -0.5992769965482965 -0.6552960831179863
    outer loop
      vertex 77.76 -4.527756813566454 1.5
      vertex 77.40791847198287 -4.797918471982869 1.5
      vertex 76.47984082167552 -3.8698408216755253 0
    endloop
  endfacet
  facet normal 0.5992769965482919 -0.4598414127264743 -0.6552960831179895
    outer loop
      vertex 77.13775681356645 -5.15 1.5
      vertex 76.00109847109937 -4.49375 0
      vertex 77.40791847198287 -4.797918471982869 1.5
    endloop
  endfacet
  facet normal 0.28906839655122246 -0.6978728434074002 -0.6552960831179868
    outer loop
      vertex 77.76 -4.527756813566454 1.5
      vertex 77.10375 -3.3910984710993786 0
      vertex 78.17000762332572 -4.357926095308584 1.5
    endloop
  endfacet
  facet normal -0.28906839655122285 -0.6978728434074011 -0.6552960831179857
    outer loop
      vertex 79.04999237667428 -4.357926095308584 1.5
      vertex 79.38969237337133 -3.090148448304182 0
      vertex 79.46 -4.527756813566454 1.5
    endloop
  endfacet
  facet normal 0.697872843407399 0.28906839655121946 -0.6552960831179895
    outer loop
      vertex 76.96792609530858 -6.439992376674285 1.5
      vertex 77.13775681356645 -6.85 1.5
      vertex 76.00109847109937 -7.50625 0
    endloop
  endfacet
  facet normal 0.5992769965482939 0.4598414127264758 -0.6552960831179866
    outer loop
      vertex 77.13775681356645 -6.85 1.5
      vertex 77.40791847198287 -7.202081528017131 1.5
      vertex 76.47984082167552 -8.130159178324474 0
    endloop
  endfacet
  facet normal 0.45984141272647233 0.599276996548296 -0.655296083117987
    outer loop
      vertex 77.40791847198287 -7.202081528017131 1.5
      vertex 77.76 -7.472243186433546 1.5
      vertex 77.10375 -8.60890152890062 0
    endloop
  endfacet
  facet normal -0.28906839655121885 -0.697872843407402 -0.6552960831179867
    outer loop
      vertex 79.46 -4.527756813566454 1.5
      vertex 79.38969237337133 -3.090148448304182 0
      vertex 80.11625 -3.3910984710993786 0
    endloop
  endfacet
  facet normal -0.45984141272647217 -0.5992769965482958 -0.6552960831179873
    outer loop
      vertex 79.46 -4.527756813566454 1.5
      vertex 80.11625 -3.3910984710993786 0
      vertex 79.81208152801713 -4.797918471982869 1.5
    endloop
  endfacet
  facet normal -0.5992769965482938 -0.4598414127264757 -0.6552960831179866
    outer loop
      vertex 79.81208152801713 -4.797918471982869 1.5
      vertex 80.74015917832448 -3.8698408216755253 0
      vertex 80.08224318643354 -5.15 1.5
    endloop
  endfacet
  facet normal -0.697872843407399 -0.28906839655121946 -0.6552960831179895
    outer loop
      vertex 80.08224318643354 -5.15 1.5
      vertex 81.21890152890063 -4.49375 0
      vertex 80.25207390469141 -5.560007623325715 1.5
    endloop
  endfacet
  facet normal -0.7489098092776965 -0.09859584685911581 -0.6552960831179889
    outer loop
      vertex 80.25207390469141 -5.560007623325715 1.5
      vertex 81.51985155169582 -5.220307626628656 0
      vertex 80.31 -6 1.5
    endloop
  endfacet
  facet normal -0.45984141272647505 -0.5992769965482945 -0.6552960831179865
    outer loop
      vertex 79.81208152801713 -4.797918471982869 1.5
      vertex 80.11625 -3.3910984710993786 0
      vertex 80.74015917832448 -3.8698408216755253 0
    endloop
  endfacet
  facet normal -0.5992769965482867 -0.4598414127264821 -0.6552960831179888
    outer loop
      vertex 80.08224318643354 -5.15 1.5
      vertex 80.74015917832448 -3.8698408216755253 0
      vertex 81.21890152890063 -4.49375 0
    endloop
  endfacet
  facet normal -0.697872843407401 -0.28906839655121624 -0.6552960831179887
    outer loop
      vertex 80.25207390469141 -5.560007623325715 1.5
      vertex 81.21890152890063 -4.49375 0
      vertex 81.51985155169582 -5.220307626628656 0
    endloop
  endfacet
  facet normal -0.7489098092777038 -0.09859584685909441 -0.6552960831179836
    outer loop
      vertex 80.31 -6 1.5
      vertex 81.51985155169582 -5.220307626628656 0
      vertex 81.62249999999999 -6 0
    endloop
  endfacet
  facet normal -0.6978728434073997 0.2890683965512198 -0.6552960831179885
    outer loop
      vertex 80.25207390469141 -6.439992376674285 1.5
      vertex 81.51985155169582 -6.779692373371344 0
      vertex 80.08224318643354 -6.85 1.5
    endloop
  endfacet
  facet normal -0.5992769965482919 0.4598414127264743 -0.6552960831179895
    outer loop
      vertex 79.81208152801713 -7.202081528017131 1.5
      vertex 80.08224318643354 -6.85 1.5
      vertex 81.21890152890063 -7.50625 0
    endloop
  endfacet
  facet normal -0.4598414127264727 0.5992769965482966 -0.6552960831179862
    outer loop
      vertex 79.81208152801713 -7.202081528017131 1.5
      vertex 80.74015917832448 -8.130159178324474 0
      vertex 79.46 -7.472243186433546 1.5
    endloop
  endfacet
  facet normal -0.7489098092777021 0.09859584685911656 -0.6552960831179824
    outer loop
      vertex 80.31 -6 1.5
      vertex 81.62249999999999 -6 0
      vertex 80.25207390469141 -6.439992376674285 1.5
    endloop
  endfacet
  facet normal -0.5992769965482876 0.4598414127264831 -0.655296083117987
    outer loop
      vertex 79.81208152801713 -7.202081528017131 1.5
      vertex 81.21890152890063 -7.50625 0
      vertex 80.74015917832448 -8.130159178324474 0
    endloop
  endfacet
  facet normal -0.7489098092777006 0.09859584685909398 -0.6552960831179874
    outer loop
      vertex 80.25207390469141 -6.439992376674285 1.5
      vertex 81.62249999999999 -6 0
      vertex 81.51985155169582 -6.779692373371344 0
    endloop
  endfacet
  facet normal -0.6978728434074005 0.289068396551216 -0.6552960831179894
    outer loop
      vertex 80.08224318643354 -6.85 1.5
      vertex 81.51985155169582 -6.779692373371344 0
      vertex 81.21890152890063 -7.50625 0
    endloop
  endfacet
  facet normal 0.2890683965512229 0.6978728434074012 -0.6552960831179855
    outer loop
      vertex 77.76 -7.472243186433546 1.5
      vertex 78.17000762332572 -7.642073904691416 1.5
      vertex 77.83030762662867 -8.909851551695818 0
    endloop
  endfacet
  facet normal 0.09859584685911053 0.7489098092776993 -0.6552960831179864
    outer loop
      vertex 78.17000762332572 -7.642073904691416 1.5
      vertex 78.61 -7.7 1.5
      vertex 78.61 -9.0125 0
    endloop
  endfacet
  facet normal -0.09859584685911053 0.7489098092776993 -0.6552960831179864
    outer loop
      vertex 78.61 -7.7 1.5
      vertex 79.04999237667428 -7.642073904691416 1.5
      vertex 79.38969237337133 -8.909851551695818 0
    endloop
  endfacet
  facet normal 0.4598414127264749 0.5992769965482948 -0.6552960831179864
    outer loop
      vertex 77.40791847198287 -7.202081528017131 1.5
      vertex 77.10375 -8.60890152890062 0
      vertex 76.47984082167552 -8.130159178324474 0
    endloop
  endfacet
  facet normal 0.2890683965512193 0.697872843407402 -0.6552960831179864
    outer loop
      vertex 77.76 -7.472243186433546 1.5
      vertex 77.83030762662867 -8.909851551695818 0
      vertex 77.10375 -8.60890152890062 0
    endloop
  endfacet
  facet normal 0.09859584685911063 0.7489098092776992 -0.6552960831179864
    outer loop
      vertex 78.17000762332572 -7.642073904691416 1.5
      vertex 78.61 -9.0125 0
      vertex 77.83030762662867 -8.909851551695818 0
    endloop
  endfacet
  facet normal -0.09859584685911063 0.7489098092776992 -0.6552960831179864
    outer loop
      vertex 78.61 -7.7 1.5
      vertex 79.38969237337133 -8.909851551695818 0
      vertex 78.61 -9.0125 0
    endloop
  endfacet
  facet normal -0.2890683965512225 0.6978728434074003 -0.6552960831179867
    outer loop
      vertex 79.04999237667428 -7.642073904691416 1.5
      vertex 79.46 -7.472243186433546 1.5
      vertex 80.11625 -8.60890152890062 0
    endloop
  endfacet
  facet normal -0.28906839655121946 0.6978728434074024 -0.6552960831179858
    outer loop
      vertex 79.04999237667428 -7.642073904691416 1.5
      vertex 80.11625 -8.60890152890062 0
      vertex 79.38969237337133 -8.909851551695818 0
    endloop
  endfacet
  facet normal -0.4598414127264746 0.5992769965482945 -0.6552960831179869
    outer loop
      vertex 79.46 -7.472243186433546 1.5
      vertex 80.74015917832448 -8.130159178324474 0
      vertex 80.11625 -8.60890152890062 0
    endloop
  endfacet
  facet normal 0.7933533402912354 -0.6087614290087205 0
    outer loop
      vertex 4.527756813566454 -56.1 1.5
      vertex 4.797918471982869 -55.74791847198287 3.5
      vertex 4.527756813566454 -56.1 3.5
    endloop
  endfacet
  facet normal 0.38268343236508934 -0.923879532511287 0
    outer loop
      vertex 5.15 -55.47775681356646 1.5
      vertex 5.560007623325715 -55.30792609530859 3.5
      vertex 5.15 -55.47775681356646 3.5
    endloop
  endfacet
  facet normal 0.608761429008717 -0.7933533402912379 0
    outer loop
      vertex 4.797918471982869 -55.74791847198287 1.5
      vertex 5.15 -55.47775681356646 3.5
      vertex 4.797918471982869 -55.74791847198287 3.5
    endloop
  endfacet
  facet normal 0.9238795325112882 -0.38268343236508656 0
    outer loop
      vertex 4.357926095308584 -56.51000762332572 1.5
      vertex 4.527756813566454 -56.1 3.5
      vertex 4.357926095308584 -56.51000762332572 3.5
    endloop
  endfacet
  facet normal 0.9914448613738103 -0.13052619222005307 0
    outer loop
      vertex 4.3 -56.95 1.5
      vertex 4.357926095308584 -56.51000762332572 3.5
      vertex 4.3 -56.95 3.5
    endloop
  endfacet
  facet normal 0.608761429008717 -0.7933533402912379 0
    outer loop
      vertex 5.15 -55.47775681356646 1.5
      vertex 5.15 -55.47775681356646 3.5
      vertex 4.797918471982869 -55.74791847198287 1.5
    endloop
  endfacet
  facet normal 0.7933533402912354 -0.6087614290087205 6.477941641210696e-18
    outer loop
      vertex 4.527756813566454 -56.1 1.5
      vertex 4.797918471982869 -55.74791847198287 1.5
      vertex 4.797918471982869 -55.74791847198287 3.5
    endloop
  endfacet
  facet normal 0.9238795325112882 -0.38268343236508656 0
    outer loop
      vertex 4.527756813566454 -56.1 1.5
      vertex 4.527756813566454 -56.1 3.5
      vertex 4.357926095308584 -56.51000762332572 1.5
    endloop
  endfacet
  facet normal 0.9914448613738103 -0.13052619222005307 0
    outer loop
      vertex 4.357926095308584 -56.51000762332572 1.5
      vertex 4.357926095308584 -56.51000762332572 3.5
      vertex 4.3 -56.95 1.5
    endloop
  endfacet
  facet normal 0.9914448613738103 0.13052619222005307 0
    outer loop
      vertex 4.357926095308584 -57.389992376674286 1.5
      vertex 4.3 -56.95 3.5
      vertex 4.357926095308584 -57.389992376674286 3.5
    endloop
  endfacet
  facet normal 0.9238795325112882 0.38268343236508656 0
    outer loop
      vertex 4.527756813566454 -57.800000000000004 1.5
      vertex 4.357926095308584 -57.389992376674286 3.5
      vertex 4.527756813566454 -57.800000000000004 3.5
    endloop
  endfacet
  facet normal 0.7933533402912354 0.6087614290087205 0
    outer loop
      vertex 4.797918471982869 -58.152081528017135 1.5
      vertex 4.527756813566454 -57.800000000000004 3.5
      vertex 4.797918471982869 -58.152081528017135 3.5
    endloop
  endfacet
  facet normal 0.608761429008717 0.7933533402912379 0
    outer loop
      vertex 5.15 -58.42224318643355 1.5
      vertex 4.797918471982869 -58.152081528017135 3.5
      vertex 5.15 -58.42224318643355 3.5
    endloop
  endfacet
  facet normal 0.9914448613738103 0.13052619222005307 0
    outer loop
      vertex 4.3 -56.95 1.5
      vertex 4.3 -56.95 3.5
      vertex 4.357926095308584 -57.389992376674286 1.5
    endloop
  endfacet
  facet normal 0.9238795325112882 0.38268343236508656 0
    outer loop
      vertex 4.357926095308584 -57.389992376674286 1.5
      vertex 4.357926095308584 -57.389992376674286 3.5
      vertex 4.527756813566454 -57.800000000000004 1.5
    endloop
  endfacet
  facet normal 0.7933533402912354 0.6087614290087205 0
    outer loop
      vertex 4.527756813566454 -57.800000000000004 1.5
      vertex 4.527756813566454 -57.800000000000004 3.5
      vertex 4.797918471982869 -58.152081528017135 1.5
    endloop
  endfacet
  facet normal 0.608761429008717 0.7933533402912379 0
    outer loop
      vertex 4.797918471982869 -58.152081528017135 1.5
      vertex 4.797918471982869 -58.152081528017135 3.5
      vertex 5.15 -58.42224318643355 1.5
    endloop
  endfacet
  facet normal 0.38268343236508934 0.923879532511287 0
    outer loop
      vertex 5.15 -58.42224318643355 1.5
      vertex 5.15 -58.42224318643355 3.5
      vertex 5.560007623325715 -58.59207390469142 1.5
    endloop
  endfacet
  facet normal 0.13052619222006043 -0.9914448613738093 0
    outer loop
      vertex 5.560007623325715 -55.30792609530859 1.5
      vertex 6 -55.25 3.5
      vertex 5.560007623325715 -55.30792609530859 3.5
    endloop
  endfacet
  facet normal -0.13052619222006043 -0.9914448613738093 0
    outer loop
      vertex 6 -55.25 1.5
      vertex 6.439992376674285 -55.30792609530859 3.5
      vertex 6 -55.25 3.5
    endloop
  endfacet
  facet normal -0.38268343236508934 -0.923879532511287 0
    outer loop
      vertex 6.439992376674285 -55.30792609530859 1.5
      vertex 6.85 -55.47775681356646 3.5
      vertex 6.439992376674285 -55.30792609530859 3.5
    endloop
  endfacet
  facet normal -0.608761429008717 -0.7933533402912379 0
    outer loop
      vertex 6.85 -55.47775681356646 1.5
      vertex 7.202081528017131 -55.74791847198287 3.5
      vertex 6.85 -55.47775681356646 3.5
    endloop
  endfacet
  facet normal -0.7933533402912354 -0.6087614290087205 0
    outer loop
      vertex 7.202081528017131 -55.74791847198287 1.5
      vertex 7.472243186433546 -56.1 3.5
      vertex 7.202081528017131 -55.74791847198287 3.5
    endloop
  endfacet
  facet normal -0.9238795325112882 -0.38268343236508656 0
    outer loop
      vertex 7.472243186433546 -56.1 1.5
      vertex 7.642073904691416 -56.51000762332572 3.5
      vertex 7.472243186433546 -56.1 3.5
    endloop
  endfacet
  facet normal -0.9914448613738103 -0.13052619222005307 0
    outer loop
      vertex 7.642073904691416 -56.51000762332572 1.5
      vertex 7.7 -56.95 3.5
      vertex 7.642073904691416 -56.51000762332572 3.5
    endloop
  endfacet
  facet normal 0.38268343236508934 -0.923879532511287 7.743664116659358e-18
    outer loop
      vertex 5.15 -55.47775681356646 1.5
      vertex 5.560007623325715 -55.30792609530859 1.5
      vertex 5.560007623325715 -55.30792609530859 3.5
    endloop
  endfacet
  facet normal 0.13052619222006043 -0.9914448613738093 4.1502170502536133e-19
    outer loop
      vertex 5.560007623325715 -55.30792609530859 1.5
      vertex 6 -55.25 1.5
      vertex 6 -55.25 3.5
    endloop
  endfacet
  facet normal -0.13052619222006043 -0.9914448613738093 -4.1502170502536133e-19
    outer loop
      vertex 6 -55.25 1.5
      vertex 6.439992376674285 -55.30792609530859 1.5
      vertex 6.439992376674285 -55.30792609530859 3.5
    endloop
  endfacet
  facet normal -0.38268343236508934 -0.923879532511287 -7.743664116659358e-18
    outer loop
      vertex 6.439992376674285 -55.30792609530859 1.5
      vertex 6.85 -55.47775681356646 1.5
      vertex 6.85 -55.47775681356646 3.5
    endloop
  endfacet
  facet normal -0.608761429008717 -0.7933533402912379 5.656657654067648e-18
    outer loop
      vertex 6.85 -55.47775681356646 1.5
      vertex 7.202081528017131 -55.74791847198287 1.5
      vertex 7.202081528017131 -55.74791847198287 3.5
    endloop
  endfacet
  facet normal -0.7933533402912354 -0.6087614290087205 -6.477941641210696e-18
    outer loop
      vertex 7.202081528017131 -55.74791847198287 1.5
      vertex 7.472243186433546 -56.1 1.5
      vertex 7.472243186433546 -56.1 3.5
    endloop
  endfacet
  facet normal -0.9238795325112882 -0.38268343236508656 4.389934438635834e-19
    outer loop
      vertex 7.472243186433546 -56.1 1.5
      vertex 7.642073904691416 -56.51000762332572 1.5
      vertex 7.642073904691416 -56.51000762332572 3.5
    endloop
  endfacet
  facet normal -0.9914448613738103 -0.13052619222005307 4.0723136347503904e-19
    outer loop
      vertex 7.642073904691416 -56.51000762332572 1.5
      vertex 7.7 -56.95 1.5
      vertex 7.7 -56.95 3.5
    endloop
  endfacet
  facet normal 0.38268343236508934 0.923879532511287 0
    outer loop
      vertex 5.560007623325715 -58.59207390469142 1.5
      vertex 5.15 -58.42224318643355 3.5
      vertex 5.560007623325715 -58.59207390469142 3.5
    endloop
  endfacet
  facet normal 0.13052619222006043 0.9914448613738093 0
    outer loop
      vertex 6 -58.650000000000006 1.5
      vertex 5.560007623325715 -58.59207390469142 3.5
      vertex 6 -58.650000000000006 3.5
    endloop
  endfacet
  facet normal -0.13052619222006043 0.9914448613738093 0
    outer loop
      vertex 6.439992376674285 -58.59207390469142 1.5
      vertex 6 -58.650000000000006 3.5
      vertex 6.439992376674285 -58.59207390469142 3.5
    endloop
  endfacet
  facet normal -0.9238795325112882 0.38268343236508656 0
    outer loop
      vertex 7.642073904691416 -57.389992376674286 1.5
      vertex 7.472243186433546 -57.800000000000004 3.5
      vertex 7.642073904691416 -57.389992376674286 3.5
    endloop
  endfacet
  facet normal -0.9914448613738103 0.13052619222005307 0
    outer loop
      vertex 7.7 -56.95 1.5
      vertex 7.642073904691416 -57.389992376674286 3.5
      vertex 7.7 -56.95 3.5
    endloop
  endfacet
  facet normal -0.7933533402912354 0.6087614290087205 0
    outer loop
      vertex 7.472243186433546 -57.800000000000004 1.5
      vertex 7.202081528017131 -58.152081528017135 3.5
      vertex 7.472243186433546 -57.800000000000004 3.5
    endloop
  endfacet
  facet normal -0.38268343236508934 0.923879532511287 0
    outer loop
      vertex 6.85 -58.42224318643355 1.5
      vertex 6.439992376674285 -58.59207390469142 3.5
      vertex 6.85 -58.42224318643355 3.5
    endloop
  endfacet
  facet normal -0.608761429008717 0.7933533402912379 0
    outer loop
      vertex 7.202081528017131 -58.152081528017135 1.5
      vertex 6.85 -58.42224318643355 3.5
      vertex 7.202081528017131 -58.152081528017135 3.5
    endloop
  endfacet
  facet normal 0.13052619222006043 0.9914448613738093 0
    outer loop
      vertex 5.560007623325715 -58.59207390469142 1.5
      vertex 5.560007623325715 -58.59207390469142 3.5
      vertex 6 -58.650000000000006 1.5
    endloop
  endfacet
  facet normal -0.13052619222006043 0.9914448613738093 0
    outer loop
      vertex 6 -58.650000000000006 1.5
      vertex 6 -58.650000000000006 3.5
      vertex 6.439992376674285 -58.59207390469142 1.5
    endloop
  endfacet
  facet normal -0.38268343236508934 0.923879532511287 0
    outer loop
      vertex 6.439992376674285 -58.59207390469142 1.5
      vertex 6.439992376674285 -58.59207390469142 3.5
      vertex 6.85 -58.42224318643355 1.5
    endloop
  endfacet
  facet normal -0.9914448613738103 0.13052619222005307 -4.0723136347503904e-19
    outer loop
      vertex 7.7 -56.95 1.5
      vertex 7.642073904691416 -57.389992376674286 1.5
      vertex 7.642073904691416 -57.389992376674286 3.5
    endloop
  endfacet
  facet normal -0.9238795325112882 0.38268343236508656 0
    outer loop
      vertex 7.472243186433546 -57.800000000000004 1.5
      vertex 7.472243186433546 -57.800000000000004 3.5
      vertex 7.642073904691416 -57.389992376674286 1.5
    endloop
  endfacet
  facet normal -0.608761429008717 0.7933533402912379 -5.656657654067648e-18
    outer loop
      vertex 7.202081528017131 -58.152081528017135 1.5
      vertex 6.85 -58.42224318643355 1.5
      vertex 6.85 -58.42224318643355 3.5
    endloop
  endfacet
  facet normal -0.7933533402912354 0.6087614290087205 0
    outer loop
      vertex 7.202081528017131 -58.152081528017135 1.5
      vertex 7.202081528017131 -58.152081528017135 3.5
      vertex 7.472243186433546 -57.800000000000004 1.5
    endloop
  endfacet
  facet normal 0.2890683965512201 -0.6978728434074004 -0.6552960831179876
    outer loop
      vertex 5.15 -55.47775681356646 1.5
      vertex 4.49375 -54.34109847109938 0
      vertex 5.560007623325715 -55.30792609530859 1.5
    endloop
  endfacet
  facet normal 0.45984141272647844 -0.5992769965482908 -0.6552960831179875
    outer loop
      vertex 5.15 -55.47775681356646 1.5
      vertex 3.8698408216755253 -54.81984082167553 0
      vertex 4.49375 -54.34109847109938 0
    endloop
  endfacet
  facet normal 0.2890683965512169 -0.6978728434074025 -0.6552960831179868
    outer loop
      vertex 5.560007623325715 -55.30792609530859 1.5
      vertex 4.49375 -54.34109847109938 0
      vertex 5.220307626628656 -54.04014844830419 0
    endloop
  endfacet
  facet normal 0.09859584685911603 -0.7489098092776982 -0.6552960831179869
    outer loop
      vertex 5.560007623325715 -55.30792609530859 1.5
      vertex 5.220307626628656 -54.04014844830419 0
      vertex 6 -55.25 1.5
    endloop
  endfacet
  facet normal -0.09859584685911608 -0.7489098092776987 -0.6552960831179864
    outer loop
      vertex 6 -55.25 1.5
      vertex 6 -53.9375 0
      vertex 6.439992376674285 -55.30792609530859 1.5
    endloop
  endfacet
  facet normal -0.2890683965512204 -0.6978728434074013 -0.6552960831179866
    outer loop
      vertex 6.439992376674285 -55.30792609530859 1.5
      vertex 6.779692373371344 -54.04014844830419 0
      vertex 6.85 -55.47775681356646 1.5
    endloop
  endfacet
  facet normal 0.09859584685911424 -0.7489098092776988 -0.6552960831179865
    outer loop
      vertex 6 -55.25 1.5
      vertex 5.220307626628656 -54.04014844830419 0
      vertex 6 -53.9375 0
    endloop
  endfacet
  facet normal -0.0985958468591142 -0.7489098092776986 -0.6552960831179867
    outer loop
      vertex 6.439992376674285 -55.30792609530859 1.5
      vertex 6 -53.9375 0
      vertex 6.779692373371344 -54.04014844830419 0
    endloop
  endfacet
  facet normal -0.2890683965512167 -0.6978728434074021 -0.6552960831179874
    outer loop
      vertex 6.85 -55.47775681356646 1.5
      vertex 6.779692373371344 -54.04014844830419 0
      vertex 7.50625 -54.34109847109938 0
    endloop
  endfacet
  facet normal -0.459841412726479 -0.5992769965482911 -0.6552960831179867
    outer loop
      vertex 7.202081528017131 -55.74791847198287 1.5
      vertex 7.50625 -54.34109847109938 0
      vertex 8.130159178324474 -54.81984082167553 0
    endloop
  endfacet
  facet normal 0.748909809277699 -0.09859584685911049 -0.6552960831179866
    outer loop
      vertex 4.357926095308584 -56.51000762332572 1.5
      vertex 4.3 -56.95 1.5
      vertex 2.9875 -56.95 0
    endloop
  endfacet
  facet normal 0.4598414127264757 -0.5992769965482938 -0.6552960831179866
    outer loop
      vertex 5.15 -55.47775681356646 1.5
      vertex 4.797918471982869 -55.74791847198287 1.5
      vertex 3.8698408216755253 -54.81984082167553 0
    endloop
  endfacet
  facet normal 0.5992769965482926 -0.45984141272647894 -0.6552960831179855
    outer loop
      vertex 4.527756813566454 -56.1 1.5
      vertex 3.3910984710993786 -55.44375000000001 0
      vertex 4.797918471982869 -55.74791847198287 1.5
    endloop
  endfacet
  facet normal 0.6978728434074014 -0.28906839655121797 -0.6552960831179875
    outer loop
      vertex 4.527756813566454 -56.1 1.5
      vertex 4.357926095308584 -56.51000762332572 1.5
      vertex 3.090148448304182 -56.170307626628656 0
    endloop
  endfacet
  facet normal 0.6978728434074003 -0.2890683965512237 -0.6552960831179863
    outer loop
      vertex 4.527756813566454 -56.1 1.5
      vertex 3.090148448304182 -56.170307626628656 0
      vertex 3.3910984710993786 -55.44375000000001 0
    endloop
  endfacet
  facet normal 0.7489098092776989 -0.09859584685910922 -0.655296083117987
    outer loop
      vertex 4.357926095308584 -56.51000762332572 1.5
      vertex 2.9875 -56.95 0
      vertex 3.090148448304182 -56.170307626628656 0
    endloop
  endfacet
  facet normal 0.5992769965482945 -0.45984141272647505 -0.6552960831179865
    outer loop
      vertex 4.797918471982869 -55.74791847198287 1.5
      vertex 3.3910984710993786 -55.44375000000001 0
      vertex 3.8698408216755253 -54.81984082167553 0
    endloop
  endfacet
  facet normal 0.7489098092776988 0.09859584685911045 -0.655296083117987
    outer loop
      vertex 4.3 -56.95 1.5
      vertex 4.357926095308584 -57.389992376674286 1.5
      vertex 3.090148448304182 -57.72969237337135 0
    endloop
  endfacet
  facet normal 0.6978728434074029 0.2890683965512186 -0.6552960831179858
    outer loop
      vertex 4.357926095308584 -57.389992376674286 1.5
      vertex 4.527756813566454 -57.800000000000004 1.5
      vertex 3.3910984710993786 -58.45625 0
    endloop
  endfacet
  facet normal 0.5992769965482917 0.45984141272647827 -0.6552960831179868
    outer loop
      vertex 4.527756813566454 -57.800000000000004 1.5
      vertex 4.797918471982869 -58.152081528017135 1.5
      vertex 3.8698408216755253 -59.08015917832448 0
    endloop
  endfacet
  facet normal 0.4598414127264751 0.599276996548293 -0.6552960831179877
    outer loop
      vertex 4.797918471982869 -58.152081528017135 1.5
      vertex 5.15 -58.42224318643355 1.5
      vertex 4.49375 -59.55890152890063 0
    endloop
  endfacet
  facet normal 0.748909809277699 0.09859584685910923 -0.6552960831179867
    outer loop
      vertex 4.3 -56.95 1.5
      vertex 3.090148448304182 -57.72969237337135 0
      vertex 2.9875 -56.95 0
    endloop
  endfacet
  facet normal 0.6978728434073994 0.28906839655122346 -0.6552960831179871
    outer loop
      vertex 4.357926095308584 -57.389992376674286 1.5
      vertex 3.3910984710993786 -58.45625 0
      vertex 3.090148448304182 -57.72969237337135 0
    endloop
  endfacet
  facet normal 0.5992769965482949 0.4598414127264754 -0.6552960831179858
    outer loop
      vertex 4.527756813566454 -57.800000000000004 1.5
      vertex 3.8698408216755253 -59.08015917832448 0
      vertex 3.3910984710993786 -58.45625 0
    endloop
  endfacet
  facet normal 0.4598414127264787 0.5992769965482913 -0.6552960831179868
    outer loop
      vertex 4.797918471982869 -58.152081528017135 1.5
      vertex 4.49375 -59.55890152890063 0
      vertex 3.8698408216755253 -59.08015917832448 0
    endloop
  endfacet
  facet normal 0.2890683965512167 0.6978728434074021 -0.6552960831179874
    outer loop
      vertex 5.15 -58.42224318643355 1.5
      vertex 5.220307626628656 -59.85985155169582 0
      vertex 4.49375 -59.55890152890063 0
    endloop
  endfacet
  facet normal -0.4598414127264751 -0.599276996548293 -0.6552960831179877
    outer loop
      vertex 6.85 -55.47775681356646 1.5
      vertex 7.50625 -54.34109847109938 0
      vertex 7.202081528017131 -55.74791847198287 1.5
    endloop
  endfacet
  facet normal -0.5992769965482917 -0.45984141272647827 -0.6552960831179867
    outer loop
      vertex 7.202081528017131 -55.74791847198287 1.5
      vertex 8.130159178324474 -54.81984082167553 0
      vertex 7.472243186433546 -56.1 1.5
    endloop
  endfacet
  facet normal -0.6978728434074031 -0.28906839655121863 -0.6552960831179856
    outer loop
      vertex 7.472243186433546 -56.1 1.5
      vertex 8.60890152890062 -55.44375000000001 0
      vertex 7.642073904691416 -56.51000762332572 1.5
    endloop
  endfacet
  facet normal 0.2890683965512204 0.6978728434074013 -0.6552960831179866
    outer loop
      vertex 5.15 -58.42224318643355 1.5
      vertex 5.560007623325715 -58.59207390469142 1.5
      vertex 5.220307626628656 -59.85985155169582 0
    endloop
  endfacet
  facet normal -0.2890683965512201 0.6978728434074004 -0.6552960831179876
    outer loop
      vertex 6.439992376674285 -58.59207390469142 1.5
      vertex 6.85 -58.42224318643355 1.5
      vertex 7.50625 -59.55890152890063 0
    endloop
  endfacet
  facet normal -0.5992769965482927 0.45984141272647905 -0.6552960831179853
    outer loop
      vertex 7.202081528017131 -58.152081528017135 1.5
      vertex 7.472243186433546 -57.800000000000004 1.5
      vertex 8.60890152890062 -58.45625 0
    endloop
  endfacet
  facet normal -0.4598414127264758 0.5992769965482939 -0.6552960831179866
    outer loop
      vertex 7.202081528017131 -58.152081528017135 1.5
      vertex 8.130159178324474 -59.08015917832448 0
      vertex 6.85 -58.42224318643355 1.5
    endloop
  endfacet
  facet normal -0.7489098092776988 -0.09859584685911046 -0.6552960831179868
    outer loop
      vertex 7.642073904691416 -56.51000762332572 1.5
      vertex 8.909851551695818 -56.170307626628656 0
      vertex 7.7 -56.95 1.5
    endloop
  endfacet
  facet normal -0.5992769965482952 -0.4598414127264752 -0.6552960831179856
    outer loop
      vertex 7.472243186433546 -56.1 1.5
      vertex 8.130159178324474 -54.81984082167553 0
      vertex 8.60890152890062 -55.44375000000001 0
    endloop
  endfacet
  facet normal -0.6978728434073994 -0.2890683965512239 -0.655296083117987
    outer loop
      vertex 7.642073904691416 -56.51000762332572 1.5
      vertex 8.60890152890062 -55.44375000000001 0
      vertex 8.909851551695818 -56.170307626628656 0
    endloop
  endfacet
  facet normal -0.7489098092776993 -0.09859584685910885 -0.6552960831179865
    outer loop
      vertex 7.7 -56.95 1.5
      vertex 8.909851551695818 -56.170307626628656 0
      vertex 9.0125 -56.95 0
    endloop
  endfacet
  facet normal -0.7489098092776993 0.09859584685911053 -0.6552960831179864
    outer loop
      vertex 7.7 -56.95 1.5
      vertex 9.0125 -56.95 0
      vertex 7.642073904691416 -57.389992376674286 1.5
    endloop
  endfacet
  facet normal -0.6978728434074014 0.28906839655121797 -0.6552960831179875
    outer loop
      vertex 7.472243186433546 -57.800000000000004 1.5
      vertex 7.642073904691416 -57.389992376674286 1.5
      vertex 8.909851551695818 -57.72969237337135 0
    endloop
  endfacet
  facet normal -0.7489098092776991 0.09859584685910883 -0.6552960831179868
    outer loop
      vertex 7.642073904691416 -57.389992376674286 1.5
      vertex 9.0125 -56.95 0
      vertex 8.909851551695818 -57.72969237337135 0
    endloop
  endfacet
  facet normal -0.6978728434074003 0.28906839655122424 -0.6552960831179859
    outer loop
      vertex 7.472243186433546 -57.800000000000004 1.5
      vertex 8.909851551695818 -57.72969237337135 0
      vertex 8.60890152890062 -58.45625 0
    endloop
  endfacet
  facet normal -0.5992769965482948 0.4598414127264749 -0.6552960831179864
    outer loop
      vertex 7.202081528017131 -58.152081528017135 1.5
      vertex 8.60890152890062 -58.45625 0
      vertex 8.130159178324474 -59.08015917832448 0
    endloop
  endfacet
  facet normal 0.09859584685911608 0.7489098092776987 -0.6552960831179864
    outer loop
      vertex 5.560007623325715 -58.59207390469142 1.5
      vertex 6 -58.650000000000006 1.5
      vertex 6 -59.962500000000006 0
    endloop
  endfacet
  facet normal -0.09859584685911603 0.7489098092776982 -0.6552960831179869
    outer loop
      vertex 6 -58.650000000000006 1.5
      vertex 6.439992376674285 -58.59207390469142 1.5
      vertex 6.779692373371344 -59.85985155169582 0
    endloop
  endfacet
  facet normal 0.0985958468591142 0.7489098092776986 -0.6552960831179867
    outer loop
      vertex 5.560007623325715 -58.59207390469142 1.5
      vertex 6 -59.962500000000006 0
      vertex 5.220307626628656 -59.85985155169582 0
    endloop
  endfacet
  facet normal -0.09859584685911424 0.7489098092776988 -0.6552960831179865
    outer loop
      vertex 6 -58.650000000000006 1.5
      vertex 6.779692373371344 -59.85985155169582 0
      vertex 6 -59.962500000000006 0
    endloop
  endfacet
  facet normal -0.2890683965512169 0.6978728434074025 -0.6552960831179868
    outer loop
      vertex 6.439992376674285 -58.59207390469142 1.5
      vertex 7.50625 -59.55890152890063 0
      vertex 6.779692373371344 -59.85985155169582 0
    endloop
  endfacet
  facet normal -0.4598414127264786 0.5992769965482906 -0.6552960831179875
    outer loop
      vertex 6.85 -58.42224318643355 1.5
      vertex 8.130159178324474 -59.08015917832448 0
      vertex 7.50625 -59.55890152890063 0
    endloop
  endfacet
  facet normal 0.7933533402912373 -0.608761429008718 0
    outer loop
      vertex 77.13775681356645 -56.1 1.5
      vertex 77.40791847198287 -55.74791847198287 3.5
      vertex 77.13775681356645 -56.1 3.5
    endloop
  endfacet
  facet normal 0.38268343236509217 -0.9238795325112859 0
    outer loop
      vertex 77.76 -55.47775681356646 1.5
      vertex 78.17000762332572 -55.30792609530859 3.5
      vertex 77.76 -55.47775681356646 3.5
    endloop
  endfacet
  facet normal 0.6087614290087102 -0.7933533402912432 0
    outer loop
      vertex 77.40791847198287 -55.74791847198287 1.5
      vertex 77.76 -55.47775681356646 3.5
      vertex 77.40791847198287 -55.74791847198287 3.5
    endloop
  endfacet
  facet normal 0.9238795325112882 -0.38268343236508656 0
    outer loop
      vertex 76.96792609530858 -56.51000762332572 1.5
      vertex 77.13775681356645 -56.1 3.5
      vertex 76.96792609530858 -56.51000762332572 3.5
    endloop
  endfacet
  facet normal 0.9914448613738093 -0.13052619222006093 0
    outer loop
      vertex 76.91 -56.95 1.5
      vertex 76.96792609530858 -56.51000762332572 3.5
      vertex 76.91 -56.95 3.5
    endloop
  endfacet
  facet normal 0.13052619222006093 -0.9914448613738093 0
    outer loop
      vertex 78.17000762332572 -55.30792609530859 1.5
      vertex 78.61 -55.25 3.5
      vertex 78.17000762332572 -55.30792609530859 3.5
    endloop
  endfacet
  facet normal -0.13052619222006093 -0.9914448613738093 0
    outer loop
      vertex 78.61 -55.25 1.5
      vertex 79.04999237667428 -55.30792609530859 3.5
      vertex 78.61 -55.25 3.5
    endloop
  endfacet
  facet normal -0.38268343236509217 -0.9238795325112859 0
    outer loop
      vertex 79.04999237667428 -55.30792609530859 1.5
      vertex 79.46 -55.47775681356646 3.5
      vertex 79.04999237667428 -55.30792609530859 3.5
    endloop
  endfacet
  facet normal 0.7933533402912373 -0.608761429008718 5.439183518743723e-18
    outer loop
      vertex 77.13775681356645 -56.1 1.5
      vertex 77.40791847198287 -55.74791847198287 1.5
      vertex 77.40791847198287 -55.74791847198287 3.5
    endloop
  endfacet
  facet normal 0.6087614290087102 -0.7933533402912432 0
    outer loop
      vertex 77.76 -55.47775681356646 1.5
      vertex 77.76 -55.47775681356646 3.5
      vertex 77.40791847198287 -55.74791847198287 1.5
    endloop
  endfacet
  facet normal 0.9238795325112882 -0.38268343236508656 0
    outer loop
      vertex 77.13775681356645 -56.1 1.5
      vertex 77.13775681356645 -56.1 3.5
      vertex 76.96792609530858 -56.51000762332572 1.5
    endloop
  endfacet
  facet normal 0.9914448613738093 -0.13052619222006093 0
    outer loop
      vertex 76.96792609530858 -56.51000762332572 1.5
      vertex 76.96792609530858 -56.51000762332572 3.5
      vertex 76.91 -56.95 1.5
    endloop
  endfacet
  facet normal 0.38268343236509217 -0.9238795325112859 2.907537233774722e-19
    outer loop
      vertex 77.76 -55.47775681356646 1.5
      vertex 78.17000762332572 -55.30792609530859 1.5
      vertex 78.17000762332572 -55.30792609530859 3.5
    endloop
  endfacet
  facet normal 0.13052619222006093 -0.9914448613738093 1.751234223073565e-18
    outer loop
      vertex 78.17000762332572 -55.30792609530859 1.5
      vertex 78.61 -55.25 1.5
      vertex 78.61 -55.25 3.5
    endloop
  endfacet
  facet normal -0.13052619222006093 -0.9914448613738093 -1.751234223073565e-18
    outer loop
      vertex 78.61 -55.25 1.5
      vertex 79.04999237667428 -55.30792609530859 1.5
      vertex 79.04999237667428 -55.30792609530859 3.5
    endloop
  endfacet
  facet normal 0.9914448613738093 0.13052619222006093 0
    outer loop
      vertex 76.96792609530858 -57.389992376674286 1.5
      vertex 76.91 -56.95 3.5
      vertex 76.96792609530858 -57.389992376674286 3.5
    endloop
  endfacet
  facet normal 0.9238795325112882 0.38268343236508656 0
    outer loop
      vertex 77.13775681356645 -57.800000000000004 1.5
      vertex 76.96792609530858 -57.389992376674286 3.5
      vertex 77.13775681356645 -57.800000000000004 3.5
    endloop
  endfacet
  facet normal 0.7933533402912373 0.608761429008718 0
    outer loop
      vertex 77.40791847198287 -58.152081528017135 1.5
      vertex 77.13775681356645 -57.800000000000004 3.5
      vertex 77.40791847198287 -58.152081528017135 3.5
    endloop
  endfacet
  facet normal 0.6087614290087102 0.7933533402912432 0
    outer loop
      vertex 77.76 -58.42224318643355 1.5
      vertex 77.40791847198287 -58.152081528017135 3.5
      vertex 77.76 -58.42224318643355 3.5
    endloop
  endfacet
  facet normal 0.38268343236509217 0.9238795325112859 0
    outer loop
      vertex 78.17000762332572 -58.59207390469142 1.5
      vertex 77.76 -58.42224318643355 3.5
      vertex 78.17000762332572 -58.59207390469142 3.5
    endloop
  endfacet
  facet normal 0.13052619222006093 0.9914448613738093 0
    outer loop
      vertex 78.61 -58.650000000000006 1.5
      vertex 78.17000762332572 -58.59207390469142 3.5
      vertex 78.61 -58.650000000000006 3.5
    endloop
  endfacet
  facet normal -0.13052619222006093 0.9914448613738093 0
    outer loop
      vertex 79.04999237667428 -58.59207390469142 1.5
      vertex 78.61 -58.650000000000006 3.5
      vertex 79.04999237667428 -58.59207390469142 3.5
    endloop
  endfacet
  facet normal 0.9914448613738093 0.13052619222006093 0
    outer loop
      vertex 76.91 -56.95 1.5
      vertex 76.91 -56.95 3.5
      vertex 76.96792609530858 -57.389992376674286 1.5
    endloop
  endfacet
  facet normal 0.9238795325112882 0.38268343236508656 0
    outer loop
      vertex 76.96792609530858 -57.389992376674286 1.5
      vertex 76.96792609530858 -57.389992376674286 3.5
      vertex 77.13775681356645 -57.800000000000004 1.5
    endloop
  endfacet
  facet normal 0.7933533402912373 0.608761429008718 0
    outer loop
      vertex 77.13775681356645 -57.800000000000004 1.5
      vertex 77.13775681356645 -57.800000000000004 3.5
      vertex 77.40791847198287 -58.152081528017135 1.5
    endloop
  endfacet
  facet normal 0.6087614290087102 0.7933533402912432 0
    outer loop
      vertex 77.40791847198287 -58.152081528017135 1.5
      vertex 77.40791847198287 -58.152081528017135 3.5
      vertex 77.76 -58.42224318643355 1.5
    endloop
  endfacet
  facet normal 0.38268343236509217 0.9238795325112859 0
    outer loop
      vertex 77.76 -58.42224318643355 1.5
      vertex 77.76 -58.42224318643355 3.5
      vertex 78.17000762332572 -58.59207390469142 1.5
    endloop
  endfacet
  facet normal 0.13052619222006093 0.9914448613738093 0
    outer loop
      vertex 78.17000762332572 -58.59207390469142 1.5
      vertex 78.17000762332572 -58.59207390469142 3.5
      vertex 78.61 -58.650000000000006 1.5
    endloop
  endfacet
  facet normal -0.13052619222006093 0.9914448613738093 0
    outer loop
      vertex 78.61 -58.650000000000006 1.5
      vertex 78.61 -58.650000000000006 3.5
      vertex 79.04999237667428 -58.59207390469142 1.5
    endloop
  endfacet
  facet normal -0.38268343236509217 0.9238795325112859 0
    outer loop
      vertex 79.04999237667428 -58.59207390469142 1.5
      vertex 79.04999237667428 -58.59207390469142 3.5
      vertex 79.46 -58.42224318643355 1.5
    endloop
  endfacet
  facet normal -0.6087614290087102 -0.7933533402912432 0
    outer loop
      vertex 79.46 -55.47775681356646 1.5
      vertex 79.81208152801713 -55.74791847198287 3.5
      vertex 79.46 -55.47775681356646 3.5
    endloop
  endfacet
  facet normal -0.7933533402912373 -0.608761429008718 0
    outer loop
      vertex 79.81208152801713 -55.74791847198287 1.5
      vertex 80.08224318643354 -56.1 3.5
      vertex 79.81208152801713 -55.74791847198287 3.5
    endloop
  endfacet
  facet normal -0.9238795325112882 -0.38268343236508656 0
    outer loop
      vertex 80.08224318643354 -56.1 1.5
      vertex 80.25207390469141 -56.51000762332572 3.5
      vertex 80.08224318643354 -56.1 3.5
    endloop
  endfacet
  facet normal -0.9914448613738093 -0.13052619222006093 0
    outer loop
      vertex 80.25207390469141 -56.51000762332572 1.5
      vertex 80.31 -56.95 3.5
      vertex 80.25207390469141 -56.51000762332572 3.5
    endloop
  endfacet
  facet normal -0.38268343236509217 -0.9238795325112859 -2.907537233774722e-19
    outer loop
      vertex 79.04999237667428 -55.30792609530859 1.5
      vertex 79.46 -55.47775681356646 1.5
      vertex 79.46 -55.47775681356646 3.5
    endloop
  endfacet
  facet normal -0.6087614290087102 -0.7933533402912432 5.149706094722831e-18
    outer loop
      vertex 79.46 -55.47775681356646 1.5
      vertex 79.81208152801713 -55.74791847198287 1.5
      vertex 79.81208152801713 -55.74791847198287 3.5
    endloop
  endfacet
  facet normal -0.7933533402912373 -0.608761429008718 -5.439183518743723e-18
    outer loop
      vertex 79.81208152801713 -55.74791847198287 1.5
      vertex 80.08224318643354 -56.1 1.5
      vertex 80.08224318643354 -56.1 3.5
    endloop
  endfacet
  facet normal -0.9238795325112882 -0.38268343236508656 4.389934438635834e-19
    outer loop
      vertex 80.08224318643354 -56.1 1.5
      vertex 80.25207390469141 -56.51000762332572 1.5
      vertex 80.25207390469141 -56.51000762332572 3.5
    endloop
  endfacet
  facet normal -0.9914448613738093 -0.13052619222006093 -1.751234223073565e-18
    outer loop
      vertex 80.25207390469141 -56.51000762332572 1.5
      vertex 80.31 -56.95 1.5
      vertex 80.31 -56.95 3.5
    endloop
  endfacet
  facet normal -0.9914448613738093 0.13052619222006093 0
    outer loop
      vertex 80.31 -56.95 1.5
      vertex 80.25207390469141 -57.389992376674286 3.5
      vertex 80.31 -56.95 3.5
    endloop
  endfacet
  facet normal -0.9238795325112882 0.38268343236508656 0
    outer loop
      vertex 80.25207390469141 -57.389992376674286 1.5
      vertex 80.08224318643354 -57.800000000000004 3.5
      vertex 80.25207390469141 -57.389992376674286 3.5
    endloop
  endfacet
  facet normal -0.7933533402912373 0.608761429008718 0
    outer loop
      vertex 80.08224318643354 -57.800000000000004 1.5
      vertex 79.81208152801713 -58.152081528017135 3.5
      vertex 80.08224318643354 -57.800000000000004 3.5
    endloop
  endfacet
  facet normal -0.38268343236509217 0.9238795325112859 0
    outer loop
      vertex 79.46 -58.42224318643355 1.5
      vertex 79.04999237667428 -58.59207390469142 3.5
      vertex 79.46 -58.42224318643355 3.5
    endloop
  endfacet
  facet normal -0.6087614290087102 0.7933533402912432 0
    outer loop
      vertex 79.81208152801713 -58.152081528017135 1.5
      vertex 79.46 -58.42224318643355 3.5
      vertex 79.81208152801713 -58.152081528017135 3.5
    endloop
  endfacet
  facet normal -0.9914448613738093 0.13052619222006093 1.751234223073565e-18
    outer loop
      vertex 80.31 -56.95 1.5
      vertex 80.25207390469141 -57.389992376674286 1.5
      vertex 80.25207390469141 -57.389992376674286 3.5
    endloop
  endfacet
  facet normal -0.9238795325112882 0.38268343236508656 0
    outer loop
      vertex 80.08224318643354 -57.800000000000004 1.5
      vertex 80.08224318643354 -57.800000000000004 3.5
      vertex 80.25207390469141 -57.389992376674286 1.5
    endloop
  endfacet
  facet normal -0.6087614290087102 0.7933533402912432 -5.149706094722831e-18
    outer loop
      vertex 79.81208152801713 -58.152081528017135 1.5
      vertex 79.46 -58.42224318643355 1.5
      vertex 79.46 -58.42224318643355 3.5
    endloop
  endfacet
  facet normal -0.7933533402912373 0.608761429008718 0
    outer loop
      vertex 79.81208152801713 -58.152081528017135 1.5
      vertex 79.81208152801713 -58.152081528017135 3.5
      vertex 80.08224318643354 -57.800000000000004 1.5
    endloop
  endfacet
  facet normal 0.28906839655122213 -0.6978728434073994 -0.6552960831179878
    outer loop
      vertex 77.76 -55.47775681356646 1.5
      vertex 77.10375 -54.34109847109938 0
      vertex 78.17000762332572 -55.30792609530859 1.5
    endloop
  endfacet
  facet normal 0.09859584685911645 -0.7489098092776983 -0.6552960831179866
    outer loop
      vertex 78.17000762332572 -55.30792609530859 1.5
      vertex 77.83030762662867 -54.04014844830419 0
      vertex 78.61 -55.25 1.5
    endloop
  endfacet
  facet normal -0.09859584685911647 -0.7489098092776986 -0.6552960831179863
    outer loop
      vertex 78.61 -55.25 1.5
      vertex 78.61 -53.9375 0
      vertex 79.04999237667428 -55.30792609530859 1.5
    endloop
  endfacet
  facet normal -0.28906839655122296 -0.6978728434074014 -0.6552960831179853
    outer loop
      vertex 79.04999237667428 -55.30792609530859 1.5
      vertex 79.38969237337133 -54.04014844830419 0
      vertex 79.46 -55.47775681356646 1.5
    endloop
  endfacet
  facet normal 0.45984141272647516 -0.5992769965482929 -0.6552960831179878
    outer loop
      vertex 77.76 -55.47775681356646 1.5
      vertex 76.47984082167552 -54.81984082167553 0
      vertex 77.10375 -54.34109847109938 0
    endloop
  endfacet
  facet normal 0.2890683965512151 -0.6978728434074042 -0.6552960831179859
    outer loop
      vertex 78.17000762332572 -55.30792609530859 1.5
      vertex 77.10375 -54.34109847109938 0
      vertex 77.83030762662867 -54.04014844830419 0
    endloop
  endfacet
  facet normal 0.09859584685911568 -0.7489098092776987 -0.6552960831179864
    outer loop
      vertex 78.61 -55.25 1.5
      vertex 77.83030762662867 -54.04014844830419 0
      vertex 78.61 -53.9375 0
    endloop
  endfacet
  facet normal -0.09859584685911565 -0.7489098092776985 -0.6552960831179865
    outer loop
      vertex 79.04999237667428 -55.30792609530859 1.5
      vertex 78.61 -53.9375 0
      vertex 79.38969237337133 -54.04014844830419 0
    endloop
  endfacet
  facet normal -0.28906839655121463 -0.6978728434074031 -0.6552960831179873
    outer loop
      vertex 79.46 -55.47775681356646 1.5
      vertex 79.38969237337133 -54.04014844830419 0
      vertex 80.11625 -54.34109847109938 0
    endloop
  endfacet
  facet normal -0.4598414127264757 -0.5992769965482937 -0.6552960831179866
    outer loop
      vertex 79.81208152801713 -55.74791847198287 1.5
      vertex 80.11625 -54.34109847109938 0
      vertex 80.74015917832448 -54.81984082167553 0
    endloop
  endfacet
  facet normal 0.6978728434074031 -0.2890683965512187 -0.6552960831179853
    outer loop
      vertex 77.13775681356645 -56.1 1.5
      vertex 76.96792609530858 -56.51000762332572 1.5
      vertex 75.70014844830419 -56.170307626628656 0
    endloop
  endfacet
  facet normal 0.748909809277702 -0.09859584685911693 -0.6552960831179823
    outer loop
      vertex 76.96792609530858 -56.51000762332572 1.5
      vertex 76.91 -56.95 1.5
      vertex 75.59750000000001 -56.95 0
    endloop
  endfacet
  facet normal 0.599276996548288 -0.4598414127264824 -0.6552960831179873
    outer loop
      vertex 77.40791847198287 -55.74791847198287 1.5
      vertex 76.13 -55.275762256938684 0
      vertex 76.47984082167552 -54.81984082167553 0
    endloop
  endfacet
  facet normal 0.6978728434074013 -0.28906839655121624 -0.6552960831179884
    outer loop
      vertex 77.13775681356645 -56.1 1.5
      vertex 76.13 -55.55 0.18414636793315964
      vertex 76.13 -55.518171332409736 0.17010590265080894
    endloop
  endfacet
  facet normal 0.6978728434074049 -0.2890683965512102 -0.6552960831179871
    outer loop
      vertex 77.13775681356645 -56.1 1.5
      vertex 75.70014844830419 -56.170307626628656 0
      vertex 76.13 -55.55 0.18414636793315964
    endloop
  endfacet
  facet normal 0.5992769965482998 -0.45984141272646545 -0.6552960831179883
    outer loop
      vertex 77.13775681356645 -56.1 1.5
      vertex 76.13 -55.518171332409736 0.17010590265080894
      vertex 76.13 -55.275762256938684 0
    endloop
  endfacet
  facet normal 0.6978728434074081 -0.28906839655121386 -0.6552960831179824
    outer loop
      vertex 76.13 -55.55 0.18414636793315964
      vertex 75.70014844830419 -56.170307626628656 0
      vertex 75.95708828009724 -55.55 0
    endloop
  endfacet
  facet normal 0.7489098092777013 -0.09859584685910741 -0.6552960831179845
    outer loop
      vertex 76.96792609530858 -56.51000762332572 1.5
      vertex 75.59750000000001 -56.95 0
      vertex 75.70014844830419 -56.170307626628656 0
    endloop
  endfacet
  facet normal 0.7489098092776962 0.09859584685911617 -0.655296083117989
    outer loop
      vertex 76.91 -56.95 1.5
      vertex 76.96792609530858 -57.389992376674286 1.5
      vertex 75.70014844830418 -57.72969237337135 0
    endloop
  endfacet
  facet normal 0.7489098092777038 0.09859584685909406 -0.6552960831179837
    outer loop
      vertex 76.91 -56.95 1.5
      vertex 75.70014844830418 -57.72969237337135 0
      vertex 75.59750000000001 -56.95 0
    endloop
  endfacet
  facet normal 0.6978728434073963 0.2890683965512283 -0.6552960831179883
    outer loop
      vertex 76.96792609530858 -57.389992376674286 1.5
      vertex 76.00109847109938 -58.456250000000004 0
      vertex 75.70014844830418 -57.72969237337135 0
    endloop
  endfacet
  facet normal 0.5992769965482948 0.459841412726475 -0.6552960831179862
    outer loop
      vertex 77.13775681356645 -57.800000000000004 1.5
      vertex 76.47984082167552 -59.08015917832448 0
      vertex 76.00109847109938 -58.456250000000004 0
    endloop
  endfacet
  facet normal 0.45984141272647083 -0.599276996548298 -0.6552960831179863
    outer loop
      vertex 77.76 -55.47775681356646 1.5
      vertex 77.40791847198287 -55.74791847198287 1.5
      vertex 76.47984082167552 -54.81984082167553 0
    endloop
  endfacet
  facet normal 0.599276996548292 -0.4598414127264755 -0.6552960831179884
    outer loop
      vertex 77.13775681356645 -56.1 1.5
      vertex 76.13 -55.275762256938684 0
      vertex 77.40791847198287 -55.74791847198287 1.5
    endloop
  endfacet
  facet normal 0.697872843407403 0.28906839655121863 -0.6552960831179856
    outer loop
      vertex 76.96792609530858 -57.389992376674286 1.5
      vertex 77.13775681356645 -57.800000000000004 1.5
      vertex 76.00109847109938 -58.456250000000004 0
    endloop
  endfacet
  facet normal 0.5992769965482933 0.45984141272647644 -0.6552960831179867
    outer loop
      vertex 77.13775681356645 -57.800000000000004 1.5
      vertex 77.40791847198287 -58.152081528017135 1.5
      vertex 76.47984082167552 -59.08015917832448 0
    endloop
  endfacet
  facet normal 0.4598414127264706 0.5992769965482978 -0.6552960831179865
    outer loop
      vertex 77.40791847198287 -58.152081528017135 1.5
      vertex 77.76 -58.42224318643355 1.5
      vertex 77.10375 -59.55890152890062 0
    endloop
  endfacet
  facet normal 0.28906839655122246 0.6978728434074002 -0.6552960831179869
    outer loop
      vertex 77.76 -58.42224318643355 1.5
      vertex 78.17000762332572 -58.59207390469142 1.5
      vertex 77.83030762662865 -59.85985155169582 0
    endloop
  endfacet
  facet normal 0.4598414127264717 0.5992769965482974 -0.6552960831179864
    outer loop
      vertex 77.40791847198287 -58.152081528017135 1.5
      vertex 77.10375 -59.55890152890062 0
      vertex 76.47984082167552 -59.08015917832448 0
    endloop
  endfacet
  facet normal 0.09859584685911647 0.7489098092776986 -0.6552960831179863
    outer loop
      vertex 78.17000762332572 -58.59207390469142 1.5
      vertex 78.61 -58.650000000000006 1.5
      vertex 78.61 -59.962500000000006 0
    endloop
  endfacet
  facet normal -0.09859584685911645 0.7489098092776983 -0.6552960831179865
    outer loop
      vertex 78.61 -58.650000000000006 1.5
      vertex 79.04999237667428 -58.59207390469142 1.5
      vertex 79.38969237337133 -59.85985155169582 0
    endloop
  endfacet
  facet normal 0.2890683965512256 0.6978728434073994 -0.655296083117986
    outer loop
      vertex 77.76 -58.42224318643355 1.5
      vertex 77.83030762662865 -59.85985155169582 0
      vertex 77.10375 -59.55890152890062 0
    endloop
  endfacet
  facet normal 0.09859584685911384 0.7489098092776985 -0.6552960831179868
    outer loop
      vertex 78.17000762332572 -58.59207390469142 1.5
      vertex 78.61 -59.962500000000006 0
      vertex 77.83030762662865 -59.85985155169582 0
    endloop
  endfacet
  facet normal -0.09859584685911568 0.7489098092776987 -0.6552960831179864
    outer loop
      vertex 78.61 -58.650000000000006 1.5
      vertex 79.38969237337133 -59.85985155169582 0
      vertex 78.61 -59.962500000000006 0
    endloop
  endfacet
  facet normal -0.4598414127264698 -0.5992769965482967 -0.6552960831179881
    outer loop
      vertex 79.46 -55.47775681356646 1.5
      vertex 80.11625 -54.34109847109938 0
      vertex 79.81208152801713 -55.74791847198287 1.5
    endloop
  endfacet
  facet normal -0.5992769965482933 -0.45984141272647644 -0.6552960831179867
    outer loop
      vertex 79.81208152801713 -55.74791847198287 1.5
      vertex 80.74015917832448 -54.81984082167553 0
      vertex 80.08224318643354 -56.1 1.5
    endloop
  endfacet
  facet normal -0.6978728434074005 -0.28906839655121763 -0.6552960831179887
    outer loop
      vertex 80.08224318643354 -56.1 1.5
      vertex 81.21890152890063 -55.44375000000001 0
      vertex 80.25207390469141 -56.51000762332572 1.5
    endloop
  endfacet
  facet normal -0.7489098092776962 -0.09859584685911617 -0.655296083117989
    outer loop
      vertex 80.25207390469141 -56.51000762332572 1.5
      vertex 81.51985155169582 -56.170307626628656 0
      vertex 80.31 -56.95 1.5
    endloop
  endfacet
  facet normal -0.5992769965482897 -0.4598414127264795 -0.6552960831179878
    outer loop
      vertex 80.08224318643354 -56.1 1.5
      vertex 80.74015917832448 -54.81984082167553 0
      vertex 81.21890152890063 -55.44375000000001 0
    endloop
  endfacet
  facet normal -0.6978728434073996 -0.28906839655121885 -0.655296083117989
    outer loop
      vertex 80.25207390469141 -56.51000762332572 1.5
      vertex 81.21890152890063 -55.44375000000001 0
      vertex 81.51985155169582 -56.170307626628656 0
    endloop
  endfacet
  facet normal -0.7489098092777038 -0.09859584685909406 -0.6552960831179837
    outer loop
      vertex 80.31 -56.95 1.5
      vertex 81.51985155169582 -56.170307626628656 0
      vertex 81.62249999999999 -56.95 0
    endloop
  endfacet
  facet normal -0.6978728434074001 0.28906839655121747 -0.6552960831179891
    outer loop
      vertex 80.08224318643354 -57.800000000000004 1.5
      vertex 80.25207390469141 -57.389992376674286 1.5
      vertex 81.51985155169582 -57.72969237337135 0
    endloop
  endfacet
  facet normal -0.28906839655122213 0.6978728434073994 -0.6552960831179878
    outer loop
      vertex 79.04999237667428 -58.59207390469142 1.5
      vertex 79.46 -58.42224318643355 1.5
      vertex 80.11625 -59.55890152890063 0
    endloop
  endfacet
  facet normal -0.5992769965482924 0.4598414127264757 -0.6552960831179881
    outer loop
      vertex 79.81208152801713 -58.152081528017135 1.5
      vertex 80.08224318643354 -57.800000000000004 1.5
      vertex 81.21890152890063 -58.45625 0
    endloop
  endfacet
  facet normal -0.45984141272647083 0.599276996548298 -0.6552960831179863
    outer loop
      vertex 79.81208152801713 -58.152081528017135 1.5
      vertex 80.74015917832448 -59.08015917832448 0
      vertex 79.46 -58.42224318643355 1.5
    endloop
  endfacet
  facet normal -0.748909809277702 0.09859584685911693 -0.6552960831179823
    outer loop
      vertex 80.31 -56.95 1.5
      vertex 81.62249999999999 -56.95 0
      vertex 80.25207390469141 -57.389992376674286 1.5
    endloop
  endfacet
  facet normal -0.5992769965482903 0.4598414127264799 -0.655296083117987
    outer loop
      vertex 79.81208152801713 -58.152081528017135 1.5
      vertex 81.21890152890063 -58.45625 0
      vertex 80.74015917832448 -59.08015917832448 0
    endloop
  endfacet
  facet normal -0.7489098092777005 0.09859584685909363 -0.6552960831179876
    outer loop
      vertex 80.25207390469141 -57.389992376674286 1.5
      vertex 81.62249999999999 -56.95 0
      vertex 81.51985155169582 -57.72969237337135 0
    endloop
  endfacet
  facet normal -0.6978728434073999 0.28906839655121896 -0.6552960831179887
    outer loop
      vertex 80.08224318643354 -57.800000000000004 1.5
      vertex 81.51985155169582 -57.72969237337135 0
      vertex 81.21890152890063 -58.45625 0
    endloop
  endfacet
  facet normal -0.2890683965512151 0.6978728434074042 -0.6552960831179859
    outer loop
      vertex 79.04999237667428 -58.59207390469142 1.5
      vertex 80.11625 -59.55890152890063 0
      vertex 79.38969237337133 -59.85985155169582 0
    endloop
  endfacet
  facet normal -0.45984141272647516 0.5992769965482929 -0.6552960831179878
    outer loop
      vertex 79.46 -58.42224318643355 1.5
      vertex 80.74015917832448 -59.08015917832448 0
      vertex 80.11625 -59.55890152890063 0
    endloop
  endfacet
  facet normal 0 -1 0
    outer loop
      vertex 52.129999999999995 -40.4 3.5
      vertex 49.129999999999995 -40.4 3.5
      vertex 49.129999999999995 -40.4 0
    endloop
  endfacet
  facet normal 0 -1 0
    outer loop
      vertex 49.129999999999995 -40.4 0
      vertex 52.129999999999995 -40.4 0
      vertex 52.129999999999995 -40.4 3.5
    endloop
  endfacet
  facet normal -1 0 0
    outer loop
      vertex 52.129999999999995 -55.55 3.5
      vertex 52.129999999999995 -40.4 3.5
      vertex 52.129999999999995 -40.4 0
    endloop
  endfacet
  facet normal 1 0 0
    outer loop
      vertex 49.129999999999995 -55.55 0
      vertex 49.129999999999995 -40.4 0
      vertex 49.129999999999995 -40.4 3.5
    endloop
  endfacet
  facet normal 1 0 0
    outer loop
      vertex 49.129999999999995 -55.55 0
      vertex 49.129999999999995 -40.4 3.5
      vertex 49.129999999999995 -55.55 3.5
    endloop
  endfacet
  facet normal -1 0 0
    outer loop
      vertex 52.129999999999995 -40.4 0
      vertex 52.129999999999995 -55.55 0
      vertex 52.129999999999995 -55.55 3.5
    endloop
  endfacet
  facet normal 0 1 0
    outer loop
      vertex 52.129999999999995 -55.55 0
      vertex 49.129999999999995 -55.55 3.5
      vertex 52.129999999999995 -55.55 3.5
    endloop
  endfacet
  facet normal 0 1 0
    outer loop
      vertex 49.129999999999995 -55.55 0
      vertex 49.129999999999995 -55.55 3.5
      vertex 52.129999999999995 -55.55 0
    endloop
  endfacet
  facet normal 0 -1 0
    outer loop
      vertex 58.129999999999995 -40.4 3.5
      vertex 55.129999999999995 -40.4 3.5
      vertex 55.129999999999995 -40.4 0
    endloop
  endfacet
  facet normal 0 -1 0
    outer loop
      vertex 55.129999999999995 -40.4 0
      vertex 58.129999999999995 -40.4 0
      vertex 58.129999999999995 -40.4 3.5
    endloop
  endfacet
  facet normal -1 0 0
    outer loop
      vertex 58.129999999999995 -40.4 0
      vertex 58.129999999999995 -55.55 3.5
      vertex 58.129999999999995 -40.4 3.5
    endloop
  endfacet
  facet normal 1 0 0
    outer loop
      vertex 55.129999999999995 -55.55 0
      vertex 55.129999999999995 -40.4 0
      vertex 55.129999999999995 -40.4 3.5
    endloop
  endfacet
  facet normal 1 0 0
    outer loop
      vertex 55.129999999999995 -55.55 0
      vertex 55.129999999999995 -40.4 3.5
      vertex 55.129999999999995 -55.55 3.5
    endloop
  endfacet
  facet normal -1 0 0
    outer loop
      vertex 58.129999999999995 -40.4 0
      vertex 58.129999999999995 -55.55 0
      vertex 58.129999999999995 -55.55 3.5
    endloop
  endfacet
  facet normal 0 1 0
    outer loop
      vertex 58.129999999999995 -55.55 0
      vertex 55.129999999999995 -55.55 3.5
      vertex 58.129999999999995 -55.55 3.5
    endloop
  endfacet
  facet normal 0 1 0
    outer loop
      vertex 55.129999999999995 -55.55 0
      vertex 55.129999999999995 -55.55 3.5
      vertex 58.129999999999995 -55.55 0
    endloop
  endfacet
  facet normal 0 -1 0
    outer loop
      vertex 61.129999999999995 -40.4 0
      vertex 64.13 -40.4 3.5
      vertex 61.129999999999995 -40.4 3.5
    endloop
  endfacet
  facet normal 0 -1 0
    outer loop
      vertex 64.13 -40.4 0
      vertex 64.13 -40.4 3.5
      vertex 61.129999999999995 -40.4 0
    endloop
  endfacet
  facet normal 1 0 0
    outer loop
      vertex 61.129999999999995 -55.55 0
      vertex 61.129999999999995 -40.4 0
      vertex 61.129999999999995 -40.4 3.5
    endloop
  endfacet
  facet normal 1 0 0
    outer loop
      vertex 61.129999999999995 -40.4 3.5
      vertex 61.129999999999995 -55.55 3.5
      vertex 61.129999999999995 -55.55 0
    endloop
  endfacet
  facet normal 0 1 0
    outer loop
      vertex 64.13 -55.55 0
      vertex 61.129999999999995 -55.55 3.5
      vertex 64.13 -55.55 3.5
    endloop
  endfacet
  facet normal 0 1 0
    outer loop
      vertex 61.129999999999995 -55.55 0
      vertex 61.129999999999995 -55.55 3.5
      vertex 64.13 -55.55 0
    endloop
  endfacet
  facet normal -1 0 0
    outer loop
      vertex 64.13 -40.4 0
      vertex 64.13 -55.55 3.5
      vertex 64.13 -40.4 3.5
    endloop
  endfacet
  facet normal -1 0 0
    outer loop
      vertex 64.13 -40.4 0
      vertex 64.13 -55.55 0
      vertex 64.13 -55.55 3.5
    endloop
  endfacet
  facet normal 0 -1 0
    outer loop
      vertex 70.13 -40.4 3.5
      vertex 67.13 -40.4 3.5
      vertex 67.13 -40.4 0
    endloop
  endfacet
  facet normal 1 0 0
    outer loop
      vertex 67.13 -55.55 0
      vertex 67.13 -40.4 0
      vertex 67.13 -40.4 3.5
    endloop
  endfacet
  facet normal 0 -1 0
    outer loop
      vertex 70.13 -40.4 0
      vertex 70.13 -40.4 3.5
      vertex 67.13 -40.4 0
    endloop
  endfacet
  facet normal -1 0 0
    outer loop
      vertex 70.13 -55.55 3.5
      vertex 70.13 -40.4 3.5
      vertex 70.13 -40.4 0
    endloop
  endfacet
  facet normal 1 0 0
    outer loop
      vertex 67.13 -55.55 0
      vertex 67.13 -40.4 3.5
      vertex 67.13 -55.55 3.5
    endloop
  endfacet
  facet normal -1 0 0
    outer loop
      vertex 70.13 -55.55 0
      vertex 70.13 -55.55 3.5
      vertex 70.13 -40.4 0
    endloop
  endfacet
  facet normal 0 1 0
    outer loop
      vertex 67.13 -55.55 0
      vertex 67.13 -55.55 3.5
      vertex 70.13 -55.55 0
    endloop
  endfacet
  facet normal 0 1 0
    outer loop
      vertex 70.13 -55.55 0
      vertex 67.13 -55.55 3.5
      vertex 70.13 -55.55 3.5
    endloop
  endfacet
  facet normal 1 0 0
    outer loop
      vertex 73.13 -55.55 0
      vertex 73.13 -40.4 0
      vertex 73.13 -40.4 3.5
    endloop
  endfacet
  facet normal 0 -1 0
    outer loop
      vertex 76.13 -40.4 3.5
      vertex 73.13 -40.4 3.5
      vertex 73.13 -40.4 0
    endloop
  endfacet
  facet normal 0 -1 0
    outer loop
      vertex 76.13 -40.4 3.5
      vertex 73.13 -40.4 0
      vertex 76.13 -40.4 0
    endloop
  endfacet
  facet normal -1 0 0
    outer loop
      vertex 76.13 -40.4 3.5
      vertex 76.13 -40.4 0
      vertex 76.13 -55.55 3.5
    endloop
  endfacet
  facet normal 1 0 0
    outer loop
      vertex 73.13 -40.4 3.5
      vertex 73.13 -55.55 3.5
      vertex 73.13 -55.55 0
    endloop
  endfacet
  facet normal -1 0 0
    outer loop
      vertex 76.13 -55.55 0.18414636793315964
      vertex 76.13 -55.55 3.5
      vertex 76.13 -40.4 0
    endloop
  endfacet
  facet normal -1 0 0
    outer loop
      vertex 76.13 -55.518171332409736 0.17010590265080894
      vertex 76.13 -40.4 0
      vertex 76.13 -55.275762256938684 0
    endloop
  endfacet
  facet normal -1 0 0
    outer loop
      vertex 76.13 -55.55 0.18414636793315964
      vertex 76.13 -40.4 0
      vertex 76.13 -55.518171332409736 0.17010590265080894
    endloop
  endfacet
  facet normal 0 1 0
    outer loop
      vertex 76.13 -55.55 0.18414636793315964
      vertex 73.13 -55.55 3.5
      vertex 76.13 -55.55 3.5
    endloop
  endfacet
  facet normal 0 1 0
    outer loop
      vertex 76.13 -55.55 0.18414636793315964
      vertex 75.95708828009724 -55.55 0
      vertex 73.13 -55.55 3.5
    endloop
  endfacet
  facet normal 0 1 0
    outer loop
      vertex 73.13 -55.55 0
      vertex 73.13 -55.55 3.5
      vertex 75.95708828009724 -55.55 0
    endloop
  endfacet
  facet normal 0 -1 0
    outer loop
      vertex 13.71 -7 3.5
      vertex 10.71 -7 3.5
      vertex 10.71 -7 0
    endloop
  endfacet
  facet normal 0 -1 0
    outer loop
      vertex 13.71 -7 3.5
      vertex 10.71 -7 0
      vertex 13.71 -7 0
    endloop
  endfacet
  facet normal -1 0 0
    outer loop
      vertex 13.71 -22 3.5
      vertex 13.71 -7 3.5
      vertex 13.71 -7 0
    endloop
  endfacet
  facet normal 1 0 0
    outer loop
      vertex 10.71 -7 3.5
      vertex 10.71 -22 0
      vertex 10.71 -7 0
    endloop
  endfacet
  facet normal 1 0 0
    outer loop
      vertex 10.71 -7 3.5
      vertex 10.71 -22 3.5
      vertex 10.71 -22 0
    endloop
  endfacet
  facet normal -1 0 0
    outer loop
      vertex 13.71 -22 3.5
      vertex 13.71 -7 0
      vertex 13.71 -22 0
    endloop
  endfacet
  facet normal 0 1 0
    outer loop
      vertex 13.71 -22 3.5
      vertex 13.71 -22 0
      vertex 10.71 -22 3.5
    endloop
  endfacet
  facet normal 0 1 0
    outer loop
      vertex 10.71 -22 3.5
      vertex 13.71 -22 0
      vertex 10.71 -22 0
    endloop
  endfacet
  facet normal 0 -1 0
    outer loop
      vertex 19.71 -7 3.5
      vertex 16.71 -7 3.5
      vertex 16.71 -7 0
    endloop
  endfacet
  facet normal 0 -1 0
    outer loop
      vertex 19.71 -7 3.5
      vertex 16.71 -7 0
      vertex 19.71 -7 0
    endloop
  endfacet
  facet normal -1 0 0
    outer loop
      vertex 19.71 -22 3.5
      vertex 19.71 -7 3.5
      vertex 19.71 -7 0
    endloop
  endfacet
  facet normal 1 0 0
    outer loop
      vertex 16.71 -22 0
      vertex 16.71 -7 0
      vertex 16.71 -7 3.5
    endloop
  endfacet
  facet normal 1 0 0
    outer loop
      vertex 16.71 -7 3.5
      vertex 16.71 -22 3.5
      vertex 16.71 -22 0
    endloop
  endfacet
  facet normal -1 0 0
    outer loop
      vertex 19.71 -7 0
      vertex 19.71 -22 0
      vertex 19.71 -22 3.5
    endloop
  endfacet
  facet normal 0 1 0
    outer loop
      vertex 19.71 -22 3.5
      vertex 19.71 -22 0
      vertex 16.71 -22 3.5
    endloop
  endfacet
  facet normal 0 1 0
    outer loop
      vertex 16.71 -22 3.5
      vertex 19.71 -22 0
      vertex 16.71 -22 0
    endloop
  endfacet
  facet normal 0 -1 0
    outer loop
      vertex 25.71 -7 3.5
      vertex 22.71 -7 3.5
      vertex 22.71 -7 0
    endloop
  endfacet
  facet normal 0 -1 0
    outer loop
      vertex 25.71 -7 3.5
      vertex 22.71 -7 0
      vertex 25.71 -7 0
    endloop
  endfacet
  facet normal -1 0 0
    outer loop
      vertex 25.71 -22 3.5
      vertex 25.71 -7 3.5
      vertex 25.71 -7 0
    endloop
  endfacet
  facet normal 1 0 0
    outer loop
      vertex 22.71 -22 0
      vertex 22.71 -7 0
      vertex 22.71 -7 3.5
    endloop
  endfacet
  facet normal 1 0 0
    outer loop
      vertex 22.71 -7 3.5
      vertex 22.71 -22 3.5
      vertex 22.71 -22 0
    endloop
  endfacet
  facet normal -1 0 0
    outer loop
      vertex 25.71 -22 3.5
      vertex 25.71 -7 0
      vertex 25.71 -22 0
    endloop
  endfacet
  facet normal 0 1 0
    outer loop
      vertex 25.71 -22 3.5
      vertex 25.71 -22 0
      vertex 22.71 -22 3.5
    endloop
  endfacet
  facet normal 0 1 0
    outer loop
      vertex 22.71 -22 3.5
      vertex 25.71 -22 0
      vertex 22.71 -22 0
    endloop
  endfacet
  facet normal 0 -1 0
    outer loop
      vertex 31.71 -7 3.5
      vertex 28.71 -7 3.5
      vertex 28.71 -7 0
    endloop
  endfacet
  facet normal 0 -1 0
    outer loop
      vertex 31.71 -7 3.5
      vertex 28.71 -7 0
      vertex 31.71 -7 0
    endloop
  endfacet
  facet normal -1 0 0
    outer loop
      vertex 31.71 -22 3.5
      vertex 31.71 -7 3.5
      vertex 31.71 -7 0
    endloop
  endfacet
  facet normal 1 0 0
    outer loop
      vertex 28.71 -7 3.5
      vertex 28.71 -22 0
      vertex 28.71 -7 0
    endloop
  endfacet
  facet normal 1 0 0
    outer loop
      vertex 28.71 -7 3.5
      vertex 28.71 -22 3.5
      vertex 28.71 -22 0
    endloop
  endfacet
  facet normal -1 0 0
    outer loop
      vertex 31.71 -22 0
      vertex 31.71 -22 3.5
      vertex 31.71 -7 0
    endloop
  endfacet
  facet normal 0 1 0
    outer loop
      vertex 28.71 -22 3.5
      vertex 31.71 -22 3.5
      vertex 31.71 -22 0
    endloop
  endfacet
  facet normal 0 1 0
    outer loop
      vertex 28.71 -22 3.5
      vertex 31.71 -22 0
      vertex 28.71 -22 0
    endloop
  endfacet
  facet normal 0 -1 0
    outer loop
      vertex 37.71 -7 3.5
      vertex 34.71 -7 3.5
      vertex 34.71 -7 0
    endloop
  endfacet
  facet normal 0 -1 0
    outer loop
      vertex 37.71 -7 3.5
      vertex 34.71 -7 0
      vertex 37.71 -7 0
    endloop
  endfacet
  facet normal 1 0 0
    outer loop
      vertex 34.71 -7 3.5
      vertex 34.71 -22 0
      vertex 34.71 -7 0
    endloop
  endfacet
  facet normal -1 0 0
    outer loop
      vertex 37.71 -22 3.5
      vertex 37.71 -7 3.5
      vertex 37.71 -7 0
    endloop
  endfacet
  facet normal 1 0 0
    outer loop
      vertex 34.71 -7 3.5
      vertex 34.71 -22 3.5
      vertex 34.71 -22 0
    endloop
  endfacet
  facet normal 0 1 0
    outer loop
      vertex 37.71 -22 0
      vertex 34.71 -22 3.5
      vertex 37.71 -22 3.5
    endloop
  endfacet
  facet normal 0 1 0
    outer loop
      vertex 34.71 -22 0
      vertex 34.71 -22 3.5
      vertex 37.71 -22 0
    endloop
  endfacet
  facet normal -1 0 0
    outer loop
      vertex 37.71 -22 3.5
      vertex 37.71 -7 0
      vertex 37.71 -22 0
    endloop
  endfacet
  facet normal 0 -1 0
    outer loop
      vertex 43.71 -7 3.5
      vertex 40.71 -7 3.5
      vertex 40.71 -7 0
    endloop
  endfacet
  facet normal 1 0 0
    outer loop
      vertex 40.71 -7 3.5
      vertex 40.71 -22 0
      vertex 40.71 -7 0
    endloop
  endfacet
  facet normal 1 0 0
    outer loop
      vertex 40.71 -7 3.5
      vertex 40.71 -22 3.5
      vertex 40.71 -22 0
    endloop
  endfacet
  facet normal 0 1 0
    outer loop
      vertex 40.71 -22 3.5
      vertex 43.71 -22 0
      vertex 40.71 -22 0
    endloop
  endfacet
  facet normal 0 -1 0
    outer loop
      vertex 40.71 -7 0
      vertex 43.71 -7 0
      vertex 43.71 -7 3.5
    endloop
  endfacet
  facet normal -1 0 0
    outer loop
      vertex 43.71 -22 3.5
      vertex 43.71 -7 3.5
      vertex 43.71 -7 0
    endloop
  endfacet
  facet normal -1 0 0
    outer loop
      vertex 43.71 -22 3.5
      vertex 43.71 -7 0
      vertex 43.71 -22 0
    endloop
  endfacet
  facet normal 0 1 0
    outer loop
      vertex 40.71 -22 3.5
      vertex 43.71 -22 3.5
      vertex 43.71 -22 0
    endloop
  endfacet
  facet normal 0 -1 0
    outer loop
      vertex 49.71 -7 3.5
      vertex 46.71 -7 3.5
      vertex 46.71 -7 0
    endloop
  endfacet
  facet normal 0 -1 0
    outer loop
      vertex 49.71 -7 3.5
      vertex 46.71 -7 0
      vertex 49.71 -7 0
    endloop
  endfacet
  facet normal 1 0 0
    outer loop
      vertex 46.71 -7 3.5
      vertex 46.71 -22 0
      vertex 46.71 -7 0
    endloop
  endfacet
  facet normal -1 0 0
    outer loop
      vertex 49.71 -22 3.5
      vertex 49.71 -7 3.5
      vertex 49.71 -7 0
    endloop
  endfacet
  facet normal 1 0 0
    outer loop
      vertex 46.71 -7 3.5
      vertex 46.71 -22 3.5
      vertex 46.71 -22 0
    endloop
  endfacet
  facet normal -1 0 0
    outer loop
      vertex 49.71 -22 3.5
      vertex 49.71 -7 0
      vertex 49.71 -22 0
    endloop
  endfacet
  facet normal 0 1 0
    outer loop
      vertex 49.71 -22 3.5
      vertex 49.71 -22 0
      vertex 46.71 -22 3.5
    endloop
  endfacet
  facet normal 0 1 0
    outer loop
      vertex 46.71 -22 3.5
      vertex 49.71 -22 0
      vertex 46.71 -22 0
    endloop
  endfacet
  facet normal 1 0 0
    outer loop
      vertex 52.71 -7 3.5
      vertex 52.71 -22 0
      vertex 52.71 -7 0
    endloop
  endfacet
  facet normal 0 -1 0
    outer loop
      vertex 55.71 -7 3.5
      vertex 52.71 -7 3.5
      vertex 52.71 -7 0
    endloop
  endfacet
  facet normal 0 -1 0
    outer loop
      vertex 55.71 -7 3.5
      vertex 52.71 -7 0
      vertex 55.71 -7 0
    endloop
  endfacet
  facet normal -1 0 0
    outer loop
      vertex 55.71 -22 3.5
      vertex 55.71 -7 3.5
      vertex 55.71 -7 0
    endloop
  endfacet
  facet normal 1 0 0
    outer loop
      vertex 52.71 -7 3.5
      vertex 52.71 -22 3.5
      vertex 52.71 -22 0
    endloop
  endfacet
  facet normal -1 0 0
    outer loop
      vertex 55.71 -22 3.5
      vertex 55.71 -7 0
      vertex 55.71 -22 0
    endloop
  endfacet
  facet normal 0 1 0
    outer loop
      vertex 55.71 -22 3.5
      vertex 55.71 -22 0
      vertex 52.71 -22 3.5
    endloop
  endfacet
  facet normal 0 1 0
    outer loop
      vertex 52.71 -22 3.5
      vertex 55.71 -22 0
      vertex 52.71 -22 0
    endloop
  endfacet
  facet normal 0 -1 0
    outer loop
      vertex 61.71 -7 3.5
      vertex 58.71 -7 3.5
      vertex 58.71 -7 0
    endloop
  endfacet
  facet normal 0 -1 0
    outer loop
      vertex 61.71 -7 3.5
      vertex 58.71 -7 0
      vertex 61.71 -7 0
    endloop
  endfacet
  facet normal -1 0 0
    outer loop
      vertex 61.71 -22 3.5
      vertex 61.71 -7 3.5
      vertex 61.71 -7 0
    endloop
  endfacet
  facet normal 1 0 0
    outer loop
      vertex 58.71 -7 3.5
      vertex 58.71 -22 0
      vertex 58.71 -7 0
    endloop
  endfacet
  facet normal 1 0 0
    outer loop
      vertex 58.71 -7 3.5
      vertex 58.71 -22 3.5
      vertex 58.71 -22 0
    endloop
  endfacet
  facet normal -1 0 0
    outer loop
      vertex 61.71 -22 3.5
      vertex 61.71 -7 0
      vertex 61.71 -22 0
    endloop
  endfacet
  facet normal 0 1 0
    outer loop
      vertex 61.71 -22 3.5
      vertex 61.71 -22 0
      vertex 58.71 -22 3.5
    endloop
  endfacet
  facet normal 0 1 0
    outer loop
      vertex 58.71 -22 3.5
      vertex 61.71 -22 0
      vertex 58.71 -22 0
    endloop
  endfacet
endsolid OpenSCAD_Model
