solid OpenSCAD_Model
  facet normal 0 0 -1
    outer loop
      vertex 0.7322330474853516 0.7322330474853516 0
      vertex 0 2.5 0
      vertex 12.71 7 0
    endloop
  endfacet
  facet normal 0 0 -1
    outer loop
      vertex 0.7322330474853516 0.7322330474853516 0
      vertex 12.71 7 0
      vertex 2.5 0 0
    endloop
  endfacet
  facet normal 0 0 -1
    outer loop
      vertex 2.5 0 0
      vertex 12.71 7 0
      vertex 15.71 7 0
    endloop
  endfacet
  facet normal -1 0 0
    outer loop
      vertex 0 2.5 0
      vertex 0 3.5 7.1
      vertex 0 25.5 7.1
    endloop
  endfacet
  facet normal 0 0 -1
    outer loop
      vertex 2.5 0 0
      vertex 15.71 7 0
      vertex 18.71 7 0
    endloop
  endfacet
  facet normal 0 0 -1
    outer loop
      vertex 2.5 0 0
      vertex 18.71 7 0
      vertex 21.71 7 0
    endloop
  endfacet
  facet normal 0 0 -1
    outer loop
      vertex 2.5 0 0
      vertex 21.71 7 0
      vertex 24.71 7 0
    endloop
  endfacet
  facet normal 0 0 -1
    outer loop
      vertex 2.5 0 0
      vertex 24.71 7 0
      vertex 27.71 7 0
    endloop
  endfacet
  facet normal 0 0 -1
    outer loop
      vertex 2.5 0 0
      vertex 27.71 7 0
      vertex 30.71 7 0
    endloop
  endfacet
  facet normal 0 0 -1
    outer loop
      vertex 15.71 22 0
      vertex 18.71 7 0
      vertex 15.71 7 0
    endloop
  endfacet
  facet normal -0.3826834326500641 -0.9238795323932465 0
    outer loop
      vertex 0.7322330474853516 0.7322330474853516 0
      vertex 2.5 0 0
      vertex 0.7322330474853516 0.7322330474853516 29.74
    endloop
  endfacet
  facet normal -0.9238795323932465 -0.3826834326500641 0
    outer loop
      vertex 0.7322330474853516 0.7322330474853516 0
      vertex 0 2.5 29.74
      vertex 0 2.5 0
    endloop
  endfacet
  facet normal -1 0 0
    outer loop
      vertex 0 2.5 0
      vertex 0 2.5 29.74
      vertex 0 3.5 7.1
    endloop
  endfacet
  facet normal 0 0 -1
    outer loop
      vertex 0 2.5 0
      vertex 0 64.45000000298023 0
      vertex 12.71 7 0
    endloop
  endfacet
  facet normal -1 0 0
    outer loop
      vertex 0 2.5 0
      vertex 0 25.5 7.1
      vertex 0 64.45000000298023 0
    endloop
  endfacet
  facet normal 0 0 -1
    outer loop
      vertex 0 64.45000000298023 0
      vertex 12.71 22 0
      vertex 12.71 7 0
    endloop
  endfacet
  facet normal 0 0 -1
    outer loop
      vertex 18.71 7 0
      vertex 15.71 22 0
      vertex 18.71 22 0
    endloop
  endfacet
  facet normal 0 0 -1
    outer loop
      vertex 2.5 0 0
      vertex 30.71 7 0
      vertex 33.71 7 0
    endloop
  endfacet
  facet normal 0 0 -1
    outer loop
      vertex 2.5 0 0
      vertex 33.71 7 0
      vertex 36.71 7 0
    endloop
  endfacet
  facet normal 0 0 -1
    outer loop
      vertex 2.5 0 0
      vertex 36.71 7 0
      vertex 39.71 7 0
    endloop
  endfacet
  facet normal 0 0 -1
    outer loop
      vertex 2.5 0 0
      vertex 39.71 7 0
      vertex 42.71 7 0
    endloop
  endfacet
  facet normal 0 0 -1
    outer loop
      vertex 2.5 0 0
      vertex 42.71 7 0
      vertex 45.71 7 0
    endloop
  endfacet
  facet normal 0 0 -1
    outer loop
      vertex 21.71 22 0
      vertex 24.71 7 0
      vertex 21.71 7 0
    endloop
  endfacet
  facet normal 0 0 -1
    outer loop
      vertex 27.71 7 0
      vertex 27.71 22 0
      vertex 30.71 7 0
    endloop
  endfacet
  facet normal 0 0 -1
    outer loop
      vertex 2.5 0 0
      vertex 45.71 7 0
      vertex 48.71 7 0
    endloop
  endfacet
  facet normal 0 0 -1
    outer loop
      vertex 2.5 0 0
      vertex 48.71 7 0
      vertex 51.71 7 0
    endloop
  endfacet
  facet normal 0 0 -1
    outer loop
      vertex 2.5 0 0
      vertex 51.71 7 0
      vertex 54.71 7 0
    endloop
  endfacet
  facet normal 0 0 -1
    outer loop
      vertex 2.5 0 0
      vertex 54.71 7 0
      vertex 57.71 7 0
    endloop
  endfacet
  facet normal 0 0 -1
    outer loop
      vertex 2.5 0 0
      vertex 57.71 7 0
      vertex 60.71 7 0
    endloop
  endfacet
  facet normal 0 0 -1
    outer loop
      vertex 33.71 7 0
      vertex 33.71 22 0
      vertex 36.71 7 0
    endloop
  endfacet
  facet normal 0 0 -1
    outer loop
      vertex 39.71 7 0
      vertex 39.71 22 0
      vertex 42.71 7 0
    endloop
  endfacet
  facet normal 0 -1 0
    outer loop
      vertex 2.5 0 0
      vertex 82.10999999940395 0 0
      vertex 2.5 0 29.74
    endloop
  endfacet
  facet normal 0 0 -1
    outer loop
      vertex 24.71 7 0
      vertex 21.71 22 0
      vertex 24.71 22 0
    endloop
  endfacet
  facet normal 0 0 -1
    outer loop
      vertex 27.71 22 0
      vertex 30.71 22 0
      vertex 30.71 7 0
    endloop
  endfacet
  facet normal 0 0 -1
    outer loop
      vertex 36.71 7 0
      vertex 33.71 22 0
      vertex 36.71 22 0
    endloop
  endfacet
  facet normal 0 0 -1
    outer loop
      vertex 42.71 7 0
      vertex 39.71 22 0
      vertex 42.71 22 0
    endloop
  endfacet
  facet normal -0.9238795323932465 -0.3826834326500641 0
    outer loop
      vertex 0.7322330474853516 0.7322330474853516 0
      vertex 0.7322330474853516 0.7322330474853516 29.74
      vertex 0 2.5 29.74
    endloop
  endfacet
  facet normal -0.3826834326500641 -0.9238795323932465 0
    outer loop
      vertex 2.5 0 0
      vertex 2.5 0 29.74
      vertex 0.7322330474853516 0.7322330474853516 29.74
    endloop
  endfacet
  facet normal -1 0 0
    outer loop
      vertex 0 2.5 29.74
      vertex 0 3.5 22.1
      vertex 0 3.5 7.1
    endloop
  endfacet
  facet normal 0 0 1
    outer loop
      vertex 0.7322330474853516 0.7322330474853516 29.74
      vertex 2 3 29.74
      vertex 0 2.5 29.74
    endloop
  endfacet
  facet normal 0 0 1
    outer loop
      vertex 0.7322330474853516 0.7322330474853516 29.74
      vertex 2.5 0 29.74
      vertex 2.6909830048680305 2.048943482339382 29.74
    endloop
  endfacet
  facet normal 0 0 1
    outer loop
      vertex 0.7322330474853516 0.7322330474853516 29.74
      vertex 2.6909830048680305 2.048943482339382 29.74
      vertex 2 3 29.74
    endloop
  endfacet
  facet normal 0 0 1
    outer loop
      vertex 2.5 0 29.74
      vertex 3 2 29.74
      vertex 2.6909830048680305 2.048943482339382 29.74
    endloop
  endfacet
  facet normal -1 0 0
    outer loop
      vertex 0 2.5 29.74
      vertex 0 25.5 22.1
      vertex 0 3.5 22.1
    endloop
  endfacet
  facet normal 0 0 1
    outer loop
      vertex 0 2.5 29.74
      vertex 2 3 29.74
      vertex 2 63.95000000298023 29.74
    endloop
  endfacet
  facet normal -1 0 0
    outer loop
      vertex 0 2.5 29.74
      vertex 0 64.45000000298023 29.74
      vertex 0 25.5 22.1
    endloop
  endfacet
  facet normal 0 0 1
    outer loop
      vertex 2.5 0 29.74
      vertex 82.10999999940395 0 29.74
      vertex 3 2 29.74
    endloop
  endfacet
  facet normal 0 0 -1
    outer loop
      vertex 0 64.45000000298023 0
      vertex 15.71 22 0
      vertex 12.71 22 0
    endloop
  endfacet
  facet normal 0 0 -1
    outer loop
      vertex 0 64.45000000298023 0
      vertex 18.71 22 0
      vertex 15.71 22 0
    endloop
  endfacet
  facet normal 0 0 -1
    outer loop
      vertex 0 64.45000000298023 0
      vertex 21.71 22 0
      vertex 18.71 22 0
    endloop
  endfacet
  facet normal 0 0 -1
    outer loop
      vertex 0 64.45000000298023 0
      vertex 24.71 22 0
      vertex 21.71 22 0
    endloop
  endfacet
  facet normal -1 0 0
    outer loop
      vertex 0 64.45000000298023 0
      vertex 0 25.5 7.1
      vertex 0 25.5 22.1
    endloop
  endfacet
  facet normal 0 0 -1
    outer loop
      vertex 0 64.45000000298023 0
      vertex 0.7322330474853516 66.21776695549488 0
      vertex 2.5 66.95000000298023 0
    endloop
  endfacet
  facet normal -0.9238795323932465 0.3826834326500641 0
    outer loop
      vertex 0 64.45000000298023 0
      vertex 0.7322330474853516 66.21776695549488 29.74
      vertex 0.7322330474853516 66.21776695549488 0
    endloop
  endfacet
  facet normal -0.3826834326500641 0.9238795323932465 0
    outer loop
      vertex 0.7322330474853516 66.21776695549488 0
      vertex 2.5 66.95000000298023 29.74
      vertex 2.5 66.95000000298023 0
    endloop
  endfacet
  facet normal 0 0 -1
    outer loop
      vertex 0 64.45000000298023 0
      vertex 2.5 66.95000000298023 0
      vertex 82.10999999940395 66.95000000298023 0
    endloop
  endfacet
  facet normal 0 0 -1
    outer loop
      vertex 0 64.45000000298023 0
      vertex 82.10999999940395 66.95000000298023 0
      vertex 24.71 22 0
    endloop
  endfacet
  facet normal 0 0 1
    outer loop
      vertex 0 2.5 29.74
      vertex 2 63.95000000298023 29.74
      vertex 0 64.45000000298023 29.74
    endloop
  endfacet
  facet normal -1 0 0
    outer loop
      vertex 0 64.45000000298023 0
      vertex 0 25.5 22.1
      vertex 0 64.45000000298023 29.74
    endloop
  endfacet
  facet normal -0.9238795323932465 0.3826834326500641 0
    outer loop
      vertex 0 64.45000000298023 0
      vertex 0 64.45000000298023 29.74
      vertex 0.7322330474853516 66.21776695549488 29.74
    endloop
  endfacet
  facet normal -0.3826834326500641 0.9238795323932465 0
    outer loop
      vertex 0.7322330474853516 66.21776695549488 0
      vertex 0.7322330474853516 66.21776695549488 29.74
      vertex 2.5 66.95000000298023 29.74
    endloop
  endfacet
  facet normal 0 0 1
    outer loop
      vertex 0 64.45000000298023 29.74
      vertex 2 63.95000000298023 29.74
      vertex 2.048943482339382 64.2590169981122 29.74
    endloop
  endfacet
  facet normal 0 0 1
    outer loop
      vertex 0 64.45000000298023 29.74
      vertex 2.048943482339382 64.2590169981122 29.74
      vertex 3 64.95000000298023 29.74
    endloop
  endfacet
  facet normal 0 0 1
    outer loop
      vertex 0 64.45000000298023 29.74
      vertex 2.5 66.95000000298023 29.74
      vertex 0.7322330474853516 66.21776695549488 29.74
    endloop
  endfacet
  facet normal 0 0 1
    outer loop
      vertex 0 64.45000000298023 29.74
      vertex 3 64.95000000298023 29.74
      vertex 2.5 66.95000000298023 29.74
    endloop
  endfacet
  facet normal 0 1 0
    outer loop
      vertex 2.5 66.95000000298023 0
      vertex 2.5 66.95000000298023 29.74
      vertex 82.10999999940395 66.95000000298023 29.74
    endloop
  endfacet
  facet normal 0 0 1
    outer loop
      vertex 2.5 66.95000000298023 29.74
      vertex 3 64.95000000298023 29.74
      vertex 81.60999999940395 64.95000000298023 29.74
    endloop
  endfacet
  facet normal 0 0 -1
    outer loop
      vertex 2.5 0 0
      vertex 60.71 7 0
      vertex 63.71 7 0
    endloop
  endfacet
  facet normal 0 0 -1
    outer loop
      vertex 2.5 0 0
      vertex 63.71 7 0
      vertex 84.60999999940395 2.5 0
    endloop
  endfacet
  facet normal 0 0 -1
    outer loop
      vertex 45.71 7 0
      vertex 45.71 22 0
      vertex 48.71 7 0
    endloop
  endfacet
  facet normal 0 0 -1
    outer loop
      vertex 51.71 7 0
      vertex 51.71 22 0
      vertex 54.71 7 0
    endloop
  endfacet
  facet normal 0 0 -1
    outer loop
      vertex 2.5 0 0
      vertex 84.60999999940395 2.5 0
      vertex 82.10999999940395 0 0
    endloop
  endfacet
  facet normal 0 0 -1
    outer loop
      vertex 57.71 7 0
      vertex 57.71 22 0
      vertex 60.71 7 0
    endloop
  endfacet
  facet normal 0 0 -1
    outer loop
      vertex 45.71 22 0
      vertex 48.71 22 0
      vertex 48.71 7 0
    endloop
  endfacet
  facet normal 0 0 -1
    outer loop
      vertex 51.71 22 0
      vertex 54.71 22 0
      vertex 54.71 7 0
    endloop
  endfacet
  facet normal 0 0 -1
    outer loop
      vertex 57.71 22 0
      vertex 60.71 22 0
      vertex 60.71 7 0
    endloop
  endfacet
  facet normal 0 0 -1
    outer loop
      vertex 84.60999999940395 2.5 0
      vertex 63.71 7 0
      vertex 66.71000000000001 7 0
    endloop
  endfacet
  facet normal 0 0 -1
    outer loop
      vertex 84.60999999940395 2.5 0
      vertex 66.71000000000001 7 0
      vertex 69.71000000000001 7 0
    endloop
  endfacet
  facet normal 0 0 -1
    outer loop
      vertex 63.71 7 0
      vertex 63.71 22 0
      vertex 66.71000000000001 7 0
    endloop
  endfacet
  facet normal 0 0 -1
    outer loop
      vertex 82.10999999940395 0 0
      vertex 84.60999999940395 2.5 0
      vertex 83.8777669519186 0.7322330474853516 0
    endloop
  endfacet
  facet normal 1 0 0
    outer loop
      vertex 84.60999999940395 2.5 0
      vertex 84.60999999940395 8.5 6.1
      vertex 84.60999999940395 8.5 12.899999999999999
    endloop
  endfacet
  facet normal 0 0 -1
    outer loop
      vertex 84.60999999940395 2.5 0
      vertex 69.71000000000001 7 0
      vertex 69.71000000000001 22 0
    endloop
  endfacet
  facet normal 1 0 0
    outer loop
      vertex 84.60999999940395 2.5 0
      vertex 84.60999999940395 20.5 6.1
      vertex 84.60999999940395 8.5 6.1
    endloop
  endfacet
  facet normal 0.3826834326500641 -0.9238795323932465 0
    outer loop
      vertex 82.10999999940395 0 0
      vertex 83.8777669519186 0.7322330474853516 0
      vertex 82.10999999940395 0 29.74
    endloop
  endfacet
  facet normal 0.9238795323932465 -0.3826834326500641 0
    outer loop
      vertex 83.8777669519186 0.7322330474853516 0
      vertex 84.60999999940395 2.5 0
      vertex 83.8777669519186 0.7322330474853516 29.74
    endloop
  endfacet
  facet normal 1 0 0
    outer loop
      vertex 84.60999999940395 2.5 0
      vertex 84.60999999940395 8.5 12.899999999999999
      vertex 84.60999999940395 2.5 29.74
    endloop
  endfacet
  facet normal 0 0 -1
    outer loop
      vertex 63.71 22 0
      vertex 66.71000000000001 22 0
      vertex 66.71000000000001 7 0
    endloop
  endfacet
  facet normal 1 0 0
    outer loop
      vertex 84.60999999940395 2.5 0
      vertex 84.60999999940395 64.45000000298023 0
      vertex 84.60999999940395 20.5 6.1
    endloop
  endfacet
  facet normal 0 0 -1
    outer loop
      vertex 84.60999999940395 2.5 0
      vertex 69.71000000000001 22 0
      vertex 84.60999999940395 64.45000000298023 0
    endloop
  endfacet
  facet normal 1 0 0
    outer loop
      vertex 84.60999999940395 38.25 12.68
      vertex 84.60999999940395 20.5 12.899999999999999
      vertex 84.60999999940395 20.5 6.1
    endloop
  endfacet
  facet normal 1 0 0
    outer loop
      vertex 84.60999999940395 20.5 6.1
      vertex 84.60999999940395 40 9.648911086754465
      vertex 84.60999999940395 39.50024336609711 9.998844449083578
    endloop
  endfacet
  facet normal 1 0 0
    outer loop
      vertex 84.60999999940395 20.5 6.1
      vertex 84.60999999940395 39.06884444908358 10.430243366097113
      vertex 84.60999999940395 38.71891108675447 10.93
    endloop
  endfacet
  facet normal 1 0 0
    outer loop
      vertex 84.60999999940395 20.5 6.1
      vertex 84.60999999940395 39.50024336609711 9.998844449083578
      vertex 84.60999999940395 39.06884444908358 10.430243366097113
    endloop
  endfacet
  facet normal 1 0 0
    outer loop
      vertex 84.60999999940395 20.5 6.1
      vertex 84.60999999940395 38.46107582724932 11.482929498360159
      vertex 84.60999999940395 38.303172864457274 12.072231378165743
    endloop
  endfacet
  facet normal 1 0 0
    outer loop
      vertex 84.60999999940395 20.5 6.1
      vertex 84.60999999940395 38.71891108675447 10.93
      vertex 84.60999999940395 38.46107582724932 11.482929498360159
    endloop
  endfacet
  facet normal 1 0 0
    outer loop
      vertex 84.60999999940395 20.5 6.1
      vertex 84.60999999940395 38.303172864457274 12.072231378165743
      vertex 84.60999999940395 38.25 12.68
    endloop
  endfacet
  facet normal 0 -1 0
    outer loop
      vertex 2.5 0 29.74
      vertex 82.10999999940395 0 0
      vertex 82.10999999940395 0 29.74
    endloop
  endfacet
  facet normal 0 0 1
    outer loop
      vertex 3 2 29.74
      vertex 82.10999999940395 0 29.74
      vertex 81.60999999940395 2 29.74
    endloop
  endfacet
  facet normal 0.3826834326500641 -0.9238795323932465 0
    outer loop
      vertex 83.8777669519186 0.7322330474853516 0
      vertex 83.8777669519186 0.7322330474853516 29.74
      vertex 82.10999999940395 0 29.74
    endloop
  endfacet
  facet normal 0.9238795323932465 -0.3826834326500641 0
    outer loop
      vertex 84.60999999940395 2.5 0
      vertex 84.60999999940395 2.5 29.74
      vertex 83.8777669519186 0.7322330474853516 29.74
    endloop
  endfacet
  facet normal 1 0 0
    outer loop
      vertex 84.60999999940395 2.5 29.74
      vertex 84.60999999940395 8.5 12.899999999999999
      vertex 84.60999999940395 20.5 12.899999999999999
    endloop
  endfacet
  facet normal 0 0 1
    outer loop
      vertex 81.60999999940395 2 29.74
      vertex 82.10999999940395 0 29.74
      vertex 84.60999999940395 2.5 29.74
    endloop
  endfacet
  facet normal 0 0 1
    outer loop
      vertex 82.10999999940395 0 29.74
      vertex 83.8777669519186 0.7322330474853516 29.74
      vertex 84.60999999940395 2.5 29.74
    endloop
  endfacet
  facet normal 0 0 1
    outer loop
      vertex 81.60999999940395 2 29.74
      vertex 84.60999999940395 2.5 29.74
      vertex 82.56105651706457 2.6909830048680305 29.74
    endloop
  endfacet
  facet normal 0 0 1
    outer loop
      vertex 82.56105651706457 2.6909830048680305 29.74
      vertex 84.60999999940395 2.5 29.74
      vertex 82.60999999940395 3 29.74
    endloop
  endfacet
  facet normal 1 0 0
    outer loop
      vertex 84.60999999940395 2.5 29.74
      vertex 84.60999999940395 20.5 12.899999999999999
      vertex 84.60999999940395 38.25 12.68
    endloop
  endfacet
  facet normal 1 0 0
    outer loop
      vertex 84.60999999940395 2.5 29.74
      vertex 84.60999999940395 38.25 12.68
      vertex 84.60999999940395 38.303172864457274 13.287768621834257
    endloop
  endfacet
  facet normal 1 0 0
    outer loop
      vertex 84.60999999940395 2.5 29.74
      vertex 84.60999999940395 38.303172864457274 13.287768621834257
      vertex 84.60999999940395 38.46107582724932 13.87707050163984
    endloop
  endfacet
  facet normal 1 0 0
    outer loop
      vertex 84.60999999940395 2.5 29.74
      vertex 84.60999999940395 38.46107582724932 13.87707050163984
      vertex 84.60999999940395 38.71891108675447 14.43
    endloop
  endfacet
  facet normal 1 0 0
    outer loop
      vertex 84.60999999940395 2.5 29.74
      vertex 84.60999999940395 38.71891108675447 14.43
      vertex 84.60999999940395 39.06884444908358 14.929756633902887
    endloop
  endfacet
  facet normal 1 0 0
    outer loop
      vertex 84.60999999940395 2.5 29.74
      vertex 84.60999999940395 39.06884444908358 14.929756633902887
      vertex 84.60999999940395 39.50024336609711 15.361155550916422
    endloop
  endfacet
  facet normal 1 0 0
    outer loop
      vertex 84.60999999940395 2.5 29.74
      vertex 84.60999999940395 39.50024336609711 15.361155550916422
      vertex 84.60999999940395 40 15.711088913245534
    endloop
  endfacet
  facet normal 1 0 0
    outer loop
      vertex 84.60999999940395 2.5 29.74
      vertex 84.60999999940395 40 15.711088913245534
      vertex 84.60999999940395 40.55292949836016 15.968924172750679
    endloop
  endfacet
  facet normal 1 0 0
    outer loop
      vertex 84.60999999940395 2.5 29.74
      vertex 84.60999999940395 40.55292949836016 15.968924172750679
      vertex 84.60999999940395 41.14223137816575 16.126827135542726
    endloop
  endfacet
  facet normal 1 0 0
    outer loop
      vertex 84.60999999940395 2.5 29.74
      vertex 84.60999999940395 41.14223137816575 16.126827135542726
      vertex 84.60999999940395 41.75 16.18
    endloop
  endfacet
  facet normal 1 0 0
    outer loop
      vertex 84.60999999940395 2.5 29.74
      vertex 84.60999999940395 42.35776862183425 16.126827135542726
      vertex 84.60999999940395 42.94707050163984 15.968924172750679
    endloop
  endfacet
  facet normal 1 0 0
    outer loop
      vertex 84.60999999940395 2.5 29.74
      vertex 84.60999999940395 41.75 16.18
      vertex 84.60999999940395 42.35776862183425 16.126827135542726
    endloop
  endfacet
  facet normal 0 0 1
    outer loop
      vertex 82.60999999940395 3 29.74
      vertex 84.60999999940395 2.5 29.74
      vertex 84.60999999940395 64.45000000298023 29.74
    endloop
  endfacet
  facet normal 0 0 -1
    outer loop
      vertex 83.8777669519186 66.21776695549488 0
      vertex 27.71 22 0
      vertex 24.71 22 0
    endloop
  endfacet
  facet normal 0 0 -1
    outer loop
      vertex 84.60999999940395 64.45000000298023 0
      vertex 30.71 22 0
      vertex 27.71 22 0
    endloop
  endfacet
  facet normal 0 0 -1
    outer loop
      vertex 84.60999999940395 64.45000000298023 0
      vertex 33.71 22 0
      vertex 30.71 22 0
    endloop
  endfacet
  facet normal 0 0 -1
    outer loop
      vertex 84.60999999940395 64.45000000298023 0
      vertex 36.71 22 0
      vertex 33.71 22 0
    endloop
  endfacet
  facet normal 0 0 -1
    outer loop
      vertex 84.60999999940395 64.45000000298023 0
      vertex 39.71 22 0
      vertex 36.71 22 0
    endloop
  endfacet
  facet normal 0 0 -1
    outer loop
      vertex 84.60999999940395 64.45000000298023 0
      vertex 42.71 22 0
      vertex 39.71 22 0
    endloop
  endfacet
  facet normal 0 0 -1
    outer loop
      vertex 84.60999999940395 64.45000000298023 0
      vertex 45.71 22 0
      vertex 42.71 22 0
    endloop
  endfacet
  facet normal 0 0 -1
    outer loop
      vertex 84.60999999940395 64.45000000298023 0
      vertex 48.71 22 0
      vertex 45.71 22 0
    endloop
  endfacet
  facet normal 0 0 -1
    outer loop
      vertex 84.60999999940395 64.45000000298023 0
      vertex 51.71 22 0
      vertex 48.71 22 0
    endloop
  endfacet
  facet normal 0 1 0
    outer loop
      vertex 2.5 66.95000000298023 0
      vertex 82.10999999940395 66.95000000298023 29.74
      vertex 82.10999999940395 66.95000000298023 0
    endloop
  endfacet
  facet normal 0 0 -1
    outer loop
      vertex 84.60999999940395 64.45000000298023 0
      vertex 54.71 22 0
      vertex 51.71 22 0
    endloop
  endfacet
  facet normal 0 0 -1
    outer loop
      vertex 84.60999999940395 64.45000000298023 0
      vertex 57.71 22 0
      vertex 54.71 22 0
    endloop
  endfacet
  facet normal 0 0 -1
    outer loop
      vertex 84.60999999940395 64.45000000298023 0
      vertex 60.71 22 0
      vertex 57.71 22 0
    endloop
  endfacet
  facet normal 0 0 -1
    outer loop
      vertex 84.60999999940395 64.45000000298023 0
      vertex 63.71 22 0
      vertex 60.71 22 0
    endloop
  endfacet
  facet normal 0 0 -1
    outer loop
      vertex 84.60999999940395 64.45000000298023 0
      vertex 66.71000000000001 22 0
      vertex 63.71 22 0
    endloop
  endfacet
  facet normal 0 0 -1
    outer loop
      vertex 84.60999999940395 64.45000000298023 0
      vertex 69.71000000000001 22 0
      vertex 66.71000000000001 22 0
    endloop
  endfacet
  facet normal 1 0 0
    outer loop
      vertex 84.60999999940395 64.45000000298023 0
      vertex 84.60999999940395 41.14223137816575 9.233172864457272
      vertex 84.60999999940395 20.5 6.1
    endloop
  endfacet
  facet normal 1 0 0
    outer loop
      vertex 84.60999999940395 64.45000000298023 0
      vertex 84.60999999940395 41.75 9.18
      vertex 84.60999999940395 41.14223137816575 9.233172864457272
    endloop
  endfacet
  facet normal 1 0 0
    outer loop
      vertex 84.60999999940395 64.45000000298023 0
      vertex 84.60999999940395 42.35776862183425 9.233172864457272
      vertex 84.60999999940395 41.75 9.18
    endloop
  endfacet
  facet normal 1 0 0
    outer loop
      vertex 84.60999999940395 64.45000000298023 0
      vertex 84.60999999940395 42.94707050163984 9.39107582724932
      vertex 84.60999999940395 42.35776862183425 9.233172864457272
    endloop
  endfacet
  facet normal 1 0 0
    outer loop
      vertex 84.60999999940395 20.5 6.1
      vertex 84.60999999940395 41.14223137816575 9.233172864457272
      vertex 84.60999999940395 40.55292949836016 9.39107582724932
    endloop
  endfacet
  facet normal 1 0 0
    outer loop
      vertex 84.60999999940395 20.5 6.1
      vertex 84.60999999940395 40.55292949836016 9.39107582724932
      vertex 84.60999999940395 40 9.648911086754465
    endloop
  endfacet
  facet normal 0 0 -1
    outer loop
      vertex 82.10999999940395 66.95000000298023 0
      vertex 83.8777669519186 66.21776695549488 0
      vertex 24.71 22 0
    endloop
  endfacet
  facet normal 0 0 -1
    outer loop
      vertex 84.60999999940395 64.45000000298023 0
      vertex 27.71 22 0
      vertex 83.8777669519186 66.21776695549488 0
    endloop
  endfacet
  facet normal 1 0 0
    outer loop
      vertex 84.60999999940395 64.45000000298023 0
      vertex 84.60999999940395 43.5 9.648911086754465
      vertex 84.60999999940395 42.94707050163984 9.39107582724932
    endloop
  endfacet
  facet normal 1 0 0
    outer loop
      vertex 84.60999999940395 64.45000000298023 0
      vertex 84.60999999940395 43.99975663390289 9.998844449083578
      vertex 84.60999999940395 43.5 9.648911086754465
    endloop
  endfacet
  facet normal 1 0 0
    outer loop
      vertex 84.60999999940395 64.45000000298023 0
      vertex 84.60999999940395 44.43115555091642 10.430243366097113
      vertex 84.60999999940395 43.99975663390289 9.998844449083578
    endloop
  endfacet
  facet normal 1 0 0
    outer loop
      vertex 84.60999999940395 64.45000000298023 0
      vertex 84.60999999940395 44.78108891324553 10.93
      vertex 84.60999999940395 44.43115555091642 10.430243366097113
    endloop
  endfacet
  facet normal 0.9238795323932465 0.38268343265006405 1.2535939767800323e-15
    outer loop
      vertex 84.60999999940395 64.45000000298023 0
      vertex 83.8777669519186 66.21776695549488 0
      vertex 84.21 65.415685425648 2
    endloop
  endfacet
  facet normal 0.38268343265006405 0.9238795323932465 0
    outer loop
      vertex 82.10999999940395 66.95000000298023 0
      vertex 83.8777669519186 66.21776695549488 2
      vertex 83.8777669519186 66.21776695549488 0
    endloop
  endfacet
  facet normal 0.38268343265006627 0.9238795323932456 -2.2976799007576267e-15
    outer loop
      vertex 82.10999999940395 66.95000000298023 0
      vertex 83.07568543070562 66.55 2
      vertex 83.8777669519186 66.21776695549488 2
    endloop
  endfacet
  facet normal 0.9238795323932477 0.38268343265006144 0
    outer loop
      vertex 83.8777669519186 66.21776695549488 0
      vertex 83.8777669519186 66.21776695549488 2
      vertex 84.21 65.415685425648 2
    endloop
  endfacet
  facet normal 0.38268343265006227 0.9238795323932473 1.0951679891378497e-18
    outer loop
      vertex 82.10999999940395 66.95000000298023 0
      vertex 83.07568543070562 66.55 8.6
      vertex 83.07568543070562 66.55 2
    endloop
  endfacet
  facet normal 0.9238795323932456 0.38268343265006627 -2.4409648167260607e-18
    outer loop
      vertex 84.60999999940395 64.45000000298023 0
      vertex 84.21 65.415685425648 2
      vertex 84.21 65.415685425648 8.6
    endloop
  endfacet
  facet normal 1 0 0
    outer loop
      vertex 84.60999999940395 64.45000000298023 0
      vertex 84.60999999940395 45.03892417275068 11.482929498360159
      vertex 84.60999999940395 44.78108891324553 10.93
    endloop
  endfacet
  facet normal 1 0 0
    outer loop
      vertex 84.60999999940395 64.45000000298023 0
      vertex 84.60999999940395 64.45000000298023 29.74
      vertex 84.60999999940395 45.03892417275068 11.482929498360159
    endloop
  endfacet
  facet normal 0.9238795323932456 0.3826834326500663 0
    outer loop
      vertex 84.60999999940395 64.45000000298023 0
      vertex 84.21 65.415685425648 8.6
      vertex 84.60999999940395 64.45000000298023 29.74
    endloop
  endfacet
  facet normal 0.3826834326500601 0.923879532393248 2.6973406865802277e-16
    outer loop
      vertex 82.10999999940395 66.95000000298023 0
      vertex 83.8777669519186 66.21776695549488 29.74
      vertex 83.07568543070562 66.55 8.6
    endloop
  endfacet
  facet normal 0 0 1
    outer loop
      vertex 2.5 66.95000000298023 29.74
      vertex 81.60999999940395 64.95000000298023 29.74
      vertex 82.10999999940395 66.95000000298023 29.74
    endloop
  endfacet
  facet normal 1 0 0
    outer loop
      vertex 84.60999999940395 2.5 29.74
      vertex 84.60999999940395 42.94707050163984 15.968924172750679
      vertex 84.60999999940395 64.45000000298023 29.74
    endloop
  endfacet
  facet normal 0 0 1
    outer loop
      vertex 82.60999999940395 3 29.74
      vertex 84.60999999940395 64.45000000298023 29.74
      vertex 82.60999999940395 63.95000000298023 29.74
    endloop
  endfacet
  facet normal 1 0 0
    outer loop
      vertex 84.60999999940395 64.45000000298023 29.74
      vertex 84.60999999940395 45.196827135542726 12.072231378165743
      vertex 84.60999999940395 45.03892417275068 11.482929498360159
    endloop
  endfacet
  facet normal 1 0 0
    outer loop
      vertex 84.60999999940395 64.45000000298023 29.74
      vertex 84.60999999940395 45.25 12.68
      vertex 84.60999999940395 45.196827135542726 12.072231378165743
    endloop
  endfacet
  facet normal 1 0 0
    outer loop
      vertex 84.60999999940395 64.45000000298023 29.74
      vertex 84.60999999940395 45.196827135542726 13.287768621834257
      vertex 84.60999999940395 45.25 12.68
    endloop
  endfacet
  facet normal 1 0 0
    outer loop
      vertex 84.60999999940395 64.45000000298023 29.74
      vertex 84.60999999940395 45.03892417275068 13.87707050163984
      vertex 84.60999999940395 45.196827135542726 13.287768621834257
    endloop
  endfacet
  facet normal 1 0 0
    outer loop
      vertex 84.60999999940395 64.45000000298023 29.74
      vertex 84.60999999940395 44.78108891324553 14.43
      vertex 84.60999999940395 45.03892417275068 13.87707050163984
    endloop
  endfacet
  facet normal 1 0 0
    outer loop
      vertex 84.60999999940395 64.45000000298023 29.74
      vertex 84.60999999940395 44.43115555091642 14.929756633902887
      vertex 84.60999999940395 44.78108891324553 14.43
    endloop
  endfacet
  facet normal 1 0 0
    outer loop
      vertex 84.60999999940395 64.45000000298023 29.74
      vertex 84.60999999940395 43.5 15.711088913245534
      vertex 84.60999999940395 43.99975663390289 15.361155550916422
    endloop
  endfacet
  facet normal 1 0 0
    outer loop
      vertex 84.60999999940395 64.45000000298023 29.74
      vertex 84.60999999940395 43.99975663390289 15.361155550916422
      vertex 84.60999999940395 44.43115555091642 14.929756633902887
    endloop
  endfacet
  facet normal 1 0 0
    outer loop
      vertex 84.60999999940395 64.45000000298023 29.74
      vertex 84.60999999940395 42.94707050163984 15.968924172750679
      vertex 84.60999999940395 43.5 15.711088913245534
    endloop
  endfacet
  facet normal 0.9238795323932476 0.38268343265006133 -2.6230718486407333e-16
    outer loop
      vertex 84.21 65.415685425648 8.6
      vertex 83.8777669519186 66.21776695549488 8.6
      vertex 84.60999999940395 64.45000000298023 29.74
    endloop
  endfacet
  facet normal 0.38268343265006627 0.9238795323932456 -2.5736361536342027e-19
    outer loop
      vertex 83.07568543070562 66.55 8.6
      vertex 83.8777669519186 66.21776695549488 29.74
      vertex 83.8777669519186 66.21776695549488 8.6
    endloop
  endfacet
  facet normal 0.3826834326500641 0.9238795323932465 0
    outer loop
      vertex 82.10999999940395 66.95000000298023 0
      vertex 82.10999999940395 66.95000000298023 29.74
      vertex 83.8777669519186 66.21776695549488 29.74
    endloop
  endfacet
  facet normal 0.9238795323932465 0.38268343265006405 0
    outer loop
      vertex 83.8777669519186 66.21776695549488 8.6
      vertex 83.8777669519186 66.21776695549488 29.74
      vertex 84.60999999940395 64.45000000298023 29.74
    endloop
  endfacet
  facet normal 0 0 1
    outer loop
      vertex 81.60999999940395 64.95000000298023 29.74
      vertex 81.91901699453592 64.90105652064085 29.74
      vertex 82.10999999940395 66.95000000298023 29.74
    endloop
  endfacet
  facet normal 0 0 1
    outer loop
      vertex 81.91901699453592 64.90105652064085 29.74
      vertex 82.60999999940395 63.95000000298023 29.74
      vertex 83.8777669519186 66.21776695549488 29.74
    endloop
  endfacet
  facet normal 0 0 1
    outer loop
      vertex 81.91901699453592 64.90105652064085 29.74
      vertex 83.8777669519186 66.21776695549488 29.74
      vertex 82.10999999940395 66.95000000298023 29.74
    endloop
  endfacet
  facet normal 0 0 1
    outer loop
      vertex 82.60999999940395 63.95000000298023 29.74
      vertex 84.60999999940395 64.45000000298023 29.74
      vertex 83.8777669519186 66.21776695549488 29.74
    endloop
  endfacet
  facet normal 0 0 1
    outer loop
      vertex 2 3.6 2
      vertex 4.71 4 2
      vertex 4.71 7 2
    endloop
  endfacet
  facet normal 0 0 1
    outer loop
      vertex 2 3.6 2
      vertex 10.71 4 2
      vertex 4.71 4 2
    endloop
  endfacet
  facet normal 1 0 0
    outer loop
      vertex 2 3.6 2
      vertex 2 25.4 2
      vertex 2 3.6 7.1
    endloop
  endfacet
  facet normal 0 0 1
    outer loop
      vertex 2 3.6 2
      vertex 4.71 7 2
      vertex 2 25.4 2
    endloop
  endfacet
  facet normal 0 0 1
    outer loop
      vertex 4.71 7 2
      vertex 10.71 7 2
      vertex 10.71 22 2
    endloop
  endfacet
  facet normal 0 0 1
    outer loop
      vertex 10.71 4 2
      vertex 12.71 7 2
      vertex 10.71 7 2
    endloop
  endfacet
  facet normal 0 0 1
    outer loop
      vertex 10.71 4 2
      vertex 15.71 7 2
      vertex 12.71 7 2
    endloop
  endfacet
  facet normal 0 0 1
    outer loop
      vertex 10.71 4 2
      vertex 18.71 7 2
      vertex 15.71 7 2
    endloop
  endfacet
  facet normal 0 0 1
    outer loop
      vertex 10.71 4 2
      vertex 21.71 7 2
      vertex 18.71 7 2
    endloop
  endfacet
  facet normal 0 0 1
    outer loop
      vertex 10.71 4 2
      vertex 24.71 7 2
      vertex 21.71 7 2
    endloop
  endfacet
  facet normal 0 0 1
    outer loop
      vertex 10.71 4 2
      vertex 27.71 7 2
      vertex 24.71 7 2
    endloop
  endfacet
  facet normal 0 0 1
    outer loop
      vertex 10.71 7 2
      vertex 12.71 7 2
      vertex 12.71 22 2
    endloop
  endfacet
  facet normal 0 0 1
    outer loop
      vertex 15.71 7 2
      vertex 18.71 7 2
      vertex 18.71 22 2
    endloop
  endfacet
  facet normal 1 0 0
    outer loop
      vertex 2 3 9.6
      vertex 2 3.5 9.6
      vertex 2 3.5 22.1
    endloop
  endfacet
  facet normal 0 0 1
    outer loop
      vertex 4.71 7 2
      vertex 4.71 22 2
      vertex 2 25.4 2
    endloop
  endfacet
  facet normal 0 0 1
    outer loop
      vertex 4.71 22 2
      vertex 4.71 25 2
      vertex 2 25.4 2
    endloop
  endfacet
  facet normal 0 0 1
    outer loop
      vertex 4.71 7 2
      vertex 10.71 22 2
      vertex 4.71 22 2
    endloop
  endfacet
  facet normal 1 0 0
    outer loop
      vertex 2 25.4 2
      vertex 2 25.4 7.1
      vertex 2 3.6 7.1
    endloop
  endfacet
  facet normal 0 0 1
    outer loop
      vertex 2 27 2
      vertex 5.129530594423799 29.854505552595914 2
      vertex 4.654505552595911 30.3295305944238 2
    endloop
  endfacet
  facet normal 0 0 1
    outer loop
      vertex 2 27 2
      vertex 5.698348782647326 29.497093396292748 2
      vertex 5.129530594423799 29.854505552595914 2
    endloop
  endfacet
  facet normal 0 0 1
    outer loop
      vertex 2 27 2
      vertex 6.332437198131058 29.27521626345453 2
      vertex 5.698348782647326 29.497093396292748 2
    endloop
  endfacet
  facet normal 0 0 1
    outer loop
      vertex 2 27 2
      vertex 7 29.200000000000003 2
      vertex 6.332437198131058 29.27521626345453 2
    endloop
  endfacet
  facet normal 0 0 1
    outer loop
      vertex 2 27 2
      vertex 4.297093396292743 30.89834878264733 2
      vertex 4.075216263454529 31.53243719813106 2
    endloop
  endfacet
  facet normal 0 0 1
    outer loop
      vertex 2 27 2
      vertex 4.654505552595911 30.3295305944238 2
      vertex 4.297093396292743 30.89834878264733 2
    endloop
  endfacet
  facet normal 0 0 1
    outer loop
      vertex 2 27 2
      vertex 4.075216263454529 31.53243719813106 2
      vertex 4 32.2 2
    endloop
  endfacet
  facet normal 0 0 1
    outer loop
      vertex 4.71 25 2
      vertex 10.71 25 2
      vertex 2 25.4 2
    endloop
  endfacet
  facet normal 0 0 1
    outer loop
      vertex 2 27 2
      vertex 7.667562801868942 29.27521626345453 2
      vertex 7 29.200000000000003 2
    endloop
  endfacet
  facet normal 0 0 1
    outer loop
      vertex 2 27 2
      vertex 8.301651217352674 29.497093396292748 2
      vertex 7.667562801868942 29.27521626345453 2
    endloop
  endfacet
  facet normal 0 0 1
    outer loop
      vertex 10.71 7 2
      vertex 12.71 22 2
      vertex 10.71 22 2
    endloop
  endfacet
  facet normal 0 0 1
    outer loop
      vertex 18.71 22 2
      vertex 15.71 22 2
      vertex 15.71 7 2
    endloop
  endfacet
  facet normal 0 0 1
    outer loop
      vertex 2 27 2
      vertex 26.9995305944238 29.854505552595914 2
      vertex 8.301651217352674 29.497093396292748 2
    endloop
  endfacet
  facet normal 0 0 1
    outer loop
      vertex 8.301651217352674 29.497093396292748 2
      vertex 26.9995305944238 29.854505552595914 2
      vertex 8.8704694055762 29.854505552595914 2
    endloop
  endfacet
  facet normal 0 0 1
    outer loop
      vertex 8.8704694055762 29.854505552595914 2
      vertex 26.9995305944238 29.854505552595914 2
      vertex 9.34549444740409 30.3295305944238 2
    endloop
  endfacet
  facet normal 0 0 1
    outer loop
      vertex 9.34549444740409 30.3295305944238 2
      vertex 26.167093396292742 30.89834878264733 2
      vertex 9.702906603707257 30.89834878264733 2
    endloop
  endfacet
  facet normal 0 0 1
    outer loop
      vertex 9.702906603707257 30.89834878264733 2
      vertex 26.167093396292742 30.89834878264733 2
      vertex 9.924783736545471 31.53243719813106 2
    endloop
  endfacet
  facet normal 0 0 1
    outer loop
      vertex 9.924783736545471 31.53243719813106 2
      vertex 25.94521626345453 31.53243719813106 2
      vertex 10 32.2 2
    endloop
  endfacet
  facet normal 0 0 1
    outer loop
      vertex 10 32.2 2
      vertex 25.87 32.2 2
      vertex 9.924783736545471 32.86756280186895 2
    endloop
  endfacet
  facet normal 0 0 1
    outer loop
      vertex 9.924783736545471 32.86756280186895 2
      vertex 26.167093396292742 33.50165121735268 2
      vertex 9.702906603707257 33.50165121735268 2
    endloop
  endfacet
  facet normal 0 0 1
    outer loop
      vertex 2 27 2
      vertex 27.568348782647327 29.497093396292748 2
      vertex 26.9995305944238 29.854505552595914 2
    endloop
  endfacet
  facet normal 0 0 1
    outer loop
      vertex 2 27 2
      vertex 28.202437198131058 29.27521626345453 2
      vertex 27.568348782647327 29.497093396292748 2
    endloop
  endfacet
  facet normal 0 0 1
    outer loop
      vertex 2 27 2
      vertex 28.87 29.200000000000003 2
      vertex 28.202437198131058 29.27521626345453 2
    endloop
  endfacet
  facet normal 0 0 1
    outer loop
      vertex 9.34549444740409 30.3295305944238 2
      vertex 26.9995305944238 29.854505552595914 2
      vertex 26.52450555259591 30.3295305944238 2
    endloop
  endfacet
  facet normal 0 0 1
    outer loop
      vertex 9.34549444740409 30.3295305944238 2
      vertex 26.52450555259591 30.3295305944238 2
      vertex 26.167093396292742 30.89834878264733 2
    endloop
  endfacet
  facet normal 0 0 1
    outer loop
      vertex 9.924783736545471 31.53243719813106 2
      vertex 26.167093396292742 30.89834878264733 2
      vertex 25.94521626345453 31.53243719813106 2
    endloop
  endfacet
  facet normal 0 0 1
    outer loop
      vertex 10 32.2 2
      vertex 25.94521626345453 31.53243719813106 2
      vertex 25.87 32.2 2
    endloop
  endfacet
  facet normal 0 0 1
    outer loop
      vertex 9.924783736545471 32.86756280186895 2
      vertex 25.87 32.2 2
      vertex 25.94521626345453 32.86756280186895 2
    endloop
  endfacet
  facet normal 0 0 1
    outer loop
      vertex 9.924783736545471 32.86756280186895 2
      vertex 25.94521626345453 32.86756280186895 2
      vertex 26.167093396292742 33.50165121735268 2
    endloop
  endfacet
  facet normal 0 0 1
    outer loop
      vertex 10.71 4 2
      vertex 30.71 7 2
      vertex 27.71 7 2
    endloop
  endfacet
  facet normal 0 0 1
    outer loop
      vertex 10.71 4 2
      vertex 33.71 7 2
      vertex 30.71 7 2
    endloop
  endfacet
  facet normal 0 0 1
    outer loop
      vertex 2 3.6 2
      vertex 72.71 4 2
      vertex 10.71 4 2
    endloop
  endfacet
  facet normal 0 0 1
    outer loop
      vertex 10.71 4 2
      vertex 36.71 7 2
      vertex 33.71 7 2
    endloop
  endfacet
  facet normal 0 0 1
    outer loop
      vertex 10.71 4 2
      vertex 39.71 7 2
      vertex 36.71 7 2
    endloop
  endfacet
  facet normal 0 0 1
    outer loop
      vertex 10.71 4 2
      vertex 42.71 7 2
      vertex 39.71 7 2
    endloop
  endfacet
  facet normal 0 0 1
    outer loop
      vertex 21.71 7 2
      vertex 24.71 7 2
      vertex 24.71 22 2
    endloop
  endfacet
  facet normal 0 0 1
    outer loop
      vertex 27.71 7 2
      vertex 30.71 7 2
      vertex 30.71 22 2
    endloop
  endfacet
  facet normal 0 0 1
    outer loop
      vertex 10.71 4 2
      vertex 45.71 7 2
      vertex 42.71 7 2
    endloop
  endfacet
  facet normal 0 0 1
    outer loop
      vertex 10.71 4 2
      vertex 48.71 7 2
      vertex 45.71 7 2
    endloop
  endfacet
  facet normal 0 0 1
    outer loop
      vertex 10.71 4 2
      vertex 51.71 7 2
      vertex 48.71 7 2
    endloop
  endfacet
  facet normal 0 0 1
    outer loop
      vertex 10.71 4 2
      vertex 54.71 7 2
      vertex 51.71 7 2
    endloop
  endfacet
  facet normal 0 0 1
    outer loop
      vertex 10.71 4 2
      vertex 57.71 7 2
      vertex 54.71 7 2
    endloop
  endfacet
  facet normal 0 0 1
    outer loop
      vertex 33.71 7 2
      vertex 36.71 7 2
      vertex 36.71 22 2
    endloop
  endfacet
  facet normal 0 0 1
    outer loop
      vertex 42.71 22 2
      vertex 39.71 7 2
      vertex 42.71 7 2
    endloop
  endfacet
  facet normal 0 0 1
    outer loop
      vertex 24.71 22 2
      vertex 21.71 22 2
      vertex 21.71 7 2
    endloop
  endfacet
  facet normal 0 0 1
    outer loop
      vertex 27.71 7 2
      vertex 30.71 22 2
      vertex 27.71 22 2
    endloop
  endfacet
  facet normal 0 0 1
    outer loop
      vertex 10.71 22 2
      vertex 72.71 25 2
      vertex 10.71 25 2
    endloop
  endfacet
  facet normal 0 0 1
    outer loop
      vertex 2 27 2
      vertex 32.841646487389504 27 2
      vertex 28.87 29.200000000000003 2
    endloop
  endfacet
  facet normal 0 0 1
    outer loop
      vertex 2 25.4 2
      vertex 10.71 25 2
      vertex 72.71 25 2
    endloop
  endfacet
  facet normal 0 0 1
    outer loop
      vertex 28.87 29.200000000000003 2
      vertex 32.841646487389504 27 2
      vertex 29.537562801868944 29.27521626345453 2
    endloop
  endfacet
  facet normal 0 0 1
    outer loop
      vertex 29.537562801868944 29.27521626345453 2
      vertex 32.841646487389504 27 2
      vertex 30.171651217352675 29.497093396292748 2
    endloop
  endfacet
  facet normal 0 0 1
    outer loop
      vertex 30.171651217352675 29.497093396292748 2
      vertex 32.841646487389504 27 2
      vertex 30.7404694055762 29.854505552595914 2
    endloop
  endfacet
  facet normal 0 0 1
    outer loop
      vertex 30.7404694055762 29.854505552595914 2
      vertex 32.841646487389504 27 2
      vertex 31.21549444740409 30.3295305944238 2
    endloop
  endfacet
  facet normal 0 0 1
    outer loop
      vertex 33.71 7 2
      vertex 36.71 22 2
      vertex 33.71 22 2
    endloop
  endfacet
  facet normal 0 0 1
    outer loop
      vertex 10.71 22 2
      vertex 12.71 22 2
      vertex 72.71 25 2
    endloop
  endfacet
  facet normal 0 0 1
    outer loop
      vertex 72.71 25 2
      vertex 12.71 22 2
      vertex 15.71 22 2
    endloop
  endfacet
  facet normal 0 0 1
    outer loop
      vertex 72.71 25 2
      vertex 15.71 22 2
      vertex 18.71 22 2
    endloop
  endfacet
  facet normal 0 0 1
    outer loop
      vertex 39.71 7 2
      vertex 42.71 22 2
      vertex 39.71 22 2
    endloop
  endfacet
  facet normal 0 0 1
    outer loop
      vertex 72.71 25 2
      vertex 18.71 22 2
      vertex 21.71 22 2
    endloop
  endfacet
  facet normal 0 0 1
    outer loop
      vertex 72.71 25 2
      vertex 21.71 22 2
      vertex 24.71 22 2
    endloop
  endfacet
  facet normal 0 0 1
    outer loop
      vertex 72.71 25 2
      vertex 24.71 22 2
      vertex 27.71 22 2
    endloop
  endfacet
  facet normal 0 0 1
    outer loop
      vertex 31.21549444740409 30.3295305944238 2
      vertex 32.841646487389504 27 2
      vertex 31.57290660370726 30.89834878264733 2
    endloop
  endfacet
  facet normal 0 0 1
    outer loop
      vertex 31.57290660370726 30.89834878264733 2
      vertex 32.841646487389504 27 2
      vertex 31.794783736545472 31.53243719813106 2
    endloop
  endfacet
  facet normal 0 0 1
    outer loop
      vertex 32.841646487389504 27 2
      vertex 31.87 32.2 2
      vertex 31.794783736545472 31.53243719813106 2
    endloop
  endfacet
  facet normal 0 0 1
    outer loop
      vertex 32.841646487389504 27 2
      vertex 41.129999999999995 37.4 2
      vertex 31.87 32.2 2
    endloop
  endfacet
  facet normal 0.8090169950824692 0.587785251318653 0
    outer loop
      vertex 2 3 9.6
      vertex 2 3 29.74
      vertex 2.6909830048680305 2.048943482339382 9.6
    endloop
  endfacet
  facet normal 0.15643446040884962 0.9876883413286764 0
    outer loop
      vertex 2.6909830048680305 2.048943482339382 9.6
      vertex 2.6909830048680305 2.048943482339382 29.74
      vertex 3 2 9.6
    endloop
  endfacet
  facet normal 1 0 0
    outer loop
      vertex 2 3 9.6
      vertex 2 3.5 22.1
      vertex 2 3 29.74
    endloop
  endfacet
  facet normal 0.8090169950824692 0.587785251318653 0
    outer loop
      vertex 2.6909830048680305 2.048943482339382 9.6
      vertex 2 3 29.74
      vertex 2.6909830048680305 2.048943482339382 29.74
    endloop
  endfacet
  facet normal 0.15643446040884962 0.9876883413286764 0
    outer loop
      vertex 3 2 9.6
      vertex 2.6909830048680305 2.048943482339382 29.74
      vertex 3 2 29.74
    endloop
  endfacet
  facet normal 1 0 0
    outer loop
      vertex 2 3 29.74
      vertex 2 3.5 22.1
      vertex 2 25.5 22.1
    endloop
  endfacet
  facet normal 1 0 0
    outer loop
      vertex 2 3 29.74
      vertex 2 25.5 22.1
      vertex 2 63.95000000298023 29.74
    endloop
  endfacet
  facet normal 0 1 0
    outer loop
      vertex 3 2 9.6
      vertex 3 2 29.74
      vertex 81.60999999940395 2 9.6
    endloop
  endfacet
  facet normal 0 0 1
    outer loop
      vertex 2 27 2
      vertex 4 32.2 2
      vertex 2 63.95000000298023 2
    endloop
  endfacet
  facet normal 1 0 0
    outer loop
      vertex 2 27 2
      vertex 2 63.95000000298023 2
      vertex 2 27 9.6
    endloop
  endfacet
  facet normal 0 0 1
    outer loop
      vertex 4 32.2 2
      vertex 4.075216263454529 32.86756280186895 2
      vertex 2 63.95000000298023 2
    endloop
  endfacet
  facet normal 0 0 1
    outer loop
      vertex 4.075216263454529 32.86756280186895 2
      vertex 4.297093396292743 33.50165121735268 2
      vertex 2 63.95000000298023 2
    endloop
  endfacet
  facet normal 0 0 1
    outer loop
      vertex 4.297093396292743 33.50165121735268 2
      vertex 4.654505552595911 34.070469405576205 2
      vertex 2 63.95000000298023 2
    endloop
  endfacet
  facet normal 0 0 1
    outer loop
      vertex 4.654505552595911 34.070469405576205 2
      vertex 5.129530594423799 34.545494447404096 2
      vertex 2 63.95000000298023 2
    endloop
  endfacet
  facet normal 0 0 1
    outer loop
      vertex 5.129530594423799 34.545494447404096 2
      vertex 5.698348782647326 34.90290660370726 2
      vertex 2 63.95000000298023 2
    endloop
  endfacet
  facet normal 0 0 1
    outer loop
      vertex 5.698348782647326 34.90290660370726 2
      vertex 6.332437198131057 35.124783736545474 2
      vertex 2 63.95000000298023 2
    endloop
  endfacet
  facet normal 0 0 1
    outer loop
      vertex 6.332437198131057 35.124783736545474 2
      vertex 7 35.2 2
      vertex 2 63.95000000298023 2
    endloop
  endfacet
  facet normal 0 0 1
    outer loop
      vertex 7 35.2 2
      vertex 7.667562801868943 35.124783736545474 2
      vertex 2 63.95000000298023 2
    endloop
  endfacet
  facet normal 0 0 1
    outer loop
      vertex 7.667562801868943 35.124783736545474 2
      vertex 8.301651217352674 34.90290660370726 2
      vertex 2 63.95000000298023 2
    endloop
  endfacet
  facet normal 0 0 1
    outer loop
      vertex 9.702906603707257 33.50165121735268 2
      vertex 26.167093396292742 33.50165121735268 2
      vertex 9.34549444740409 34.070469405576205 2
    endloop
  endfacet
  facet normal 0 0 1
    outer loop
      vertex 8.8704694055762 34.545494447404096 2
      vertex 9.34549444740409 34.070469405576205 2
      vertex 26.9995305944238 34.545494447404096 2
    endloop
  endfacet
  facet normal 0 0 1
    outer loop
      vertex 8.301651217352674 34.90290660370726 2
      vertex 8.8704694055762 34.545494447404096 2
      vertex 26.9995305944238 34.545494447404096 2
    endloop
  endfacet
  facet normal 0 0 1
    outer loop
      vertex 9.34549444740409 34.070469405576205 2
      vertex 26.167093396292742 33.50165121735268 2
      vertex 26.52450555259591 34.070469405576205 2
    endloop
  endfacet
  facet normal 0 0 1
    outer loop
      vertex 9.34549444740409 34.070469405576205 2
      vertex 26.52450555259591 34.070469405576205 2
      vertex 26.9995305944238 34.545494447404096 2
    endloop
  endfacet
  facet normal 0 0 1
    outer loop
      vertex 8.301651217352674 34.90290660370726 2
      vertex 26.9995305944238 34.545494447404096 2
      vertex 27.568348782647327 34.90290660370726 2
    endloop
  endfacet
  facet normal 0 0 1
    outer loop
      vertex 8.301651217352674 34.90290660370726 2
      vertex 27.568348782647327 34.90290660370726 2
      vertex 2 63.95000000298023 2
    endloop
  endfacet
  facet normal 0 0 1
    outer loop
      vertex 2 63.95000000298023 2
      vertex 27.568348782647327 34.90290660370726 2
      vertex 28.202437198131058 35.124783736545474 2
    endloop
  endfacet
  facet normal 0 0 1
    outer loop
      vertex 2 63.95000000298023 2
      vertex 28.202437198131058 35.124783736545474 2
      vertex 28.87 35.2 2
    endloop
  endfacet
  facet normal 0 0 1
    outer loop
      vertex 2 63.95000000298023 2
      vertex 3 64.95000000298023 2
      vertex 2.048943482339382 64.2590169981122 2
    endloop
  endfacet
  facet normal 0 0 1
    outer loop
      vertex 2 63.95000000298023 2
      vertex 41.129999999999995 37.4 2
      vertex 3 64.95000000298023 2
    endloop
  endfacet
  facet normal 1 0 0
    outer loop
      vertex 2 27 9.6
      vertex 2 63.95000000298023 2
      vertex 2 63.95000000298023 29.74
    endloop
  endfacet
  facet normal 0.9876883413286766 -0.15643446040884962 0
    outer loop
      vertex 2 63.95000000298023 2
      vertex 2.048943482339382 64.2590169981122 2
      vertex 2.048943482339382 64.2590169981122 29.74
    endloop
  endfacet
  facet normal 0.5877852513186531 -0.8090169950824692 1.702256872419687e-18
    outer loop
      vertex 2.048943482339382 64.2590169981122 2
      vertex 3 64.95000000298023 2
      vertex 3 64.95000000298023 29.74
    endloop
  endfacet
  facet normal 0 0 1
    outer loop
      vertex 2 63.95000000298023 2
      vertex 28.87 35.2 2
      vertex 41.129999999999995 37.4 2
    endloop
  endfacet
  facet normal 0 0 1
    outer loop
      vertex 3 64.95000000298023 2
      vertex 41.129999999999995 37.4 2
      vertex 41.129999999999995 39 2
    endloop
  endfacet
  facet normal 0 0 1
    outer loop
      vertex 31.21549444740409 34.070469405576205 2
      vertex 41.129999999999995 37.4 2
      vertex 30.740469405576203 34.545494447404096 2
    endloop
  endfacet
  facet normal 0 0 1
    outer loop
      vertex 28.87 35.2 2
      vertex 29.537562801868944 35.124783736545474 2
      vertex 41.129999999999995 37.4 2
    endloop
  endfacet
  facet normal 0 0 1
    outer loop
      vertex 29.537562801868944 35.124783736545474 2
      vertex 30.171651217352675 34.90290660370726 2
      vertex 41.129999999999995 37.4 2
    endloop
  endfacet
  facet normal 0 0 1
    outer loop
      vertex 30.171651217352675 34.90290660370726 2
      vertex 30.740469405576203 34.545494447404096 2
      vertex 41.129999999999995 37.4 2
    endloop
  endfacet
  facet normal 0 0 1
    outer loop
      vertex 31.87 32.2 2
      vertex 41.129999999999995 37.4 2
      vertex 31.794783736545472 32.86756280186895 2
    endloop
  endfacet
  facet normal 0 0 1
    outer loop
      vertex 31.57290660370726 33.50165121735268 2
      vertex 41.129999999999995 37.4 2
      vertex 31.21549444740409 34.070469405576205 2
    endloop
  endfacet
  facet normal 0 0 1
    outer loop
      vertex 31.794783736545472 32.86756280186895 2
      vertex 41.129999999999995 37.4 2
      vertex 31.57290660370726 33.50165121735268 2
    endloop
  endfacet
  facet normal 0 0 1
    outer loop
      vertex 3 64.95000000298023 2
      vertex 41.129999999999995 39 2
      vertex 41.129999999999995 64.95 2
    endloop
  endfacet
  facet normal 0 0 1
    outer loop
      vertex 3 64.95000000298023 2
      vertex 41.129999999999995 64.95 2
      vertex 41.129999999999995 64.95000000298023 2
    endloop
  endfacet
  facet normal 0 -1 0
    outer loop
      vertex 3 64.95000000298023 2
      vertex 41.129999999999995 64.95000000298023 2
      vertex 41.129999999999995 64.95000000298023 8.6
    endloop
  endfacet
  facet normal 0 -1 0
    outer loop
      vertex 3 64.95000000298023 2
      vertex 41.129999999999995 64.95000000298023 8.6
      vertex 81.60999999940395 64.95000000298023 29.74
    endloop
  endfacet
  facet normal 1 0 0
    outer loop
      vertex 2 27 9.6
      vertex 2 63.95000000298023 29.74
      vertex 2 25.5 9.6
    endloop
  endfacet
  facet normal 1 0 0
    outer loop
      vertex 2 63.95000000298023 29.74
      vertex 2 25.5 22.1
      vertex 2 25.5 9.6
    endloop
  endfacet
  facet normal 0.9876883413286766 -0.15643446040884962 0
    outer loop
      vertex 2 63.95000000298023 2
      vertex 2.048943482339382 64.2590169981122 29.74
      vertex 2 63.95000000298023 29.74
    endloop
  endfacet
  facet normal 0.5877852513186531 -0.8090169950824692 0
    outer loop
      vertex 2.048943482339382 64.2590169981122 2
      vertex 3 64.95000000298023 29.74
      vertex 2.048943482339382 64.2590169981122 29.74
    endloop
  endfacet
  facet normal 0 -1 0
    outer loop
      vertex 3 64.95000000298023 2
      vertex 81.60999999940395 64.95000000298023 29.74
      vertex 3 64.95000000298023 29.74
    endloop
  endfacet
  facet normal 0 0 1
    outer loop
      vertex 10.71 4 2
      vertex 60.71 7 2
      vertex 57.71 7 2
    endloop
  endfacet
  facet normal 0 0 1
    outer loop
      vertex 10.71 4 2
      vertex 63.71 7 2
      vertex 60.71 7 2
    endloop
  endfacet
  facet normal 0 0 1
    outer loop
      vertex 10.71 4 2
      vertex 66.71000000000001 7 2
      vertex 63.71 7 2
    endloop
  endfacet
  facet normal 0 0 1
    outer loop
      vertex 2 3.6 2
      vertex 78.71 4 2
      vertex 72.71 4 2
    endloop
  endfacet
  facet normal 0 0 1
    outer loop
      vertex 10.71 4 2
      vertex 69.71000000000001 7 2
      vertex 66.71000000000001 7 2
    endloop
  endfacet
  facet normal 0 0 1
    outer loop
      vertex 10.71 4 2
      vertex 72.71 7 2
      vertex 69.71000000000001 7 2
    endloop
  endfacet
  facet normal 0 0 1
    outer loop
      vertex 10.71 4 2
      vertex 72.71 4 2
      vertex 72.71 7 2
    endloop
  endfacet
  facet normal 0 0 1
    outer loop
      vertex 48.71 22 2
      vertex 45.71 7 2
      vertex 48.71 7 2
    endloop
  endfacet
  facet normal 0 0 1
    outer loop
      vertex 2 3.6 2
      vertex 82.60999999940395 3.6 2
      vertex 78.71 4 2
    endloop
  endfacet
  facet normal 0 0 1
    outer loop
      vertex 54.71 22 2
      vertex 51.71 7 2
      vertex 54.71 7 2
    endloop
  endfacet
  facet normal 0 0 1
    outer loop
      vertex 60.71 7 2
      vertex 60.71 22 2
      vertex 57.71 7 2
    endloop
  endfacet
  facet normal 0 0 1
    outer loop
      vertex 48.71 22 2
      vertex 45.71 22 2
      vertex 45.71 7 2
    endloop
  endfacet
  facet normal 0 0 1
    outer loop
      vertex 72.71 25 2
      vertex 27.71 22 2
      vertex 30.71 22 2
    endloop
  endfacet
  facet normal 0 0 1
    outer loop
      vertex 72.71 25 2
      vertex 30.71 22 2
      vertex 33.71 22 2
    endloop
  endfacet
  facet normal 0 0 1
    outer loop
      vertex 51.71 7 2
      vertex 54.71 22 2
      vertex 51.71 22 2
    endloop
  endfacet
  facet normal 0 0 1
    outer loop
      vertex 72.71 25 2
      vertex 33.71 22 2
      vertex 36.71 22 2
    endloop
  endfacet
  facet normal 0 0 1
    outer loop
      vertex 72.71 25 2
      vertex 36.71 22 2
      vertex 39.71 22 2
    endloop
  endfacet
  facet normal 0 0 1
    outer loop
      vertex 72.71 25 2
      vertex 39.71 22 2
      vertex 42.71 22 2
    endloop
  endfacet
  facet normal 0 0 1
    outer loop
      vertex 32.841646487389504 27 2
      vertex 53.8695305944238 29.854505552595914 2
      vertex 53.394505552595916 30.3295305944238 2
    endloop
  endfacet
  facet normal 0 0 1
    outer loop
      vertex 32.841646487389504 27 2
      vertex 55.07243719813106 29.27521626345453 2
      vertex 54.438348782647324 29.497093396292748 2
    endloop
  endfacet
  facet normal 0 0 1
    outer loop
      vertex 32.841646487389504 27 2
      vertex 54.438348782647324 29.497093396292748 2
      vertex 53.8695305944238 29.854505552595914 2
    endloop
  endfacet
  facet normal 0 0 1
    outer loop
      vertex 32.841646487389504 27 2
      vertex 53.394505552595916 34.070469405576205 2
      vertex 41.129999999999995 37.4 2
    endloop
  endfacet
  facet normal 0 0 1
    outer loop
      vertex 32.841646487389504 27 2
      vertex 53.03709339629275 30.89834878264733 2
      vertex 52.81521626345453 31.53243719813106 2
    endloop
  endfacet
  facet normal 0 0 1
    outer loop
      vertex 32.841646487389504 27 2
      vertex 52.81521626345453 31.53243719813106 2
      vertex 52.74 32.2 2
    endloop
  endfacet
  facet normal 0 0 1
    outer loop
      vertex 32.841646487389504 27 2
      vertex 52.74 32.2 2
      vertex 52.81521626345453 32.86756280186895 2
    endloop
  endfacet
  facet normal 0 0 1
    outer loop
      vertex 32.841646487389504 27 2
      vertex 52.81521626345453 32.86756280186895 2
      vertex 53.03709339629275 33.50165121735268 2
    endloop
  endfacet
  facet normal 0 0 1
    outer loop
      vertex 32.841646487389504 27 2
      vertex 53.394505552595916 30.3295305944238 2
      vertex 53.03709339629275 30.89834878264733 2
    endloop
  endfacet
  facet normal 0 0 1
    outer loop
      vertex 32.841646487389504 27 2
      vertex 53.03709339629275 33.50165121735268 2
      vertex 53.394505552595916 34.070469405576205 2
    endloop
  endfacet
  facet normal 0 0 1
    outer loop
      vertex 32.841646487389504 27 2
      vertex 55.74 29.200000000000003 2
      vertex 55.07243719813106 29.27521626345453 2
    endloop
  endfacet
  facet normal 0 0 1
    outer loop
      vertex 2 25.4 2
      vertex 72.71 25 2
      vertex 78.71 25 2
    endloop
  endfacet
  facet normal 0 0 1
    outer loop
      vertex 72.71 25 2
      vertex 42.71 22 2
      vertex 45.71 22 2
    endloop
  endfacet
  facet normal 0 0 1
    outer loop
      vertex 72.71 25 2
      vertex 45.71 22 2
      vertex 48.71 22 2
    endloop
  endfacet
  facet normal 0 0 1
    outer loop
      vertex 72.71 25 2
      vertex 48.71 22 2
      vertex 51.71 22 2
    endloop
  endfacet
  facet normal 0 0 1
    outer loop
      vertex 57.71 7 2
      vertex 60.71 22 2
      vertex 57.71 22 2
    endloop
  endfacet
  facet normal 0 0 1
    outer loop
      vertex 72.71 25 2
      vertex 51.71 22 2
      vertex 54.71 22 2
    endloop
  endfacet
  facet normal 0 0 1
    outer loop
      vertex 72.71 25 2
      vertex 54.71 22 2
      vertex 57.71 22 2
    endloop
  endfacet
  facet normal 0 0 1
    outer loop
      vertex 2 25.4 2
      vertex 78.71 25 2
      vertex 82.60999999940395 25.4 2
    endloop
  endfacet
  facet normal 0 0 1
    outer loop
      vertex 32.841646487389504 27 2
      vertex 82.60999999940395 27 2
      vertex 55.74 29.200000000000003 2
    endloop
  endfacet
  facet normal 0 0 1
    outer loop
      vertex 63.71 7 2
      vertex 66.71000000000001 7 2
      vertex 66.71000000000001 22 2
    endloop
  endfacet
  facet normal 0 0 1
    outer loop
      vertex 72.71 7 2
      vertex 72.71 22 2
      vertex 69.71000000000001 7 2
    endloop
  endfacet
  facet normal 0 0 1
    outer loop
      vertex 78.71 4 2
      vertex 82.60999999940395 3.6 2
      vertex 78.71 7 2
    endloop
  endfacet
  facet normal -1 0 0
    outer loop
      vertex 82.60999999940395 3.6 2
      vertex 82.60999999940395 3.6 9.6
      vertex 82.60999999940395 8.5 6.1
    endloop
  endfacet
  facet normal 0 0 1
    outer loop
      vertex 72.71 7 2
      vertex 78.71 7 2
      vertex 78.71 22 2
    endloop
  endfacet
  facet normal 0 0 1
    outer loop
      vertex 78.71 7 2
      vertex 82.60999999940395 3.6 2
      vertex 82.60999999940395 25.4 2
    endloop
  endfacet
  facet normal -1 0 0
    outer loop
      vertex 82.60999999940395 3.6 2
      vertex 82.60999999940395 20.5 6.1
      vertex 82.60999999940395 25.4 2
    endloop
  endfacet
  facet normal -1 0 0
    outer loop
      vertex 82.60999999940395 3.6 2
      vertex 82.60999999940395 8.5 6.1
      vertex 82.60999999940395 20.5 6.1
    endloop
  endfacet
  facet normal -1 0 0
    outer loop
      vertex 82.60999999940395 3.6 9.6
      vertex 82.60999999940395 8.5 12.899999999999999
      vertex 82.60999999940395 8.5 6.1
    endloop
  endfacet
  facet normal 0 0 1
    outer loop
      vertex 63.71 22 2
      vertex 63.71 7 2
      vertex 66.71000000000001 22 2
    endloop
  endfacet
  facet normal 0 0 1
    outer loop
      vertex 72.71 25 2
      vertex 57.71 22 2
      vertex 60.71 22 2
    endloop
  endfacet
  facet normal 0 0 1
    outer loop
      vertex 72.71 25 2
      vertex 60.71 22 2
      vertex 63.71 22 2
    endloop
  endfacet
  facet normal 0 0 1
    outer loop
      vertex 72.71 25 2
      vertex 63.71 22 2
      vertex 66.71000000000001 22 2
    endloop
  endfacet
  facet normal 0 0 1
    outer loop
      vertex 72.71 22 2
      vertex 69.71000000000001 22 2
      vertex 69.71000000000001 7 2
    endloop
  endfacet
  facet normal 0 0 1
    outer loop
      vertex 72.71 25 2
      vertex 66.71000000000001 22 2
      vertex 69.71000000000001 22 2
    endloop
  endfacet
  facet normal 0 0 1
    outer loop
      vertex 72.71 22 2
      vertex 72.71 25 2
      vertex 69.71000000000001 22 2
    endloop
  endfacet
  facet normal 0 0 1
    outer loop
      vertex 55.74 29.200000000000003 2
      vertex 82.60999999940395 27 2
      vertex 56.40756280186894 29.27521626345453 2
    endloop
  endfacet
  facet normal 0 0 1
    outer loop
      vertex 56.40756280186894 29.27521626345453 2
      vertex 76.94243719813106 29.27521626345453 2
      vertex 57.04165121735268 29.497093396292748 2
    endloop
  endfacet
  facet normal 0 0 1
    outer loop
      vertex 57.04165121735268 29.497093396292748 2
      vertex 75.7395305944238 29.854505552595914 2
      vertex 57.610469405576204 29.854505552595914 2
    endloop
  endfacet
  facet normal 0 0 1
    outer loop
      vertex 57.610469405576204 29.854505552595914 2
      vertex 75.7395305944238 29.854505552595914 2
      vertex 58.085494447404095 30.3295305944238 2
    endloop
  endfacet
  facet normal 0 0 1
    outer loop
      vertex 58.085494447404095 30.3295305944238 2
      vertex 74.90709339629274 30.89834878264733 2
      vertex 58.44290660370726 30.89834878264733 2
    endloop
  endfacet
  facet normal 0 0 1
    outer loop
      vertex 58.44290660370726 30.89834878264733 2
      vertex 74.90709339629274 30.89834878264733 2
      vertex 58.66478373654547 31.53243719813106 2
    endloop
  endfacet
  facet normal 0 0 1
    outer loop
      vertex 58.66478373654547 31.53243719813106 2
      vertex 74.61 32.2 2
      vertex 58.74 32.2 2
    endloop
  endfacet
  facet normal 0 0 1
    outer loop
      vertex 58.74 32.2 2
      vertex 74.61 32.2 2
      vertex 58.66478373654547 32.86756280186895 2
    endloop
  endfacet
  facet normal 0 0 1
    outer loop
      vertex 58.66478373654547 32.86756280186895 2
      vertex 74.90709339629274 33.50165121735268 2
      vertex 58.44290660370726 33.50165121735268 2
    endloop
  endfacet
  facet normal 0 0 1
    outer loop
      vertex 56.40756280186894 29.27521626345453 2
      vertex 82.60999999940395 27 2
      vertex 76.94243719813106 29.27521626345453 2
    endloop
  endfacet
  facet normal 0 0 1
    outer loop
      vertex 57.04165121735268 29.497093396292748 2
      vertex 76.30834878264733 29.497093396292748 2
      vertex 75.7395305944238 29.854505552595914 2
    endloop
  endfacet
  facet normal 0 0 1
    outer loop
      vertex 58.085494447404095 30.3295305944238 2
      vertex 75.7395305944238 29.854505552595914 2
      vertex 75.2645055525959 30.3295305944238 2
    endloop
  endfacet
  facet normal 0 0 1
    outer loop
      vertex 58.085494447404095 30.3295305944238 2
      vertex 75.2645055525959 30.3295305944238 2
      vertex 74.90709339629274 30.89834878264733 2
    endloop
  endfacet
  facet normal 0 0 1
    outer loop
      vertex 58.66478373654547 31.53243719813106 2
      vertex 74.90709339629274 30.89834878264733 2
      vertex 74.68521626345454 31.53243719813106 2
    endloop
  endfacet
  facet normal 0 0 1
    outer loop
      vertex 57.04165121735268 29.497093396292748 2
      vertex 76.94243719813106 29.27521626345453 2
      vertex 76.30834878264733 29.497093396292748 2
    endloop
  endfacet
  facet normal 0 0 1
    outer loop
      vertex 58.66478373654547 31.53243719813106 2
      vertex 74.68521626345454 31.53243719813106 2
      vertex 74.61 32.2 2
    endloop
  endfacet
  facet normal 0 0 1
    outer loop
      vertex 58.66478373654547 32.86756280186895 2
      vertex 74.61 32.2 2
      vertex 74.68521626345454 32.86756280186895 2
    endloop
  endfacet
  facet normal 0 0 1
    outer loop
      vertex 58.66478373654547 32.86756280186895 2
      vertex 74.68521626345454 32.86756280186895 2
      vertex 74.90709339629274 33.50165121735268 2
    endloop
  endfacet
  facet normal 0 0 1
    outer loop
      vertex 72.71 7 2
      vertex 78.71 22 2
      vertex 72.71 22 2
    endloop
  endfacet
  facet normal 0 0 1
    outer loop
      vertex 78.71 7 2
      vertex 82.60999999940395 25.4 2
      vertex 78.71 22 2
    endloop
  endfacet
  facet normal 0 0 1
    outer loop
      vertex 78.71 22 2
      vertex 82.60999999940395 25.4 2
      vertex 78.71 25 2
    endloop
  endfacet
  facet normal -1 0 0
    outer loop
      vertex 82.60999999940395 25.4 2
      vertex 82.60999999940395 20.5 6.1
      vertex 82.60999999940395 25.40000000001183 9.6
    endloop
  endfacet
  facet normal 0 0 1
    outer loop
      vertex 76.94243719813106 29.27521626345453 2
      vertex 82.60999999940395 27 2
      vertex 77.61 29.200000000000003 2
    endloop
  endfacet
  facet normal 0 0 1
    outer loop
      vertex 77.61 29.200000000000003 2
      vertex 82.60999999940395 27 2
      vertex 78.27756280186894 29.27521626345453 2
    endloop
  endfacet
  facet normal 0 0 1
    outer loop
      vertex 78.27756280186894 29.27521626345453 2
      vertex 82.60999999940395 27 2
      vertex 78.91165121735267 29.497093396292748 2
    endloop
  endfacet
  facet normal 0 0 1
    outer loop
      vertex 78.91165121735267 29.497093396292748 2
      vertex 82.60999999940395 27 2
      vertex 79.4804694055762 29.854505552595914 2
    endloop
  endfacet
  facet normal 0 0 1
    outer loop
      vertex 82.60999999940395 27 2
      vertex 79.95549444740409 30.3295305944238 2
      vertex 79.4804694055762 29.854505552595914 2
    endloop
  endfacet
  facet normal 0 0 1
    outer loop
      vertex 82.60999999940395 27 2
      vertex 80.31290660370726 30.89834878264733 2
      vertex 79.95549444740409 30.3295305944238 2
    endloop
  endfacet
  facet normal 0 0 1
    outer loop
      vertex 82.60999999940395 27 2
      vertex 80.53478373654548 31.53243719813106 2
      vertex 80.31290660370726 30.89834878264733 2
    endloop
  endfacet
  facet normal 0 0 1
    outer loop
      vertex 82.60999999940395 27 2
      vertex 80.61 32.2 2
      vertex 80.53478373654548 31.53243719813106 2
    endloop
  endfacet
  facet normal 0 0 1
    outer loop
      vertex 82.60999999940395 27 2
      vertex 82.60999999940395 37.4 2
      vertex 80.61 32.2 2
    endloop
  endfacet
  facet normal -1 0 0
    outer loop
      vertex 82.60999999940395 27 2
      vertex 82.60999999940395 27 9.6
      vertex 82.60999999940395 37.4 2
    endloop
  endfacet
  facet normal -1 0 0
    outer loop
      vertex 82.60999999940395 25.40000000001183 9.6
      vertex 82.60999999940395 20.5 6.1
      vertex 82.60999999940395 20.5 12.899999999999999
    endloop
  endfacet
  facet normal 0 1 0
    outer loop
      vertex 3 2 29.74
      vertex 81.60999999940395 2 29.74
      vertex 81.60999999940395 2 9.6
    endloop
  endfacet
  facet normal -0.587785251318653 0.8090169950824692 0
    outer loop
      vertex 81.60999999940395 2 9.6
      vertex 81.60999999940395 2 29.74
      vertex 82.56105651706457 2.6909830048680305 9.6
    endloop
  endfacet
  facet normal -0.9876883413286764 0.15643446040884962 0
    outer loop
      vertex 82.56105651706457 2.6909830048680305 9.6
      vertex 82.56105651706457 2.6909830048680305 29.74
      vertex 82.60999999940395 3 9.6
    endloop
  endfacet
  facet normal -1 0 0
    outer loop
      vertex 82.60999999940395 3 9.6
      vertex 82.60999999940395 3 29.74
      vertex 82.60999999940395 3.6 9.6
    endloop
  endfacet
  facet normal -1 0 0
    outer loop
      vertex 82.60999999940395 3.6 9.6
      vertex 82.60999999940395 3 29.74
      vertex 82.60999999940395 8.5 12.899999999999999
    endloop
  endfacet
  facet normal -1 0 0
    outer loop
      vertex 82.60999999940395 3 29.74
      vertex 82.60999999940395 20.5 12.899999999999999
      vertex 82.60999999940395 8.5 12.899999999999999
    endloop
  endfacet
  facet normal -1 0 0
    outer loop
      vertex 82.60999999940395 25.40000000001183 9.6
      vertex 82.60999999940395 20.5 12.899999999999999
      vertex 82.60999999940395 3 29.74
    endloop
  endfacet
  facet normal -0.587785251318653 0.8090169950824692 0
    outer loop
      vertex 82.56105651706457 2.6909830048680305 9.6
      vertex 81.60999999940395 2 29.74
      vertex 82.56105651706457 2.6909830048680305 29.74
    endloop
  endfacet
  facet normal -0.9876883413286764 0.15643446040884962 0
    outer loop
      vertex 82.60999999940395 3 9.6
      vertex 82.56105651706457 2.6909830048680305 29.74
      vertex 82.60999999940395 3 29.74
    endloop
  endfacet
  facet normal -1 0 0
    outer loop
      vertex 82.60999999940395 25.40000000001183 9.6
      vertex 82.60999999940395 3 29.74
      vertex 82.60999999940395 27 9.6
    endloop
  endfacet
  facet normal -1 0 0
    outer loop
      vertex 82.60999999940395 27 9.6
      vertex 82.60999999940395 3 29.74
      vertex 82.60999999940395 39 8.6
    endloop
  endfacet
  facet normal -1 0 0
    outer loop
      vertex 82.60999999940395 3 29.74
      vertex 82.60999999940395 38.71891108675447 10.93
      vertex 82.60999999940395 39 8.6
    endloop
  endfacet
  facet normal -1 0 0
    outer loop
      vertex 82.60999999940395 3 29.74
      vertex 82.60999999940395 38.46107582724932 11.482929498360159
      vertex 82.60999999940395 38.71891108675447 10.93
    endloop
  endfacet
  facet normal -1 0 0
    outer loop
      vertex 82.60999999940395 3 29.74
      vertex 82.60999999940395 38.303172864457274 12.072231378165743
      vertex 82.60999999940395 38.46107582724932 11.482929498360159
    endloop
  endfacet
  facet normal -1 0 0
    outer loop
      vertex 82.60999999940395 3 29.74
      vertex 82.60999999940395 38.25 12.68
      vertex 82.60999999940395 38.303172864457274 12.072231378165743
    endloop
  endfacet
  facet normal -1 0 0
    outer loop
      vertex 82.60999999940395 3 29.74
      vertex 82.60999999940395 38.303172864457274 13.287768621834257
      vertex 82.60999999940395 38.25 12.68
    endloop
  endfacet
  facet normal -1 0 0
    outer loop
      vertex 82.60999999940395 3 29.74
      vertex 82.60999999940395 38.46107582724932 13.87707050163984
      vertex 82.60999999940395 38.303172864457274 13.287768621834257
    endloop
  endfacet
  facet normal -1 0 0
    outer loop
      vertex 82.60999999940395 3 29.74
      vertex 82.60999999940395 38.71891108675447 14.43
      vertex 82.60999999940395 38.46107582724932 13.87707050163984
    endloop
  endfacet
  facet normal -1 0 0
    outer loop
      vertex 82.60999999940395 3 29.74
      vertex 82.60999999940395 39.06884444908358 14.929756633902887
      vertex 82.60999999940395 38.71891108675447 14.43
    endloop
  endfacet
  facet normal -1 0 0
    outer loop
      vertex 82.60999999940395 3 29.74
      vertex 82.60999999940395 39.50024336609711 15.361155550916422
      vertex 82.60999999940395 39.06884444908358 14.929756633902887
    endloop
  endfacet
  facet normal -1 0 0
    outer loop
      vertex 82.60999999940395 3 29.74
      vertex 82.60999999940395 40 15.711088913245534
      vertex 82.60999999940395 39.50024336609711 15.361155550916422
    endloop
  endfacet
  facet normal -1 0 0
    outer loop
      vertex 82.60999999940395 3 29.74
      vertex 82.60999999940395 40.55292949836016 15.968924172750679
      vertex 82.60999999940395 40 15.711088913245534
    endloop
  endfacet
  facet normal -1 0 0
    outer loop
      vertex 82.60999999940395 3 29.74
      vertex 82.60999999940395 41.14223137816575 16.126827135542726
      vertex 82.60999999940395 40.55292949836016 15.968924172750679
    endloop
  endfacet
  facet normal -1 0 0
    outer loop
      vertex 82.60999999940395 3 29.74
      vertex 82.60999999940395 41.75 16.18
      vertex 82.60999999940395 41.14223137816575 16.126827135542726
    endloop
  endfacet
  facet normal -1 0 0
    outer loop
      vertex 82.60999999940395 3 29.74
      vertex 82.60999999940395 42.35776862183425 16.126827135542726
      vertex 82.60999999940395 41.75 16.18
    endloop
  endfacet
  facet normal -1 0 0
    outer loop
      vertex 82.60999999940395 3 29.74
      vertex 82.60999999940395 42.94707050163984 15.968924172750679
      vertex 82.60999999940395 42.35776862183425 16.126827135542726
    endloop
  endfacet
  facet normal 0 0 1
    outer loop
      vertex 42.73 39 2
      vertex 43.129999999999995 39.4 2
      vertex 43.129999999999995 41.4 2
    endloop
  endfacet
  facet normal 0 0 1
    outer loop
      vertex 41.129999999999995 37.4 2
      vertex 53.394505552595916 34.070469405576205 2
      vertex 53.8695305944238 34.545494447404096 2
    endloop
  endfacet
  facet normal 0 0 1
    outer loop
      vertex 41.129999999999995 37.4 2
      vertex 53.8695305944238 34.545494447404096 2
      vertex 54.43834878264733 34.90290660370726 2
    endloop
  endfacet
  facet normal 0 0 1
    outer loop
      vertex 41.129999999999995 37.4 2
      vertex 54.43834878264733 34.90290660370726 2
      vertex 55.072437198131055 35.124783736545474 2
    endloop
  endfacet
  facet normal 0 0 1
    outer loop
      vertex 41.129999999999995 37.4 2
      vertex 55.072437198131055 35.124783736545474 2
      vertex 55.74 35.2 2
    endloop
  endfacet
  facet normal 0 0 1
    outer loop
      vertex 41.129999999999995 37.4 2
      vertex 55.74 35.2 2
      vertex 56.40756280186895 35.124783736545474 2
    endloop
  endfacet
  facet normal 0 0 1
    outer loop
      vertex 42.73 39 2
      vertex 43.129999999999995 41.4 2
      vertex 43.129999999999995 62.55 2
    endloop
  endfacet
  facet normal 0 0 1
    outer loop
      vertex 41.129999999999995 37.4 2
      vertex 56.40756280186895 35.124783736545474 2
      vertex 76.94243719813106 35.124783736545474 2
    endloop
  endfacet
  facet normal 0 0 1
    outer loop
      vertex 42.73 39 2
      vertex 82.60999999940395 39 2
      vertex 43.129999999999995 39.4 2
    endloop
  endfacet
  facet normal 0 0 1
    outer loop
      vertex 56.40756280186895 35.124783736545474 2
      vertex 57.04165121735267 34.90290660370726 2
      vertex 76.30834878264733 34.90290660370726 2
    endloop
  endfacet
  facet normal 0 0 1
    outer loop
      vertex 43.129999999999995 39.4 2
      vertex 82.60999999940395 39 2
      vertex 51.06156577618197 39.4 2
    endloop
  endfacet
  facet normal 0 0 1
    outer loop
      vertex 42.73 39 2
      vertex 43.129999999999995 62.55 2
      vertex 42.73 64.95 2
    endloop
  endfacet
  facet normal 0 0 1
    outer loop
      vertex 43.129999999999995 62.55 2
      vertex 43.129999999999995 64.55 2
      vertex 42.73 64.95 2
    endloop
  endfacet
  facet normal 0 0 1
    outer loop
      vertex 43.129999999999995 41.4 2
      vertex 82.21 62.55 2
      vertex 43.129999999999995 62.55 2
    endloop
  endfacet
  facet normal 0 0 1
    outer loop
      vertex 43.129999999999995 64.55 2
      vertex 81.91901699453592 64.90105652064085 2
      vertex 42.73 64.95 2
    endloop
  endfacet
  facet normal 0 0 1
    outer loop
      vertex 58.08549444740409 34.070469405576205 2
      vertex 58.44290660370726 33.50165121735268 2
      vertex 74.90709339629274 33.50165121735268 2
    endloop
  endfacet
  facet normal 0 0 1
    outer loop
      vertex 58.08549444740409 34.070469405576205 2
      vertex 75.2645055525959 34.070469405576205 2
      vertex 57.610469405576204 34.545494447404096 2
    endloop
  endfacet
  facet normal 0 0 1
    outer loop
      vertex 57.04165121735267 34.90290660370726 2
      vertex 57.610469405576204 34.545494447404096 2
      vertex 75.7395305944238 34.545494447404096 2
    endloop
  endfacet
  facet normal 0 0 1
    outer loop
      vertex 41.129999999999995 37.4 2
      vertex 76.94243719813106 35.124783736545474 2
      vertex 77.61 35.2 2
    endloop
  endfacet
  facet normal 0 0 1
    outer loop
      vertex 41.129999999999995 37.4 2
      vertex 77.61 35.2 2
      vertex 82.60999999940395 37.4 2
    endloop
  endfacet
  facet normal 0 0 1
    outer loop
      vertex 58.08549444740409 34.070469405576205 2
      vertex 74.90709339629274 33.50165121735268 2
      vertex 75.2645055525959 34.070469405576205 2
    endloop
  endfacet
  facet normal 0 0 1
    outer loop
      vertex 57.610469405576204 34.545494447404096 2
      vertex 75.2645055525959 34.070469405576205 2
      vertex 75.7395305944238 34.545494447404096 2
    endloop
  endfacet
  facet normal 0 0 1
    outer loop
      vertex 57.04165121735267 34.90290660370726 2
      vertex 75.7395305944238 34.545494447404096 2
      vertex 76.30834878264733 34.90290660370726 2
    endloop
  endfacet
  facet normal 0 0 1
    outer loop
      vertex 56.40756280186895 35.124783736545474 2
      vertex 76.30834878264733 34.90290660370726 2
      vertex 76.94243719813106 35.124783736545474 2
    endloop
  endfacet
  facet normal 0 0 1
    outer loop
      vertex 51.06156577618197 39.4 2
      vertex 82.60999999940395 39 2
      vertex 82.21 39.4 2
    endloop
  endfacet
  facet normal 0 0 1
    outer loop
      vertex 43.129999999999995 41.4 2
      vertex 82.21 41.4 2
      vertex 82.21 62.55 2
    endloop
  endfacet
  facet normal 0 0 1
    outer loop
      vertex 80.61 32.2 2
      vertex 82.60999999940395 37.4 2
      vertex 80.53478373654546 32.86756280186895 2
    endloop
  endfacet
  facet normal 0 0 1
    outer loop
      vertex 79.95549444740409 34.070469405576205 2
      vertex 80.31290660370726 33.50165121735268 2
      vertex 82.60999999940395 37.4 2
    endloop
  endfacet
  facet normal 0 0 1
    outer loop
      vertex 80.53478373654546 32.86756280186895 2
      vertex 82.60999999940395 37.4 2
      vertex 80.31290660370726 33.50165121735268 2
    endloop
  endfacet
  facet normal 0 0 1
    outer loop
      vertex 79.95549444740409 34.070469405576205 2
      vertex 82.60999999940395 37.4 2
      vertex 79.4804694055762 34.545494447404096 2
    endloop
  endfacet
  facet normal 0 0 1
    outer loop
      vertex 77.61 35.2 2
      vertex 78.27756280186894 35.124783736545474 2
      vertex 82.60999999940395 37.4 2
    endloop
  endfacet
  facet normal 0 0 1
    outer loop
      vertex 78.27756280186894 35.124783736545474 2
      vertex 78.91165121735267 34.90290660370726 2
      vertex 82.60999999940395 37.4 2
    endloop
  endfacet
  facet normal 0 0 1
    outer loop
      vertex 78.91165121735267 34.90290660370726 2
      vertex 79.4804694055762 34.545494447404096 2
      vertex 82.60999999940395 37.4 2
    endloop
  endfacet
  facet normal 0 0 1
    outer loop
      vertex 82.60999999940395 39 2
      vertex 82.21 41.4 2
      vertex 82.21 39.4 2
    endloop
  endfacet
  facet normal -1 0 0
    outer loop
      vertex 82.60999999940395 27 9.6
      vertex 82.60999999940395 37.4 8.6
      vertex 82.60999999940395 37.4 2
    endloop
  endfacet
  facet normal 0 0 1
    outer loop
      vertex 82.60999999940395 39 2
      vertex 82.60999999940395 63.95000000298023 2
      vertex 82.21 41.4 2
    endloop
  endfacet
  facet normal -1 0 0
    outer loop
      vertex 82.60999999940395 39 2
      vertex 82.60999999940395 39 8.6
      vertex 82.60999999940395 63.95000000298023 2
    endloop
  endfacet
  facet normal -1 0 0
    outer loop
      vertex 82.60999999940395 39 8.6
      vertex 82.60999999940395 40.55292949836016 9.39107582724932
      vertex 82.60999999940395 63.95000000298023 2
    endloop
  endfacet
  facet normal -1 0 0
    outer loop
      vertex 82.60999999940395 63.95000000298023 2
      vertex 82.60999999940395 40.55292949836016 9.39107582724932
      vertex 82.60999999940395 41.14223137816575 9.233172864457272
    endloop
  endfacet
  facet normal -1 0 0
    outer loop
      vertex 82.60999999940395 63.95000000298023 2
      vertex 82.60999999940395 41.14223137816575 9.233172864457272
      vertex 82.60999999940395 41.75 9.18
    endloop
  endfacet
  facet normal -1 0 0
    outer loop
      vertex 82.60999999940395 63.95000000298023 2
      vertex 82.60999999940395 41.75 9.18
      vertex 82.60999999940395 42.35776862183425 9.233172864457272
    endloop
  endfacet
  facet normal -1 0 0
    outer loop
      vertex 82.60999999940395 63.95000000298023 2
      vertex 82.60999999940395 42.35776862183425 9.233172864457272
      vertex 82.60999999940395 42.94707050163984 9.39107582724932
    endloop
  endfacet
  facet normal -1 0 0
    outer loop
      vertex 82.60999999940395 63.95000000298023 2
      vertex 82.60999999940395 42.94707050163984 9.39107582724932
      vertex 82.60999999940395 43.5 9.648911086754465
    endloop
  endfacet
  facet normal -1 0 0
    outer loop
      vertex 82.60999999940395 27 9.6
      vertex 82.60999999940395 39 8.6
      vertex 82.60999999940395 37.4 8.6
    endloop
  endfacet
  facet normal -1 0 0
    outer loop
      vertex 82.60999999940395 39 8.6
      vertex 82.60999999940395 40 9.648911086754465
      vertex 82.60999999940395 40.55292949836016 9.39107582724932
    endloop
  endfacet
  facet normal -1 0 0
    outer loop
      vertex 82.60999999940395 39 8.6
      vertex 82.60999999940395 39.06884444908358 10.430243366097113
      vertex 82.60999999940395 39.50024336609711 9.998844449083578
    endloop
  endfacet
  facet normal -1 0 0
    outer loop
      vertex 82.60999999940395 39 8.6
      vertex 82.60999999940395 39.50024336609711 9.998844449083578
      vertex 82.60999999940395 40 9.648911086754465
    endloop
  endfacet
  facet normal -1 0 0
    outer loop
      vertex 82.60999999940395 39 8.6
      vertex 82.60999999940395 38.71891108675447 10.93
      vertex 82.60999999940395 39.06884444908358 10.430243366097113
    endloop
  endfacet
  facet normal 0 0 1
    outer loop
      vertex 43.129999999999995 64.55 2
      vertex 82.17407448586947 64.55 2
      vertex 81.91901699453592 64.90105652064085 2
    endloop
  endfacet
  facet normal 0 0 1
    outer loop
      vertex 42.73 64.95 2
      vertex 81.91901699453592 64.90105652064085 2
      vertex 81.61000001822038 64.95 2
    endloop
  endfacet
  facet normal 0 0 1
    outer loop
      vertex 82.21 41.4 2
      vertex 82.60999999940395 63.95000000298023 2
      vertex 82.21 62.55 2
    endloop
  endfacet
  facet normal -1 0 0
    outer loop
      vertex 82.60999999940395 63.95000000298023 2
      vertex 82.60999999940395 43.5 9.648911086754465
      vertex 82.60999999940395 43.99975663390289 9.998844449083578
    endloop
  endfacet
  facet normal 0 0 1
    outer loop
      vertex 82.21 62.55 2
      vertex 82.60999999940395 63.95000000298023 2
      vertex 82.21 64.50055277174194 2
    endloop
  endfacet
  facet normal -0.8090169950824673 -0.5877852513186556 7.374223087978934e-19
    outer loop
      vertex 82.60999999940395 63.95000000298023 2
      vertex 82.21 64.50055277174194 5
      vertex 82.21 64.50055277174194 2
    endloop
  endfacet
  facet normal -0.8090169950824664 -0.5877852513186569 5.905140790788121e-19
    outer loop
      vertex 81.91901699453592 64.90105652064085 2
      vertex 82.17407448586947 64.55 2
      vertex 82.17407448586947 64.55 5
    endloop
  endfacet
  facet normal -1 0 0
    outer loop
      vertex 82.60999999940395 63.95000000298023 2
      vertex 82.60999999940395 43.99975663390289 9.998844449083578
      vertex 82.60999999940395 44.43115555091642 10.430243366097113
    endloop
  endfacet
  facet normal -1 0 0
    outer loop
      vertex 82.60999999940395 63.95000000298023 2
      vertex 82.60999999940395 44.43115555091642 10.430243366097113
      vertex 82.60999999940395 44.78108891324553 10.93
    endloop
  endfacet
  facet normal -1 0 0
    outer loop
      vertex 82.60999999940395 63.95000000298023 2
      vertex 82.60999999940395 44.78108891324553 10.93
      vertex 82.60999999940395 45.03892417275068 11.482929498360159
    endloop
  endfacet
  facet normal -1 0 0
    outer loop
      vertex 82.60999999940395 63.95000000298023 2
      vertex 82.60999999940395 45.03892417275068 11.482929498360159
      vertex 82.60999999940395 45.196827135542726 12.072231378165743
    endloop
  endfacet
  facet normal -1 0 0
    outer loop
      vertex 82.60999999940395 63.95000000298023 2
      vertex 82.60999999940395 45.196827135542726 12.072231378165743
      vertex 82.60999999940395 63.95000000298023 29.74
    endloop
  endfacet
  facet normal -0.15643446040884654 -0.9876883413286769 8.757161552828176e-20
    outer loop
      vertex 81.61000001822038 64.95 2
      vertex 81.91901699453592 64.90105652064085 2
      vertex 81.91901699453592 64.90105652064085 29.74
    endloop
  endfacet
  facet normal -0.8090169950824673 -0.5877852513186556 0
    outer loop
      vertex 82.60999999940395 63.95000000298023 2
      vertex 82.60999999940395 63.95000000298023 29.74
      vertex 82.21 64.50055277174194 5
    endloop
  endfacet
  facet normal -0.809016995082465 -0.5877852513186584 -2.858802842605384e-16
    outer loop
      vertex 81.91901699453592 64.90105652064085 2
      vertex 82.17407448586947 64.55 5
      vertex 82.60999999940395 63.95000000298023 29.74
    endloop
  endfacet
  facet normal -0.1564344604088465 -0.9876883413286769 0
    outer loop
      vertex 81.61000001822038 64.95 2
      vertex 81.91901699453592 64.90105652064085 29.74
      vertex 81.61000001822038 64.95 8.6
    endloop
  endfacet
  facet normal -0.8090169950825099 -0.5877852513185967 1.9970461800027124e-15
    outer loop
      vertex 82.21 64.50055277174194 5
      vertex 82.60999999940395 63.95000000298023 29.74
      vertex 82.17407448586947 64.55 5
    endloop
  endfacet
  facet normal -1 0 0
    outer loop
      vertex 82.60999999940395 63.95000000298023 29.74
      vertex 82.60999999940395 43.5 15.711088913245534
      vertex 82.60999999940395 42.94707050163984 15.968924172750679
    endloop
  endfacet
  facet normal -1 0 0
    outer loop
      vertex 82.60999999940395 3 29.74
      vertex 82.60999999940395 63.95000000298023 29.74
      vertex 82.60999999940395 42.94707050163984 15.968924172750679
    endloop
  endfacet
  facet normal 0 -1 0
    outer loop
      vertex 41.129999999999995 64.95000000298023 8.6
      vertex 81.60999999940395 64.95000000298023 8.6
      vertex 81.60999999940395 64.95000000298023 29.74
    endloop
  endfacet
  facet normal -1 0 0
    outer loop
      vertex 82.60999999940395 63.95000000298023 29.74
      vertex 82.60999999940395 45.196827135542726 12.072231378165743
      vertex 82.60999999940395 45.25 12.68
    endloop
  endfacet
  facet normal -1 0 0
    outer loop
      vertex 82.60999999940395 63.95000000298023 29.74
      vertex 82.60999999940395 45.25 12.68
      vertex 82.60999999940395 45.196827135542726 13.287768621834257
    endloop
  endfacet
  facet normal -1 0 0
    outer loop
      vertex 82.60999999940395 63.95000000298023 29.74
      vertex 82.60999999940395 45.03892417275068 13.87707050163984
      vertex 82.60999999940395 44.78108891324553 14.43
    endloop
  endfacet
  facet normal -1 0 0
    outer loop
      vertex 82.60999999940395 63.95000000298023 29.74
      vertex 82.60999999940395 45.196827135542726 13.287768621834257
      vertex 82.60999999940395 45.03892417275068 13.87707050163984
    endloop
  endfacet
  facet normal -1 0 0
    outer loop
      vertex 82.60999999940395 63.95000000298023 29.74
      vertex 82.60999999940395 44.78108891324553 14.43
      vertex 82.60999999940395 44.43115555091642 14.929756633902887
    endloop
  endfacet
  facet normal -1 0 0
    outer loop
      vertex 82.60999999940395 63.95000000298023 29.74
      vertex 82.60999999940395 43.99975663390289 15.361155550916422
      vertex 82.60999999940395 43.5 15.711088913245534
    endloop
  endfacet
  facet normal -1 0 0
    outer loop
      vertex 82.60999999940395 63.95000000298023 29.74
      vertex 82.60999999940395 44.43115555091642 14.929756633902887
      vertex 82.60999999940395 43.99975663390289 15.361155550916422
    endloop
  endfacet
  facet normal -0.15643451101500042 -0.9876883333134485 0
    outer loop
      vertex 81.60999999940395 64.95000000298023 8.6
      vertex 81.61000001822038 64.95 8.6
      vertex 81.60999999940395 64.95000000298023 29.74
    endloop
  endfacet
  facet normal -0.8090169950824692 -0.5877852513186531 0
    outer loop
      vertex 81.91901699453592 64.90105652064085 2
      vertex 82.60999999940395 63.95000000298023 29.74
      vertex 81.91901699453592 64.90105652064085 29.74
    endloop
  endfacet
  facet normal -0.15643446040884962 -0.9876883413286764 4.617378984529955e-17
    outer loop
      vertex 81.61000001822038 64.95 8.6
      vertex 81.91901699453592 64.90105652064085 29.74
      vertex 81.60999999940395 64.95000000298023 29.74
    endloop
  endfacet
  facet normal -1 0 0
    outer loop
      vertex 4.71 4 2
      vertex 4.71 7 6
      vertex 4.71 7 2
    endloop
  endfacet
  facet normal 0 -1 0
    outer loop
      vertex 4.71 4 2
      vertex 10.71 4 2
      vertex 10.71 4 6
    endloop
  endfacet
  facet normal 0 1 0
    outer loop
      vertex 4.71 7 2
      vertex 4.71 7 6
      vertex 10.71 7 2
    endloop
  endfacet
  facet normal -1 0 0
    outer loop
      vertex 4.71 4 2
      vertex 4.71 4 6
      vertex 4.71 7 6
    endloop
  endfacet
  facet normal 0 -1 0
    outer loop
      vertex 4.71 4 2
      vertex 10.71 4 6
      vertex 4.71 4 6
    endloop
  endfacet
  facet normal 0 1 0
    outer loop
      vertex 4.71 7 6
      vertex 10.71 7 6
      vertex 10.71 7 2
    endloop
  endfacet
  facet normal 0 0 1
    outer loop
      vertex 4.71 4 6
      vertex 10.71 4 6
      vertex 4.71 7 6
    endloop
  endfacet
  facet normal 0 0 1
    outer loop
      vertex 4.71 7 6
      vertex 10.71 4 6
      vertex 10.71 7 6
    endloop
  endfacet
  facet normal 1 0 0
    outer loop
      vertex 10.71 4 2
      vertex 10.71 7 2
      vertex 10.71 4 6
    endloop
  endfacet
  facet normal 1 0 0
    outer loop
      vertex 10.71 7 2
      vertex 10.71 7 6
      vertex 10.71 4 6
    endloop
  endfacet
  facet normal -1 0 0
    outer loop
      vertex 4.71 22 2
      vertex 4.71 25 6
      vertex 4.71 25 2
    endloop
  endfacet
  facet normal 0 1 0
    outer loop
      vertex 4.71 25 2
      vertex 4.71 25 6
      vertex 10.71 25 2
    endloop
  endfacet
  facet normal 0 -1 0
    outer loop
      vertex 4.71 22 2
      vertex 10.71 22 2
      vertex 10.71 22 6
    endloop
  endfacet
  facet normal -1 0 0
    outer loop
      vertex 4.71 22 2
      vertex 4.71 22 6
      vertex 4.71 25 6
    endloop
  endfacet
  facet normal 0 -1 0
    outer loop
      vertex 4.71 22 2
      vertex 10.71 22 6
      vertex 4.71 22 6
    endloop
  endfacet
  facet normal 0 1 0
    outer loop
      vertex 4.71 25 6
      vertex 10.71 25 6
      vertex 10.71 25 2
    endloop
  endfacet
  facet normal 0 0 1
    outer loop
      vertex 4.71 22 6
      vertex 10.71 22 6
      vertex 4.71 25 6
    endloop
  endfacet
  facet normal 0 0 1
    outer loop
      vertex 4.71 25 6
      vertex 10.71 22 6
      vertex 10.71 25 6
    endloop
  endfacet
  facet normal 1 0 0
    outer loop
      vertex 10.71 22 2
      vertex 10.71 25 2
      vertex 10.71 22 6
    endloop
  endfacet
  facet normal 1 0 0
    outer loop
      vertex 10.71 25 2
      vertex 10.71 25 6
      vertex 10.71 22 6
    endloop
  endfacet
  facet normal -1 0 0
    outer loop
      vertex 72.71 4 2
      vertex 72.71 7 6
      vertex 72.71 7 2
    endloop
  endfacet
  facet normal -1 0 0
    outer loop
      vertex 72.71 4 2
      vertex 72.71 4 6
      vertex 72.71 7 6
    endloop
  endfacet
  facet normal 0 -1 0
    outer loop
      vertex 72.71 4 2
      vertex 78.71 4 2
      vertex 78.71 4 6
    endloop
  endfacet
  facet normal 0 1 0
    outer loop
      vertex 72.71 7 2
      vertex 72.71 7 6
      vertex 78.71 7 2
    endloop
  endfacet
  facet normal 1 0 0
    outer loop
      vertex 78.71 4 2
      vertex 78.71 7 2
      vertex 78.71 4 6
    endloop
  endfacet
  facet normal 0 -1 0
    outer loop
      vertex 72.71 4 2
      vertex 78.71 4 6
      vertex 72.71 4 6
    endloop
  endfacet
  facet normal 1 0 0
    outer loop
      vertex 78.71 7 2
      vertex 78.71 7 6
      vertex 78.71 4 6
    endloop
  endfacet
  facet normal 0 1 0
    outer loop
      vertex 72.71 7 6
      vertex 78.71 7 6
      vertex 78.71 7 2
    endloop
  endfacet
  facet normal 0 0 1
    outer loop
      vertex 72.71 4 6
      vertex 78.71 4 6
      vertex 72.71 7 6
    endloop
  endfacet
  facet normal 0 0 1
    outer loop
      vertex 72.71 7 6
      vertex 78.71 4 6
      vertex 78.71 7 6
    endloop
  endfacet
  facet normal -1 0 0
    outer loop
      vertex 72.71 22 2
      vertex 72.71 25 6
      vertex 72.71 25 2
    endloop
  endfacet
  facet normal -1 0 0
    outer loop
      vertex 72.71 22 2
      vertex 72.71 22 6
      vertex 72.71 25 6
    endloop
  endfacet
  facet normal 0 1 0
    outer loop
      vertex 72.71 25 2
      vertex 72.71 25 6
      vertex 78.71 25 2
    endloop
  endfacet
  facet normal 0 -1 0
    outer loop
      vertex 72.71 22 2
      vertex 78.71 22 2
      vertex 78.71 22 6
    endloop
  endfacet
  facet normal 1 0 0
    outer loop
      vertex 78.71 22 2
      vertex 78.71 25 2
      vertex 78.71 22 6
    endloop
  endfacet
  facet normal 0 -1 0
    outer loop
      vertex 72.71 22 2
      vertex 78.71 22 6
      vertex 72.71 22 6
    endloop
  endfacet
  facet normal 0 1 0
    outer loop
      vertex 72.71 25 6
      vertex 78.71 25 6
      vertex 78.71 25 2
    endloop
  endfacet
  facet normal 1 0 0
    outer loop
      vertex 78.71 25 2
      vertex 78.71 25 6
      vertex 78.71 22 6
    endloop
  endfacet
  facet normal 0 0 1
    outer loop
      vertex 72.71 22 6
      vertex 78.71 22 6
      vertex 72.71 25 6
    endloop
  endfacet
  facet normal 0 0 1
    outer loop
      vertex 72.71 25 6
      vertex 78.71 22 6
      vertex 78.71 25 6
    endloop
  endfacet
  facet normal 0 1 0
    outer loop
      vertex 2 3.6 2
      vertex 2 3.6 7.1
      vertex 3 3.6 7.1
    endloop
  endfacet
  facet normal 0 0 1
    outer loop
      vertex 2 3 9.6
      vertex 3 3.5 9.6
      vertex 2 3.5 9.6
    endloop
  endfacet
  facet normal 0 1 0
    outer loop
      vertex 2 3.6 2
      vertex 3 3.6 7.1
      vertex 82.60999999940395 3.6 2
    endloop
  endfacet
  facet normal 0 1 0
    outer loop
      vertex 82.60999999940395 3.6 2
      vertex 3 3.6 7.1
      vertex 3 3.6 9.6
    endloop
  endfacet
  facet normal 0 0 1
    outer loop
      vertex 2 3 9.6
      vertex 2.6909830048680305 2.048943482339382 9.6
      vertex 81.60999999940395 2 9.6
    endloop
  endfacet
  facet normal 0 0 1
    outer loop
      vertex 2 3 9.6
      vertex 81.60999999940395 2 9.6
      vertex 3 3.5 9.6
    endloop
  endfacet
  facet normal 0 0 1
    outer loop
      vertex 2.6909830048680305 2.048943482339382 9.6
      vertex 3 2 9.6
      vertex 81.60999999940395 2 9.6
    endloop
  endfacet
  facet normal 0 0 1
    outer loop
      vertex 82.60999999940395 3.6 9.6
      vertex 3 3.6 9.6
      vertex 3 3.5 9.6
    endloop
  endfacet
  facet normal 0 1 0
    outer loop
      vertex 82.60999999940395 3.6 2
      vertex 3 3.6 9.6
      vertex 82.60999999940395 3.6 9.6
    endloop
  endfacet
  facet normal 0 0 1
    outer loop
      vertex 81.60999999940395 2 9.6
      vertex 82.56105651706457 2.6909830048680305 9.6
      vertex 3 3.5 9.6
    endloop
  endfacet
  facet normal 0 0 1
    outer loop
      vertex 82.56105651706457 2.6909830048680305 9.6
      vertex 82.60999999940395 3 9.6
      vertex 3 3.5 9.6
    endloop
  endfacet
  facet normal 0 0 1
    outer loop
      vertex 82.60999999940395 3 9.6
      vertex 82.60999999940395 3.6 9.6
      vertex 3 3.5 9.6
    endloop
  endfacet
  facet normal 1.4566126083082054e-13 -1 0
    outer loop
      vertex 2 25.4 2
      vertex 3 25.400000000000144 7.1
      vertex 2 25.4 7.1
    endloop
  endfacet
  facet normal 0 1 0
    outer loop
      vertex 2 27 2
      vertex 2 27 9.6
      vertex 32.841646487389504 27 2
    endloop
  endfacet
  facet normal 0 0 1
    outer loop
      vertex 2 27 9.6
      vertex 2 25.5 9.6
      vertex 3 25.5 9.6
    endloop
  endfacet
  facet normal 1.4678338589332353e-13 -1 -2.2002452205940915e-16
    outer loop
      vertex 2 25.4 2
      vertex 82.60999999940395 25.40000000001183 9.6
      vertex 3 25.400000000000144 7.1
    endloop
  endfacet
  facet normal 0 1 0
    outer loop
      vertex 2 27 9.6
      vertex 82.60999999940395 27 2
      vertex 32.841646487389504 27 2
    endloop
  endfacet
  facet normal 1.4677647644344094e-13 -1 0
    outer loop
      vertex 82.60999999940395 25.40000000001183 9.6
      vertex 3 25.400000000000144 9.6
      vertex 3 25.400000000000144 7.1
    endloop
  endfacet
  facet normal 0 0 1
    outer loop
      vertex 82.60999999940395 25.40000000001183 9.6
      vertex 3 25.5 9.6
      vertex 3 25.400000000000144 9.6
    endloop
  endfacet
  facet normal 0 0 1
    outer loop
      vertex 2 27 9.6
      vertex 3 25.5 9.6
      vertex 82.60999999940395 25.40000000001183 9.6
    endloop
  endfacet
  facet normal 0 -1 1.556649546106009e-12
    outer loop
      vertex 2 25.4 2
      vertex 82.60999999940395 25.4 2
      vertex 82.60999999940395 25.40000000001183 9.6
    endloop
  endfacet
  facet normal 0 1 0
    outer loop
      vertex 2 27 9.6
      vertex 82.60999999940395 27 9.6
      vertex 82.60999999940395 27 2
    endloop
  endfacet
  facet normal 0 0 1
    outer loop
      vertex 2 27 9.6
      vertex 82.60999999940395 25.40000000001183 9.6
      vertex 82.60999999940395 27 9.6
    endloop
  endfacet
  facet normal -1 0 0
    outer loop
      vertex 43.129999999999995 39.4 2
      vertex 43.129999999999995 41.4 5
      vertex 43.129999999999995 41.4 2
    endloop
  endfacet
  facet normal -1 0 0
    outer loop
      vertex 43.129999999999995 39.4 2
      vertex 43.129999999999995 39.4 5
      vertex 43.129999999999995 41.4 5
    endloop
  endfacet
  facet normal 0 1 0
    outer loop
      vertex 43.129999999999995 41.4 2
      vertex 43.129999999999995 41.4 5
      vertex 82.21 41.4 2
    endloop
  endfacet
  facet normal 0 -1 0
    outer loop
      vertex 43.129999999999995 39.4 2
      vertex 51.06156577618197 39.4 2
      vertex 82.21 39.4 5
    endloop
  endfacet
  facet normal 0 -1 0
    outer loop
      vertex 43.129999999999995 39.4 2
      vertex 82.21 39.4 5
      vertex 43.129999999999995 39.4 5
    endloop
  endfacet
  facet normal 0 0 1
    outer loop
      vertex 43.129999999999995 39.4 5
      vertex 82.21 39.4 5
      vertex 43.129999999999995 41.4 5
    endloop
  endfacet
  facet normal 0 -1 0
    outer loop
      vertex 51.06156577618197 39.4 2
      vertex 82.21 39.4 2
      vertex 82.21 39.4 5
    endloop
  endfacet
  facet normal 0 1 0
    outer loop
      vertex 43.129999999999995 41.4 5
      vertex 82.21 41.4 5
      vertex 82.21 41.4 2
    endloop
  endfacet
  facet normal 0 0 1
    outer loop
      vertex 43.129999999999995 41.4 5
      vertex 82.21 39.4 5
      vertex 82.21 41.4 5
    endloop
  endfacet
  facet normal 1 0 0
    outer loop
      vertex 82.21 39.4 2
      vertex 82.21 41.4 2
      vertex 82.21 39.4 5
    endloop
  endfacet
  facet normal 1 0 0
    outer loop
      vertex 82.21 41.4 2
      vertex 82.21 41.4 5
      vertex 82.21 39.4 5
    endloop
  endfacet
  facet normal -1 0 0
    outer loop
      vertex 43.129999999999995 62.55 2
      vertex 43.129999999999995 64.55 5
      vertex 43.129999999999995 64.55 2
    endloop
  endfacet
  facet normal -1 0 0
    outer loop
      vertex 43.129999999999995 62.55 2
      vertex 43.129999999999995 62.55 5
      vertex 43.129999999999995 64.55 5
    endloop
  endfacet
  facet normal 0 1 0
    outer loop
      vertex 43.129999999999995 64.55 2
      vertex 43.129999999999995 64.55 5
      vertex 82.17407448586947 64.55 2
    endloop
  endfacet
  facet normal 0 -1 0
    outer loop
      vertex 43.129999999999995 62.55 2
      vertex 82.21 62.55 5
      vertex 43.129999999999995 62.55 5
    endloop
  endfacet
  facet normal 0 0 1
    outer loop
      vertex 43.129999999999995 62.55 5
      vertex 82.21 62.55 5
      vertex 43.129999999999995 64.55 5
    endloop
  endfacet
  facet normal 0 -1 0
    outer loop
      vertex 43.129999999999995 62.55 2
      vertex 82.21 62.55 2
      vertex 82.21 62.55 5
    endloop
  endfacet
  facet normal 0 1 0
    outer loop
      vertex 43.129999999999995 64.55 5
      vertex 82.17407448586947 64.55 5
      vertex 82.17407448586947 64.55 2
    endloop
  endfacet
  facet normal 0 0 1
    outer loop
      vertex 43.129999999999995 64.55 5
      vertex 82.21 62.55 5
      vertex 82.17407448586947 64.55 5
    endloop
  endfacet
  facet normal 1 0 0
    outer loop
      vertex 82.21 62.55 2
      vertex 82.21 64.50055277174194 2
      vertex 82.21 62.55 5
    endloop
  endfacet
  facet normal 1 0 0
    outer loop
      vertex 82.21 64.50055277174194 2
      vertex 82.21 64.50055277174194 5
      vertex 82.21 62.55 5
    endloop
  endfacet
  facet normal 0 0 1
    outer loop
      vertex 82.21 62.55 5
      vertex 82.21 64.50055277174194 5
      vertex 82.17407448586947 64.55 5
    endloop
  endfacet
  facet normal -1 0 0
    outer loop
      vertex 41.129999999999995 37.4 2
      vertex 41.129999999999995 39 8.6
      vertex 41.129999999999995 39 2
    endloop
  endfacet
  facet normal -1 0 0
    outer loop
      vertex 41.129999999999995 37.4 2
      vertex 41.129999999999995 37.4 8.6
      vertex 41.129999999999995 39 8.6
    endloop
  endfacet
  facet normal 0 0 1
    outer loop
      vertex 41.129999999999995 37.4 8.6
      vertex 42.64033577811887 38.94390582068268 8.6
      vertex 41.129999999999995 39 8.6
    endloop
  endfacet
  facet normal 0 -1 0
    outer loop
      vertex 41.129999999999995 37.4 2
      vertex 82.60999999940395 37.4 2
      vertex 41.129999999999995 37.4 8.6
    endloop
  endfacet
  facet normal 0 1 0
    outer loop
      vertex 42.73 39 2
      vertex 42.73 39 8.6
      vertex 82.60999999940395 39 8.6
    endloop
  endfacet
  facet normal 0 0 1
    outer loop
      vertex 41.129999999999995 37.4 8.6
      vertex 82.60999999940395 37.4 8.6
      vertex 42.64033577811887 38.94390582068268 8.6
    endloop
  endfacet
  facet normal 0 0 1
    outer loop
      vertex 42.64033577811887 38.94390582068268 8.6
      vertex 82.60999999940395 37.4 8.6
      vertex 42.73 39 8.6
    endloop
  endfacet
  facet normal 0 -1 0
    outer loop
      vertex 41.129999999999995 37.4 8.6
      vertex 82.60999999940395 37.4 2
      vertex 82.60999999940395 37.4 8.6
    endloop
  endfacet
  facet normal 0 1 0
    outer loop
      vertex 42.73 39 2
      vertex 82.60999999940395 39 8.6
      vertex 82.60999999940395 39 2
    endloop
  endfacet
  facet normal 0 0 1
    outer loop
      vertex 42.73 39 8.6
      vertex 82.60999999940395 37.4 8.6
      vertex 82.60999999940395 39 8.6
    endloop
  endfacet
  facet normal -1 0 0
    outer loop
      vertex 41.129999999999995 64.95000000298023 2
      vertex 41.129999999999995 64.95 2
      vertex 41.129999999999995 64.95000000298023 8.6
    endloop
  endfacet
  facet normal -1 0 0
    outer loop
      vertex 41.129999999999995 64.95 2
      vertex 41.129999999999995 64.95 8.6
      vertex 41.129999999999995 64.95000000298023 8.6
    endloop
  endfacet
  facet normal 0 -1 0
    outer loop
      vertex 42.73 64.95 2
      vertex 81.61000001822038 64.95 2
      vertex 42.73 64.95 8.6
    endloop
  endfacet
  facet normal 0 0 1
    outer loop
      vertex 41.129999999999995 64.95 8.6
      vertex 81.60999999940395 64.95000000298023 8.6
      vertex 41.129999999999995 64.95000000298023 8.6
    endloop
  endfacet
  facet normal 0 0 1
    outer loop
      vertex 41.129999999999995 64.95 8.6
      vertex 42.73 64.95 8.6
      vertex 81.60999999940395 64.95000000298023 8.6
    endloop
  endfacet
  facet normal 0 -1 0
    outer loop
      vertex 42.73 64.95 8.6
      vertex 81.61000001822038 64.95 2
      vertex 81.61000001822038 64.95 8.6
    endloop
  endfacet
  facet normal 0 0 -1
    outer loop
      vertex 83.07568543070562 66.55 2
      vertex 84.21 66.55 2
      vertex 83.8777669519186 66.21776695549488 2
    endloop
  endfacet
  facet normal 0 0 -1
    outer loop
      vertex 84.21 65.415685425648 2
      vertex 83.8777669519186 66.21776695549488 2
      vertex 84.21 66.55 2
    endloop
  endfacet
  facet normal 1 0 0
    outer loop
      vertex 84.21 65.415685425648 2
      vertex 84.21 66.55 2
      vertex 84.21 65.415685425648 8.6
    endloop
  endfacet
  facet normal 0 1 0
    outer loop
      vertex 83.07568543070562 66.55 2
      vertex 84.21 66.55 8.6
      vertex 84.21 66.55 2
    endloop
  endfacet
  facet normal 0 1 0
    outer loop
      vertex 83.07568543070562 66.55 2
      vertex 83.07568543070562 66.55 8.6
      vertex 84.21 66.55 8.6
    endloop
  endfacet
  facet normal 1 0 0
    outer loop
      vertex 84.21 66.55 2
      vertex 84.21 66.55 8.6
      vertex 84.21 65.415685425648 8.6
    endloop
  endfacet
  facet normal 0 0 1
    outer loop
      vertex 42.73 64.95 8.6
      vertex 81.61000001822038 64.95 8.6
      vertex 81.60999999940395 64.95000000298023 8.6
    endloop
  endfacet
  facet normal 0 0 1
    outer loop
      vertex 83.07568543070562 66.55 8.6
      vertex 83.8777669519186 66.21776695549488 8.6
      vertex 84.21 66.55 8.6
    endloop
  endfacet
  facet normal 0 0 1
    outer loop
      vertex 84.21 65.415685425648 8.6
      vertex 84.21 66.55 8.6
      vertex 83.8777669519186 66.21776695549488 8.6
    endloop
  endfacet
  facet normal -0.7071067811865469 -0.7071067811865482 0
    outer loop
      vertex 4.654505552595911 30.3295305944238 2
      vertex 5.129530594423799 29.854505552595914 2
      vertex 4.654505552595911 30.3295305944238 29.74
    endloop
  endfacet
  facet normal -0.8467241992282848 -0.5320320765153354 5.146156965786922e-19
    outer loop
      vertex 4.654505552595911 30.3295305944238 2
      vertex 4.297093396292743 30.89834878264733 29.74
      vertex 4.297093396292743 30.89834878264733 2
    endloop
  endfacet
  facet normal -0.9438833303083671 -0.3302790619551682 7.289177420111072e-19
    outer loop
      vertex 4.297093396292743 30.89834878264733 2
      vertex 4.075216263454529 31.53243719813106 29.74
      vertex 4.075216263454529 31.53243719813106 2
    endloop
  endfacet
  facet normal -0.9937122098932428 -0.11196447610330704 1.4292078597098156e-19
    outer loop
      vertex 4.075216263454529 31.53243719813106 2
      vertex 4 32.2 29.74
      vertex 4 32.2 2
    endloop
  endfacet
  facet normal -0.9937122098932428 0.11196447610330644 4.72487780693945e-20
    outer loop
      vertex 4 32.2 2
      vertex 4.075216263454529 32.86756280186895 29.74
      vertex 4.075216263454529 32.86756280186895 2
    endloop
  endfacet
  facet normal -0.9438833303083671 0.3302790619551682 -7.289177420111072e-19
    outer loop
      vertex 4.075216263454529 32.86756280186895 2
      vertex 4.297093396292743 33.50165121735268 29.74
      vertex 4.297093396292743 33.50165121735268 2
    endloop
  endfacet
  facet normal -0.11196447610330719 -0.9937122098932428 4.287778503923752e-21
    outer loop
      vertex 6.332437198131058 29.27521626345453 2
      vertex 7 29.200000000000003 2
      vertex 7 29.200000000000003 29.74
    endloop
  endfacet
  facet normal 0.11196447610330719 -0.9937122098932428 -4.287778503923752e-21
    outer loop
      vertex 7 29.200000000000003 2
      vertex 7.667562801868942 29.27521626345453 2
      vertex 7.667562801868942 29.27521626345453 29.74
    endloop
  endfacet
  facet normal -0.5320320765153341 -0.8467241992282858 2.7862430118052565e-19
    outer loop
      vertex 5.129530594423799 29.854505552595914 2
      vertex 5.698348782647326 29.497093396292748 2
      vertex 5.698348782647326 29.497093396292748 29.74
    endloop
  endfacet
  facet normal -0.33027906195517015 -0.9438833303083666 0
    outer loop
      vertex 6.332437198131058 29.27521626345453 2
      vertex 6.332437198131058 29.27521626345453 29.74
      vertex 5.698348782647326 29.497093396292748 2
    endloop
  endfacet
  facet normal 0.33027906195517015 -0.9438833303083666 2.864483893591328e-19
    outer loop
      vertex 7.667562801868942 29.27521626345453 2
      vertex 8.301651217352674 29.497093396292748 2
      vertex 8.301651217352674 29.497093396292748 29.74
    endloop
  endfacet
  facet normal 0.5320320765153347 -0.8467241992282855 5.596281938241291e-19
    outer loop
      vertex 8.301651217352674 29.497093396292748 2
      vertex 8.8704694055762 29.854505552595914 2
      vertex 8.8704694055762 29.854505552595914 29.74
    endloop
  endfacet
  facet normal 0.7071067811865462 -0.7071067811865489 0
    outer loop
      vertex 8.8704694055762 29.854505552595914 2
      vertex 9.34549444740409 30.3295305944238 2
      vertex 8.8704694055762 29.854505552595914 29.74
    endloop
  endfacet
  facet normal 0.8467241992282848 -0.5320320765153354 0
    outer loop
      vertex 9.34549444740409 30.3295305944238 2
      vertex 9.702906603707257 30.89834878264733 2
      vertex 9.34549444740409 30.3295305944238 29.74
    endloop
  endfacet
  facet normal 0.9438833303083671 -0.3302790619551682 0
    outer loop
      vertex 9.702906603707257 30.89834878264733 2
      vertex 9.924783736545471 31.53243719813106 2
      vertex 9.702906603707257 30.89834878264733 29.74
    endloop
  endfacet
  facet normal 0.9937122098932428 -0.11196447610330704 0
    outer loop
      vertex 9.924783736545471 31.53243719813106 2
      vertex 10 32.2 2
      vertex 9.924783736545471 31.53243719813106 29.74
    endloop
  endfacet
  facet normal 0.9937122098932428 0.11196447610330644 0
    outer loop
      vertex 10 32.2 2
      vertex 9.924783736545471 32.86756280186895 2
      vertex 10 32.2 29.74
    endloop
  endfacet
  facet normal 0.9438833303083671 0.3302790619551682 0
    outer loop
      vertex 9.924783736545471 32.86756280186895 2
      vertex 9.702906603707257 33.50165121735268 2
      vertex 9.924783736545471 32.86756280186895 29.74
    endloop
  endfacet
  facet normal -0.7071067811865469 -0.7071067811865482 0
    outer loop
      vertex 5.129530594423799 29.854505552595914 2
      vertex 5.129530594423799 29.854505552595914 29.74
      vertex 4.654505552595911 30.3295305944238 29.74
    endloop
  endfacet
  facet normal -0.8467241992282848 -0.5320320765153354 0
    outer loop
      vertex 4.654505552595911 30.3295305944238 2
      vertex 4.654505552595911 30.3295305944238 29.74
      vertex 4.297093396292743 30.89834878264733 29.74
    endloop
  endfacet
  facet normal -0.9438833303083671 -0.3302790619551682 0
    outer loop
      vertex 4.297093396292743 30.89834878264733 2
      vertex 4.297093396292743 30.89834878264733 29.74
      vertex 4.075216263454529 31.53243719813106 29.74
    endloop
  endfacet
  facet normal -0.9937122098932428 -0.11196447610330704 0
    outer loop
      vertex 4.075216263454529 31.53243719813106 2
      vertex 4.075216263454529 31.53243719813106 29.74
      vertex 4 32.2 29.74
    endloop
  endfacet
  facet normal -0.9937122098932428 0.11196447610330644 0
    outer loop
      vertex 4 32.2 2
      vertex 4 32.2 29.74
      vertex 4.075216263454529 32.86756280186895 29.74
    endloop
  endfacet
  facet normal -0.9438833303083671 0.3302790619551682 0
    outer loop
      vertex 4.075216263454529 32.86756280186895 2
      vertex 4.075216263454529 32.86756280186895 29.74
      vertex 4.297093396292743 33.50165121735268 29.74
    endloop
  endfacet
  facet normal -0.11196447610330719 -0.9937122098932428 0
    outer loop
      vertex 6.332437198131058 29.27521626345453 2
      vertex 7 29.200000000000003 29.74
      vertex 6.332437198131058 29.27521626345453 29.74
    endloop
  endfacet
  facet normal 0.11196447610330719 -0.9937122098932428 0
    outer loop
      vertex 7 29.200000000000003 2
      vertex 7.667562801868942 29.27521626345453 29.74
      vertex 7 29.200000000000003 29.74
    endloop
  endfacet
  facet normal -0.5320320765153341 -0.8467241992282858 0
    outer loop
      vertex 5.129530594423799 29.854505552595914 2
      vertex 5.698348782647326 29.497093396292748 29.74
      vertex 5.129530594423799 29.854505552595914 29.74
    endloop
  endfacet
  facet normal -0.33027906195517015 -0.9438833303083666 0
    outer loop
      vertex 5.698348782647326 29.497093396292748 2
      vertex 6.332437198131058 29.27521626345453 29.74
      vertex 5.698348782647326 29.497093396292748 29.74
    endloop
  endfacet
  facet normal 0.33027906195517015 -0.9438833303083666 0
    outer loop
      vertex 7.667562801868942 29.27521626345453 2
      vertex 8.301651217352674 29.497093396292748 29.74
      vertex 7.667562801868942 29.27521626345453 29.74
    endloop
  endfacet
  facet normal 0.5320320765153347 -0.8467241992282855 0
    outer loop
      vertex 8.301651217352674 29.497093396292748 2
      vertex 8.8704694055762 29.854505552595914 29.74
      vertex 8.301651217352674 29.497093396292748 29.74
    endloop
  endfacet
  facet normal 0.7071067811865462 -0.7071067811865489 0
    outer loop
      vertex 9.34549444740409 30.3295305944238 2
      vertex 9.34549444740409 30.3295305944238 29.74
      vertex 8.8704694055762 29.854505552595914 29.74
    endloop
  endfacet
  facet normal 0.8467241992282848 -0.5320320765153354 0
    outer loop
      vertex 9.702906603707257 30.89834878264733 2
      vertex 9.702906603707257 30.89834878264733 29.74
      vertex 9.34549444740409 30.3295305944238 29.74
    endloop
  endfacet
  facet normal 0.9438833303083671 -0.3302790619551682 0
    outer loop
      vertex 9.924783736545471 31.53243719813106 2
      vertex 9.924783736545471 31.53243719813106 29.74
      vertex 9.702906603707257 30.89834878264733 29.74
    endloop
  endfacet
  facet normal 0.9937122098932428 -0.11196447610330704 0
    outer loop
      vertex 10 32.2 2
      vertex 10 32.2 29.74
      vertex 9.924783736545471 31.53243719813106 29.74
    endloop
  endfacet
  facet normal 0.9438833303083671 0.3302790619551682 7.289177420111072e-19
    outer loop
      vertex 9.924783736545471 32.86756280186895 29.74
      vertex 9.702906603707257 33.50165121735268 2
      vertex 9.702906603707257 33.50165121735268 29.74
    endloop
  endfacet
  facet normal 0.9937122098932428 0.11196447610330644 0
    outer loop
      vertex 9.924783736545471 32.86756280186895 2
      vertex 9.924783736545471 32.86756280186895 29.74
      vertex 10 32.2 29.74
    endloop
  endfacet
  facet normal 0 0 1
    outer loop
      vertex 4.297093396292743 30.89834878264733 29.74
      vertex 4.075216263454529 32.86756280186895 29.74
      vertex 4.075216263454529 31.53243719813106 29.74
    endloop
  endfacet
  facet normal 0 0 1
    outer loop
      vertex 4.654505552595911 30.3295305944238 29.74
      vertex 4.297093396292743 33.50165121735268 29.74
      vertex 4.297093396292743 30.89834878264733 29.74
    endloop
  endfacet
  facet normal 0 0 1
    outer loop
      vertex 4.075216263454529 31.53243719813106 29.74
      vertex 4.075216263454529 32.86756280186895 29.74
      vertex 4 32.2 29.74
    endloop
  endfacet
  facet normal 0 0 1
    outer loop
      vertex 4.297093396292743 30.89834878264733 29.74
      vertex 4.297093396292743 33.50165121735268 29.74
      vertex 4.075216263454529 32.86756280186895 29.74
    endloop
  endfacet
  facet normal 0 0 1
    outer loop
      vertex 4.654505552595911 30.3295305944238 29.74
      vertex 5.129530594423799 29.854505552595914 29.74
      vertex 4.654505552595911 34.070469405576205 29.74
    endloop
  endfacet
  facet normal 0 0 1
    outer loop
      vertex 4.654505552595911 30.3295305944238 29.74
      vertex 4.654505552595911 34.070469405576205 29.74
      vertex 4.297093396292743 33.50165121735268 29.74
    endloop
  endfacet
  facet normal 0 0 1
    outer loop
      vertex 5.129530594423799 29.854505552595914 29.74
      vertex 5.129530594423799 34.545494447404096 29.74
      vertex 4.654505552595911 34.070469405576205 29.74
    endloop
  endfacet
  facet normal 0 0 1
    outer loop
      vertex 6.332437198131058 29.27521626345453 29.74
      vertex 6.010050506338834 31.210050506338835 29.74
      vertex 5.698348782647326 29.497093396292748 29.74
    endloop
  endfacet
  facet normal 0 0 1
    outer loop
      vertex 5.698348782647326 29.497093396292748 29.74
      vertex 6.010050506338834 31.210050506338835 29.74
      vertex 5.787564434701786 31.500000000000004 29.74
    endloop
  endfacet
  facet normal 0 0 1
    outer loop
      vertex 5.129530594423799 29.854505552595914 29.74
      vertex 5.698348782647326 29.497093396292748 29.74
      vertex 5.129530594423799 34.545494447404096 29.74
    endloop
  endfacet
  facet normal 0 0 1
    outer loop
      vertex 5.698348782647326 29.497093396292748 29.74
      vertex 5.787564434701786 31.500000000000004 29.74
      vertex 5.647703843195305 31.837653336856473 29.74
    endloop
  endfacet
  facet normal 0 0 1
    outer loop
      vertex 5.698348782647326 29.497093396292748 29.74
      vertex 5.647703843195305 31.837653336856473 29.74
      vertex 5.6 32.2 29.74
    endloop
  endfacet
  facet normal 0 0 1
    outer loop
      vertex 6.332437198131058 29.27521626345453 29.74
      vertex 6.3 30.98756443470179 29.74
      vertex 6.010050506338834 31.210050506338835 29.74
    endloop
  endfacet
  facet normal 0 0 1
    outer loop
      vertex 6.332437198131058 29.27521626345453 29.74
      vertex 6.637653336856471 30.84770384319531 29.74
      vertex 6.3 30.98756443470179 29.74
    endloop
  endfacet
  facet normal 0 0 1
    outer loop
      vertex 6.332437198131058 29.27521626345453 29.74
      vertex 7 29.200000000000003 29.74
      vertex 6.637653336856471 30.84770384319531 29.74
    endloop
  endfacet
  facet normal 0 0 1
    outer loop
      vertex 7 29.200000000000003 29.74
      vertex 7.667562801868942 29.27521626345453 29.74
      vertex 7 30.800000000000004 29.74
    endloop
  endfacet
  facet normal 0 0 1
    outer loop
      vertex 7 29.200000000000003 29.74
      vertex 7 30.800000000000004 29.74
      vertex 6.637653336856471 30.84770384319531 29.74
    endloop
  endfacet
  facet normal 0 0 1
    outer loop
      vertex 7.667562801868942 29.27521626345453 29.74
      vertex 7.362346663143529 30.84770384319531 29.74
      vertex 7 30.800000000000004 29.74
    endloop
  endfacet
  facet normal 0 0 1
    outer loop
      vertex 7.667562801868942 29.27521626345453 29.74
      vertex 8.301651217352674 29.497093396292748 29.74
      vertex 7.362346663143529 30.84770384319531 29.74
    endloop
  endfacet
  facet normal 0 0 1
    outer loop
      vertex 8.301651217352674 29.497093396292748 29.74
      vertex 7.7 30.98756443470179 29.74
      vertex 7.362346663143529 30.84770384319531 29.74
    endloop
  endfacet
  facet normal 0 0 1
    outer loop
      vertex 5.698348782647326 29.497093396292748 29.74
      vertex 5.6 32.2 29.74
      vertex 5.129530594423799 34.545494447404096 29.74
    endloop
  endfacet
  facet normal 0 0 1
    outer loop
      vertex 5.129530594423799 34.545494447404096 29.74
      vertex 5.6 32.2 29.74
      vertex 5.647703843195305 32.56234666314353 29.74
    endloop
  endfacet
  facet normal 0 0 1
    outer loop
      vertex 5.129530594423799 34.545494447404096 29.74
      vertex 5.647703843195305 32.56234666314353 29.74
      vertex 5.787564434701786 32.900000000000006 29.74
    endloop
  endfacet
  facet normal 0 0 1
    outer loop
      vertex 8.301651217352674 29.497093396292748 29.74
      vertex 8.8704694055762 29.854505552595914 29.74
      vertex 8.212435565298215 31.500000000000004 29.74
    endloop
  endfacet
  facet normal 0 0 1
    outer loop
      vertex 8.301651217352674 29.497093396292748 29.74
      vertex 7.989949493661166 31.210050506338835 29.74
      vertex 7.7 30.98756443470179 29.74
    endloop
  endfacet
  facet normal 0 0 1
    outer loop
      vertex 8.301651217352674 29.497093396292748 29.74
      vertex 8.212435565298215 31.500000000000004 29.74
      vertex 7.989949493661166 31.210050506338835 29.74
    endloop
  endfacet
  facet normal 0 0 1
    outer loop
      vertex 8.8704694055762 29.854505552595914 29.74
      vertex 8.352296156804696 31.837653336856473 29.74
      vertex 8.212435565298215 31.500000000000004 29.74
    endloop
  endfacet
  facet normal 0 0 1
    outer loop
      vertex 8.8704694055762 29.854505552595914 29.74
      vertex 8.4 32.2 29.74
      vertex 8.352296156804696 31.837653336856473 29.74
    endloop
  endfacet
  facet normal 0 0 1
    outer loop
      vertex 8.8704694055762 29.854505552595914 29.74
      vertex 8.301651217352674 34.90290660370726 29.74
      vertex 8.4 32.2 29.74
    endloop
  endfacet
  facet normal 0 0 1
    outer loop
      vertex 8.8704694055762 29.854505552595914 29.74
      vertex 9.34549444740409 30.3295305944238 29.74
      vertex 8.8704694055762 34.545494447404096 29.74
    endloop
  endfacet
  facet normal 0 0 1
    outer loop
      vertex 8.301651217352674 34.90290660370726 29.74
      vertex 8.352296156804696 32.56234666314353 29.74
      vertex 8.4 32.2 29.74
    endloop
  endfacet
  facet normal 0 0 1
    outer loop
      vertex 8.301651217352674 34.90290660370726 29.74
      vertex 8.212435565298215 32.900000000000006 29.74
      vertex 8.352296156804696 32.56234666314353 29.74
    endloop
  endfacet
  facet normal 0 0 1
    outer loop
      vertex 8.8704694055762 29.854505552595914 29.74
      vertex 8.8704694055762 34.545494447404096 29.74
      vertex 8.301651217352674 34.90290660370726 29.74
    endloop
  endfacet
  facet normal 0 0 1
    outer loop
      vertex 9.34549444740409 30.3295305944238 29.74
      vertex 9.34549444740409 34.070469405576205 29.74
      vertex 8.8704694055762 34.545494447404096 29.74
    endloop
  endfacet
  facet normal 0 0 1
    outer loop
      vertex 9.34549444740409 30.3295305944238 29.74
      vertex 9.702906603707257 30.89834878264733 29.74
      vertex 9.34549444740409 34.070469405576205 29.74
    endloop
  endfacet
  facet normal 0 0 1
    outer loop
      vertex 9.702906603707257 30.89834878264733 29.74
      vertex 9.924783736545471 31.53243719813106 29.74
      vertex 9.702906603707257 33.50165121735268 29.74
    endloop
  endfacet
  facet normal 0 0 1
    outer loop
      vertex 9.924783736545471 31.53243719813106 29.74
      vertex 10 32.2 29.74
      vertex 9.924783736545471 32.86756280186895 29.74
    endloop
  endfacet
  facet normal 0 0 1
    outer loop
      vertex 9.702906603707257 30.89834878264733 29.74
      vertex 9.702906603707257 33.50165121735268 29.74
      vertex 9.34549444740409 34.070469405576205 29.74
    endloop
  endfacet
  facet normal 0 0 1
    outer loop
      vertex 9.924783736545471 31.53243719813106 29.74
      vertex 9.924783736545471 32.86756280186895 29.74
      vertex 9.702906603707257 33.50165121735268 29.74
    endloop
  endfacet
  facet normal -0.8467241992282833 0.5320320765153378 -1.4041209219484755e-19
    outer loop
      vertex 4.297093396292743 33.50165121735268 2
      vertex 4.654505552595911 34.070469405576205 29.74
      vertex 4.654505552595911 34.070469405576205 2
    endloop
  endfacet
  facet normal -0.7071067811865496 0.7071067811865456 1.7737989377854113e-19
    outer loop
      vertex 4.654505552595911 34.070469405576205 2
      vertex 5.129530594423799 34.545494447404096 29.74
      vertex 5.129530594423799 34.545494447404096 2
    endloop
  endfacet
  facet normal -0.5320320765153302 0.846724199228288 0
    outer loop
      vertex 5.129530594423799 34.545494447404096 2
      vertex 5.129530594423799 34.545494447404096 29.74
      vertex 5.698348782647326 34.90290660370726 2
    endloop
  endfacet
  facet normal -0.33027906195517054 0.9438833303083662 0
    outer loop
      vertex 5.698348782647326 34.90290660370726 2
      vertex 5.698348782647326 34.90290660370726 29.74
      vertex 6.332437198131057 35.124783736545474 2
    endloop
  endfacet
  facet normal -0.11196447610330704 0.9937122098932428 0
    outer loop
      vertex 6.332437198131057 35.124783736545474 2
      vertex 6.332437198131057 35.124783736545474 29.74
      vertex 7 35.2 2
    endloop
  endfacet
  facet normal 0.11196447610330704 0.9937122098932428 0
    outer loop
      vertex 7 35.2 2
      vertex 7 35.2 29.74
      vertex 7.667562801868943 35.124783736545474 2
    endloop
  endfacet
  facet normal 0.33027906195517054 0.9438833303083662 0
    outer loop
      vertex 7.667562801868943 35.124783736545474 2
      vertex 7.667562801868943 35.124783736545474 29.74
      vertex 8.301651217352674 34.90290660370726 2
    endloop
  endfacet
  facet normal 0.7071067811865489 0.7071067811865462 -4.764540474472492e-19
    outer loop
      vertex 8.8704694055762 34.545494447404096 2
      vertex 9.34549444740409 34.070469405576205 29.74
      vertex 9.34549444740409 34.070469405576205 2
    endloop
  endfacet
  facet normal 0.5320320765153309 0.8467241992282877 0
    outer loop
      vertex 8.301651217352674 34.90290660370726 2
      vertex 8.301651217352674 34.90290660370726 29.74
      vertex 8.8704694055762 34.545494447404096 2
    endloop
  endfacet
  facet normal 0.8467241992282833 0.5320320765153378 0
    outer loop
      vertex 9.702906603707257 33.50165121735268 2
      vertex 9.34549444740409 34.070469405576205 2
      vertex 9.702906603707257 33.50165121735268 29.74
    endloop
  endfacet
  facet normal -0.8467241992282833 0.5320320765153378 0
    outer loop
      vertex 4.297093396292743 33.50165121735268 2
      vertex 4.297093396292743 33.50165121735268 29.74
      vertex 4.654505552595911 34.070469405576205 29.74
    endloop
  endfacet
  facet normal -0.7071067811865496 0.7071067811865456 0
    outer loop
      vertex 4.654505552595911 34.070469405576205 2
      vertex 4.654505552595911 34.070469405576205 29.74
      vertex 5.129530594423799 34.545494447404096 29.74
    endloop
  endfacet
  facet normal -0.5320320765153302 0.846724199228288 0
    outer loop
      vertex 5.698348782647326 34.90290660370726 2
      vertex 5.129530594423799 34.545494447404096 29.74
      vertex 5.698348782647326 34.90290660370726 29.74
    endloop
  endfacet
  facet normal -0.33027906195517054 0.9438833303083662 0
    outer loop
      vertex 6.332437198131057 35.124783736545474 2
      vertex 5.698348782647326 34.90290660370726 29.74
      vertex 6.332437198131057 35.124783736545474 29.74
    endloop
  endfacet
  facet normal -0.11196447610330704 0.9937122098932428 0
    outer loop
      vertex 7 35.2 2
      vertex 6.332437198131057 35.124783736545474 29.74
      vertex 7 35.2 29.74
    endloop
  endfacet
  facet normal 0.11196447610330704 0.9937122098932428 0
    outer loop
      vertex 7.667562801868943 35.124783736545474 2
      vertex 7 35.2 29.74
      vertex 7.667562801868943 35.124783736545474 29.74
    endloop
  endfacet
  facet normal 0.7071067811865489 0.7071067811865462 0
    outer loop
      vertex 8.8704694055762 34.545494447404096 2
      vertex 8.8704694055762 34.545494447404096 29.74
      vertex 9.34549444740409 34.070469405576205 29.74
    endloop
  endfacet
  facet normal 0.33027906195517054 0.9438833303083662 0
    outer loop
      vertex 8.301651217352674 34.90290660370726 2
      vertex 7.667562801868943 35.124783736545474 29.74
      vertex 8.301651217352674 34.90290660370726 29.74
    endloop
  endfacet
  facet normal 0.5320320765153309 0.8467241992282877 0
    outer loop
      vertex 8.8704694055762 34.545494447404096 2
      vertex 8.301651217352674 34.90290660370726 29.74
      vertex 8.8704694055762 34.545494447404096 29.74
    endloop
  endfacet
  facet normal 0.8467241992282833 0.5320320765153378 0
    outer loop
      vertex 9.34549444740409 34.070469405576205 2
      vertex 9.34549444740409 34.070469405576205 29.74
      vertex 9.702906603707257 33.50165121735268 29.74
    endloop
  endfacet
  facet normal 0 0 1
    outer loop
      vertex 5.698348782647326 34.90290660370726 29.74
      vertex 5.787564434701786 32.900000000000006 29.74
      vertex 6.010050506338834 33.18994949366117 29.74
    endloop
  endfacet
  facet normal 0 0 1
    outer loop
      vertex 5.129530594423799 34.545494447404096 29.74
      vertex 5.787564434701786 32.900000000000006 29.74
      vertex 5.698348782647326 34.90290660370726 29.74
    endloop
  endfacet
  facet normal 0 0 1
    outer loop
      vertex 5.698348782647326 34.90290660370726 29.74
      vertex 6.010050506338834 33.18994949366117 29.74
      vertex 6.3 33.41243556529822 29.74
    endloop
  endfacet
  facet normal 0 0 1
    outer loop
      vertex 5.698348782647326 34.90290660370726 29.74
      vertex 6.3 33.41243556529822 29.74
      vertex 6.637653336856471 33.5522961568047 29.74
    endloop
  endfacet
  facet normal 0 0 1
    outer loop
      vertex 5.698348782647326 34.90290660370726 29.74
      vertex 6.637653336856471 33.5522961568047 29.74
      vertex 6.332437198131057 35.124783736545474 29.74
    endloop
  endfacet
  facet normal 0 0 1
    outer loop
      vertex 6.332437198131057 35.124783736545474 29.74
      vertex 6.637653336856471 33.5522961568047 29.74
      vertex 7 33.6 29.74
    endloop
  endfacet
  facet normal 0 0 1
    outer loop
      vertex 7 35.2 29.74
      vertex 7 33.6 29.74
      vertex 7.362346663143529 33.5522961568047 29.74
    endloop
  endfacet
  facet normal 0 0 1
    outer loop
      vertex 7.667562801868943 35.124783736545474 29.74
      vertex 7.7 33.41243556529822 29.74
      vertex 7.989949493661166 33.18994949366117 29.74
    endloop
  endfacet
  facet normal 0 0 1
    outer loop
      vertex 7.667562801868943 35.124783736545474 29.74
      vertex 7.362346663143529 33.5522961568047 29.74
      vertex 7.7 33.41243556529822 29.74
    endloop
  endfacet
  facet normal 0 0 1
    outer loop
      vertex 6.332437198131057 35.124783736545474 29.74
      vertex 7 33.6 29.74
      vertex 7 35.2 29.74
    endloop
  endfacet
  facet normal 0 0 1
    outer loop
      vertex 7 35.2 29.74
      vertex 7.362346663143529 33.5522961568047 29.74
      vertex 7.667562801868943 35.124783736545474 29.74
    endloop
  endfacet
  facet normal 0 0 1
    outer loop
      vertex 8.301651217352674 34.90290660370726 29.74
      vertex 7.989949493661166 33.18994949366117 29.74
      vertex 8.212435565298215 32.900000000000006 29.74
    endloop
  endfacet
  facet normal 0 0 1
    outer loop
      vertex 7.667562801868943 35.124783736545474 29.74
      vertex 7.989949493661166 33.18994949366117 29.74
      vertex 8.301651217352674 34.90290660370726 29.74
    endloop
  endfacet
  facet normal -0.8467241992282837 -0.5320320765153373 0
    outer loop
      vertex 26.167093396292742 30.89834878264733 2
      vertex 26.52450555259591 30.3295305944238 2
      vertex 26.167093396292742 30.89834878264733 29.74
    endloop
  endfacet
  facet normal -0.9438833303083679 -0.3302790619551658 1.058387137891927e-19
    outer loop
      vertex 26.167093396292742 30.89834878264733 2
      vertex 25.94521626345453 31.53243719813106 29.74
      vertex 25.94521626345453 31.53243719813106 2
    endloop
  endfacet
  facet normal -0.9937122098932428 -0.11196447610330704 1.4292078597098156e-19
    outer loop
      vertex 25.94521626345453 31.53243719813106 2
      vertex 25.87 32.2 29.74
      vertex 25.87 32.2 2
    endloop
  endfacet
  facet normal -0.9937122098932428 0.11196447610330644 4.72487780693945e-20
    outer loop
      vertex 25.87 32.2 2
      vertex 25.94521626345453 32.86756280186895 29.74
      vertex 25.94521626345453 32.86756280186895 2
    endloop
  endfacet
  facet normal -0.9438833303083679 0.3302790619551658 -1.058387137891927e-19
    outer loop
      vertex 25.94521626345453 32.86756280186895 2
      vertex 26.167093396292742 33.50165121735268 29.74
      vertex 26.167093396292742 33.50165121735268 2
    endloop
  endfacet
  facet normal -0.11196447610330704 -0.9937122098932428 1.4292078597098156e-19
    outer loop
      vertex 28.202437198131058 29.27521626345453 2
      vertex 28.87 29.200000000000003 2
      vertex 28.87 29.200000000000003 29.74
    endloop
  endfacet
  facet normal 0.11196447610330704 -0.9937122098932428 -1.4292078597098156e-19
    outer loop
      vertex 28.87 29.200000000000003 2
      vertex 29.537562801868944 29.27521626345453 2
      vertex 29.537562801868944 29.27521626345453 29.74
    endloop
  endfacet
  facet normal -0.7071067811865475 -0.7071067811865475 0
    outer loop
      vertex 26.52450555259591 30.3295305944238 2
      vertex 26.9995305944238 29.854505552595914 2
      vertex 26.52450555259591 30.3295305944238 29.74
    endloop
  endfacet
  facet normal -0.5320320765153335 -0.8467241992282861 -3.725263916320355e-19
    outer loop
      vertex 26.9995305944238 29.854505552595914 2
      vertex 27.568348782647327 29.497093396292748 2
      vertex 27.568348782647327 29.497093396292748 29.74
    endloop
  endfacet
  facet normal -0.33027906195517054 -0.9438833303083662 0
    outer loop
      vertex 28.202437198131058 29.27521626345453 2
      vertex 28.202437198131058 29.27521626345453 29.74
      vertex 27.568348782647327 29.497093396292748 2
    endloop
  endfacet
  facet normal 0.33027906195517054 -0.9438833303083662 1.3740641758419163e-19
    outer loop
      vertex 29.537562801868944 29.27521626345453 2
      vertex 30.171651217352675 29.497093396292748 2
      vertex 30.171651217352675 29.497093396292748 29.74
    endloop
  endfacet
  facet normal 0.5320320765153358 -0.8467241992282845 -7.426731918009971e-19
    outer loop
      vertex 30.171651217352675 29.497093396292748 2
      vertex 30.7404694055762 29.854505552595914 2
      vertex 30.7404694055762 29.854505552595914 29.74
    endloop
  endfacet
  facet normal 0.7071067811865449 -0.7071067811865502 0
    outer loop
      vertex 30.7404694055762 29.854505552595914 2
      vertex 31.21549444740409 30.3295305944238 2
      vertex 30.7404694055762 29.854505552595914 29.74
    endloop
  endfacet
  facet normal 0.8467241992282837 -0.5320320765153373 0
    outer loop
      vertex 31.21549444740409 30.3295305944238 2
      vertex 31.57290660370726 30.89834878264733 2
      vertex 31.21549444740409 30.3295305944238 29.74
    endloop
  endfacet
  facet normal 0.9438833303083679 -0.3302790619551658 0
    outer loop
      vertex 31.57290660370726 30.89834878264733 2
      vertex 31.794783736545472 31.53243719813106 2
      vertex 31.57290660370726 30.89834878264733 29.74
    endloop
  endfacet
  facet normal 0.9438833303083679 0.3302790619551658 0
    outer loop
      vertex 31.794783736545472 32.86756280186895 2
      vertex 31.57290660370726 33.50165121735268 2
      vertex 31.794783736545472 32.86756280186895 29.74
    endloop
  endfacet
  facet normal 0.9937122098932428 -0.11196447610330704 0
    outer loop
      vertex 31.794783736545472 31.53243719813106 2
      vertex 31.87 32.2 2
      vertex 31.794783736545472 31.53243719813106 29.74
    endloop
  endfacet
  facet normal 0.9937122098932428 0.11196447610330644 0
    outer loop
      vertex 31.87 32.2 2
      vertex 31.794783736545472 32.86756280186895 2
      vertex 31.87 32.2 29.74
    endloop
  endfacet
  facet normal -0.8467241992282837 -0.5320320765153373 0
    outer loop
      vertex 26.52450555259591 30.3295305944238 2
      vertex 26.52450555259591 30.3295305944238 29.74
      vertex 26.167093396292742 30.89834878264733 29.74
    endloop
  endfacet
  facet normal -0.9438833303083679 -0.3302790619551658 0
    outer loop
      vertex 26.167093396292742 30.89834878264733 2
      vertex 26.167093396292742 30.89834878264733 29.74
      vertex 25.94521626345453 31.53243719813106 29.74
    endloop
  endfacet
  facet normal -0.9937122098932428 -0.11196447610330704 0
    outer loop
      vertex 25.94521626345453 31.53243719813106 2
      vertex 25.94521626345453 31.53243719813106 29.74
      vertex 25.87 32.2 29.74
    endloop
  endfacet
  facet normal -0.9937122098932428 0.11196447610330644 0
    outer loop
      vertex 25.87 32.2 2
      vertex 25.87 32.2 29.74
      vertex 25.94521626345453 32.86756280186895 29.74
    endloop
  endfacet
  facet normal -0.9438833303083679 0.3302790619551658 0
    outer loop
      vertex 25.94521626345453 32.86756280186895 2
      vertex 25.94521626345453 32.86756280186895 29.74
      vertex 26.167093396292742 33.50165121735268 29.74
    endloop
  endfacet
  facet normal -0.11196447610330704 -0.9937122098932428 0
    outer loop
      vertex 28.202437198131058 29.27521626345453 2
      vertex 28.87 29.200000000000003 29.74
      vertex 28.202437198131058 29.27521626345453 29.74
    endloop
  endfacet
  facet normal 0.11196447610330704 -0.9937122098932428 0
    outer loop
      vertex 28.87 29.200000000000003 2
      vertex 29.537562801868944 29.27521626345453 29.74
      vertex 28.87 29.200000000000003 29.74
    endloop
  endfacet
  facet normal -0.7071067811865475 -0.7071067811865475 0
    outer loop
      vertex 26.9995305944238 29.854505552595914 2
      vertex 26.9995305944238 29.854505552595914 29.74
      vertex 26.52450555259591 30.3295305944238 29.74
    endloop
  endfacet
  facet normal -0.5320320765153335 -0.8467241992282861 0
    outer loop
      vertex 26.9995305944238 29.854505552595914 2
      vertex 27.568348782647327 29.497093396292748 29.74
      vertex 26.9995305944238 29.854505552595914 29.74
    endloop
  endfacet
  facet normal -0.33027906195517054 -0.9438833303083662 0
    outer loop
      vertex 27.568348782647327 29.497093396292748 2
      vertex 28.202437198131058 29.27521626345453 29.74
      vertex 27.568348782647327 29.497093396292748 29.74
    endloop
  endfacet
  facet normal 0.33027906195517054 -0.9438833303083662 0
    outer loop
      vertex 29.537562801868944 29.27521626345453 2
      vertex 30.171651217352675 29.497093396292748 29.74
      vertex 29.537562801868944 29.27521626345453 29.74
    endloop
  endfacet
  facet normal 0.5320320765153358 -0.8467241992282845 0
    outer loop
      vertex 30.171651217352675 29.497093396292748 2
      vertex 30.7404694055762 29.854505552595914 29.74
      vertex 30.171651217352675 29.497093396292748 29.74
    endloop
  endfacet
  facet normal 0.7071067811865449 -0.7071067811865502 0
    outer loop
      vertex 31.21549444740409 30.3295305944238 2
      vertex 31.21549444740409 30.3295305944238 29.74
      vertex 30.7404694055762 29.854505552595914 29.74
    endloop
  endfacet
  facet normal 0.8467241992282837 -0.5320320765153373 0
    outer loop
      vertex 31.57290660370726 30.89834878264733 2
      vertex 31.57290660370726 30.89834878264733 29.74
      vertex 31.21549444740409 30.3295305944238 29.74
    endloop
  endfacet
  facet normal 0.9438833303083679 -0.3302790619551658 0
    outer loop
      vertex 31.794783736545472 31.53243719813106 2
      vertex 31.794783736545472 31.53243719813106 29.74
      vertex 31.57290660370726 30.89834878264733 29.74
    endloop
  endfacet
  facet normal 0.9438833303083679 0.3302790619551658 1.058387137891927e-19
    outer loop
      vertex 31.794783736545472 32.86756280186895 29.74
      vertex 31.57290660370726 33.50165121735268 2
      vertex 31.57290660370726 33.50165121735268 29.74
    endloop
  endfacet
  facet normal 0.9937122098932428 -0.11196447610330704 0
    outer loop
      vertex 31.87 32.2 2
      vertex 31.87 32.2 29.74
      vertex 31.794783736545472 31.53243719813106 29.74
    endloop
  endfacet
  facet normal 0.9937122098932428 0.11196447610330644 0
    outer loop
      vertex 31.794783736545472 32.86756280186895 2
      vertex 31.794783736545472 32.86756280186895 29.74
      vertex 31.87 32.2 29.74
    endloop
  endfacet
  facet normal 0 0 1
    outer loop
      vertex 26.167093396292742 30.89834878264733 29.74
      vertex 25.94521626345453 32.86756280186895 29.74
      vertex 25.94521626345453 31.53243719813106 29.74
    endloop
  endfacet
  facet normal 0 0 1
    outer loop
      vertex 26.167093396292742 30.89834878264733 29.74
      vertex 26.52450555259591 30.3295305944238 29.74
      vertex 26.167093396292742 33.50165121735268 29.74
    endloop
  endfacet
  facet normal 0 0 1
    outer loop
      vertex 25.94521626345453 31.53243719813106 29.74
      vertex 25.94521626345453 32.86756280186895 29.74
      vertex 25.87 32.2 29.74
    endloop
  endfacet
  facet normal 0 0 1
    outer loop
      vertex 26.167093396292742 30.89834878264733 29.74
      vertex 26.167093396292742 33.50165121735268 29.74
      vertex 25.94521626345453 32.86756280186895 29.74
    endloop
  endfacet
  facet normal 0 0 1
    outer loop
      vertex 26.52450555259591 30.3295305944238 29.74
      vertex 26.52450555259591 34.070469405576205 29.74
      vertex 26.167093396292742 33.50165121735268 29.74
    endloop
  endfacet
  facet normal 0 0 1
    outer loop
      vertex 27.568348782647327 29.497093396292748 29.74
      vertex 27.880050506338833 31.210050506338835 29.74
      vertex 27.657564434701786 31.500000000000004 29.74
    endloop
  endfacet
  facet normal 0 0 1
    outer loop
      vertex 26.9995305944238 29.854505552595914 29.74
      vertex 27.568348782647327 29.497093396292748 29.74
      vertex 26.9995305944238 34.545494447404096 29.74
    endloop
  endfacet
  facet normal 0 0 1
    outer loop
      vertex 27.568348782647327 29.497093396292748 29.74
      vertex 27.657564434701786 31.500000000000004 29.74
      vertex 27.517703843195306 31.837653336856473 29.74
    endloop
  endfacet
  facet normal 0 0 1
    outer loop
      vertex 27.568348782647327 29.497093396292748 29.74
      vertex 27.517703843195306 31.837653336856473 29.74
      vertex 27.470000000000002 32.2 29.74
    endloop
  endfacet
  facet normal 0 0 1
    outer loop
      vertex 28.202437198131058 29.27521626345453 29.74
      vertex 27.880050506338833 31.210050506338835 29.74
      vertex 27.568348782647327 29.497093396292748 29.74
    endloop
  endfacet
  facet normal 0 0 1
    outer loop
      vertex 28.202437198131058 29.27521626345453 29.74
      vertex 28.87 29.200000000000003 29.74
      vertex 28.50765333685647 30.84770384319531 29.74
    endloop
  endfacet
  facet normal 0 0 1
    outer loop
      vertex 28.87 29.200000000000003 29.74
      vertex 28.87 30.800000000000004 29.74
      vertex 28.50765333685647 30.84770384319531 29.74
    endloop
  endfacet
  facet normal 0 0 1
    outer loop
      vertex 28.202437198131058 29.27521626345453 29.74
      vertex 28.17 30.98756443470179 29.74
      vertex 27.880050506338833 31.210050506338835 29.74
    endloop
  endfacet
  facet normal 0 0 1
    outer loop
      vertex 28.202437198131058 29.27521626345453 29.74
      vertex 28.50765333685647 30.84770384319531 29.74
      vertex 28.17 30.98756443470179 29.74
    endloop
  endfacet
  facet normal 0 0 1
    outer loop
      vertex 26.52450555259591 30.3295305944238 29.74
      vertex 26.9995305944238 29.854505552595914 29.74
      vertex 26.52450555259591 34.070469405576205 29.74
    endloop
  endfacet
  facet normal 0 0 1
    outer loop
      vertex 27.568348782647327 29.497093396292748 29.74
      vertex 27.470000000000002 32.2 29.74
      vertex 26.9995305944238 34.545494447404096 29.74
    endloop
  endfacet
  facet normal 0 0 1
    outer loop
      vertex 26.9995305944238 29.854505552595914 29.74
      vertex 26.9995305944238 34.545494447404096 29.74
      vertex 26.52450555259591 34.070469405576205 29.74
    endloop
  endfacet
  facet normal 0 0 1
    outer loop
      vertex 26.9995305944238 34.545494447404096 29.74
      vertex 27.470000000000002 32.2 29.74
      vertex 27.517703843195306 32.56234666314353 29.74
    endloop
  endfacet
  facet normal 0 0 1
    outer loop
      vertex 26.9995305944238 34.545494447404096 29.74
      vertex 27.517703843195306 32.56234666314353 29.74
      vertex 27.657564434701786 32.900000000000006 29.74
    endloop
  endfacet
  facet normal 0 0 1
    outer loop
      vertex 28.87 29.200000000000003 29.74
      vertex 29.537562801868944 29.27521626345453 29.74
      vertex 28.87 30.800000000000004 29.74
    endloop
  endfacet
  facet normal 0 0 1
    outer loop
      vertex 29.537562801868944 29.27521626345453 29.74
      vertex 29.23234666314353 30.84770384319531 29.74
      vertex 28.87 30.800000000000004 29.74
    endloop
  endfacet
  facet normal 0 0 1
    outer loop
      vertex 29.537562801868944 29.27521626345453 29.74
      vertex 30.171651217352675 29.497093396292748 29.74
      vertex 29.23234666314353 30.84770384319531 29.74
    endloop
  endfacet
  facet normal 0 0 1
    outer loop
      vertex 30.171651217352675 29.497093396292748 29.74
      vertex 30.7404694055762 29.854505552595914 29.74
      vertex 30.082435565298216 31.500000000000004 29.74
    endloop
  endfacet
  facet normal 0 0 1
    outer loop
      vertex 30.171651217352675 29.497093396292748 29.74
      vertex 29.57 30.98756443470179 29.74
      vertex 29.23234666314353 30.84770384319531 29.74
    endloop
  endfacet
  facet normal 0 0 1
    outer loop
      vertex 30.171651217352675 29.497093396292748 29.74
      vertex 29.85994949366117 31.210050506338835 29.74
      vertex 29.57 30.98756443470179 29.74
    endloop
  endfacet
  facet normal 0 0 1
    outer loop
      vertex 30.171651217352675 29.497093396292748 29.74
      vertex 30.082435565298216 31.500000000000004 29.74
      vertex 29.85994949366117 31.210050506338835 29.74
    endloop
  endfacet
  facet normal 0 0 1
    outer loop
      vertex 30.7404694055762 29.854505552595914 29.74
      vertex 30.222296156804695 31.837653336856473 29.74
      vertex 30.082435565298216 31.500000000000004 29.74
    endloop
  endfacet
  facet normal 0 0 1
    outer loop
      vertex 30.7404694055762 29.854505552595914 29.74
      vertex 30.27 32.2 29.74
      vertex 30.222296156804695 31.837653336856473 29.74
    endloop
  endfacet
  facet normal 0 0 1
    outer loop
      vertex 30.7404694055762 29.854505552595914 29.74
      vertex 30.171651217352675 34.90290660370726 29.74
      vertex 30.27 32.2 29.74
    endloop
  endfacet
  facet normal 0 0 1
    outer loop
      vertex 30.171651217352675 34.90290660370726 29.74
      vertex 30.222296156804695 32.56234666314353 29.74
      vertex 30.27 32.2 29.74
    endloop
  endfacet
  facet normal 0 0 1
    outer loop
      vertex 30.171651217352675 34.90290660370726 29.74
      vertex 30.082435565298216 32.900000000000006 29.74
      vertex 30.222296156804695 32.56234666314353 29.74
    endloop
  endfacet
  facet normal 0 0 1
    outer loop
      vertex 30.7404694055762 29.854505552595914 29.74
      vertex 31.21549444740409 30.3295305944238 29.74
      vertex 30.740469405576203 34.545494447404096 29.74
    endloop
  endfacet
  facet normal 0 0 1
    outer loop
      vertex 31.21549444740409 30.3295305944238 29.74
      vertex 31.57290660370726 30.89834878264733 29.74
      vertex 31.21549444740409 34.070469405576205 29.74
    endloop
  endfacet
  facet normal 0 0 1
    outer loop
      vertex 31.57290660370726 30.89834878264733 29.74
      vertex 31.794783736545472 31.53243719813106 29.74
      vertex 31.57290660370726 33.50165121735268 29.74
    endloop
  endfacet
  facet normal 0 0 1
    outer loop
      vertex 30.7404694055762 29.854505552595914 29.74
      vertex 30.740469405576203 34.545494447404096 29.74
      vertex 30.171651217352675 34.90290660370726 29.74
    endloop
  endfacet
  facet normal 0 0 1
    outer loop
      vertex 31.21549444740409 30.3295305944238 29.74
      vertex 31.21549444740409 34.070469405576205 29.74
      vertex 30.740469405576203 34.545494447404096 29.74
    endloop
  endfacet
  facet normal 0 0 1
    outer loop
      vertex 31.794783736545472 31.53243719813106 29.74
      vertex 31.794783736545472 32.86756280186895 29.74
      vertex 31.57290660370726 33.50165121735268 29.74
    endloop
  endfacet
  facet normal 0 0 1
    outer loop
      vertex 31.57290660370726 30.89834878264733 29.74
      vertex 31.57290660370726 33.50165121735268 29.74
      vertex 31.21549444740409 34.070469405576205 29.74
    endloop
  endfacet
  facet normal 0 0 1
    outer loop
      vertex 31.794783736545472 31.53243719813106 29.74
      vertex 31.87 32.2 29.74
      vertex 31.794783736545472 32.86756280186895 29.74
    endloop
  endfacet
  facet normal -0.8467241992282821 0.5320320765153397 4.618490074113003e-19
    outer loop
      vertex 26.167093396292742 33.50165121735268 2
      vertex 26.52450555259591 34.070469405576205 29.74
      vertex 26.52450555259591 34.070469405576205 2
    endloop
  endfacet
  facet normal -0.7071067811865502 0.7071067811865449 -1.2169425989016743e-19
    outer loop
      vertex 26.52450555259591 34.070469405576205 2
      vertex 26.9995305944238 34.545494447404096 29.74
      vertex 26.9995305944238 34.545494447404096 2
    endloop
  endfacet
  facet normal -0.5320320765153297 0.8467241992282883 0
    outer loop
      vertex 26.9995305944238 34.545494447404096 2
      vertex 26.9995305944238 34.545494447404096 29.74
      vertex 27.568348782647327 34.90290660370726 2
    endloop
  endfacet
  facet normal -0.33027906195517054 0.9438833303083662 0
    outer loop
      vertex 27.568348782647327 34.90290660370726 2
      vertex 27.568348782647327 34.90290660370726 29.74
      vertex 28.202437198131058 35.124783736545474 2
    endloop
  endfacet
  facet normal -0.11196447610330704 0.9937122098932428 0
    outer loop
      vertex 28.202437198131058 35.124783736545474 2
      vertex 28.202437198131058 35.124783736545474 29.74
      vertex 28.87 35.2 2
    endloop
  endfacet
  facet normal 0.11196447610330704 0.9937122098932428 0
    outer loop
      vertex 28.87 35.2 2
      vertex 28.87 35.2 29.74
      vertex 29.537562801868944 35.124783736545474 2
    endloop
  endfacet
  facet normal 0.5320320765153297 0.8467241992282883 0
    outer loop
      vertex 30.171651217352675 34.90290660370726 2
      vertex 30.171651217352675 34.90290660370726 29.74
      vertex 30.740469405576203 34.545494447404096 2
    endloop
  endfacet
  facet normal 0.33027906195517054 0.9438833303083662 0
    outer loop
      vertex 29.537562801868944 35.124783736545474 2
      vertex 29.537562801868944 35.124783736545474 29.74
      vertex 30.171651217352675 34.90290660370726 2
    endloop
  endfacet
  facet normal 0.7071067811865502 0.7071067811865449 0
    outer loop
      vertex 31.21549444740409 34.070469405576205 2
      vertex 30.740469405576203 34.545494447404096 2
      vertex 31.21549444740409 34.070469405576205 29.74
    endloop
  endfacet
  facet normal 0.8467241992282821 0.5320320765153397 0
    outer loop
      vertex 31.57290660370726 33.50165121735268 2
      vertex 31.21549444740409 34.070469405576205 2
      vertex 31.57290660370726 33.50165121735268 29.74
    endloop
  endfacet
  facet normal -0.8467241992282821 0.5320320765153397 0
    outer loop
      vertex 26.167093396292742 33.50165121735268 2
      vertex 26.167093396292742 33.50165121735268 29.74
      vertex 26.52450555259591 34.070469405576205 29.74
    endloop
  endfacet
  facet normal -0.7071067811865502 0.7071067811865449 0
    outer loop
      vertex 26.52450555259591 34.070469405576205 2
      vertex 26.52450555259591 34.070469405576205 29.74
      vertex 26.9995305944238 34.545494447404096 29.74
    endloop
  endfacet
  facet normal -0.5320320765153297 0.8467241992282883 0
    outer loop
      vertex 27.568348782647327 34.90290660370726 2
      vertex 26.9995305944238 34.545494447404096 29.74
      vertex 27.568348782647327 34.90290660370726 29.74
    endloop
  endfacet
  facet normal -0.33027906195517054 0.9438833303083662 0
    outer loop
      vertex 28.202437198131058 35.124783736545474 2
      vertex 27.568348782647327 34.90290660370726 29.74
      vertex 28.202437198131058 35.124783736545474 29.74
    endloop
  endfacet
  facet normal -0.11196447610330704 0.9937122098932428 0
    outer loop
      vertex 28.87 35.2 2
      vertex 28.202437198131058 35.124783736545474 29.74
      vertex 28.87 35.2 29.74
    endloop
  endfacet
  facet normal 0.11196447610330704 0.9937122098932428 0
    outer loop
      vertex 29.537562801868944 35.124783736545474 2
      vertex 28.87 35.2 29.74
      vertex 29.537562801868944 35.124783736545474 29.74
    endloop
  endfacet
  facet normal 0.33027906195517054 0.9438833303083662 0
    outer loop
      vertex 30.171651217352675 34.90290660370726 2
      vertex 29.537562801868944 35.124783736545474 29.74
      vertex 30.171651217352675 34.90290660370726 29.74
    endloop
  endfacet
  facet normal 0.7071067811865502 0.7071067811865449 0
    outer loop
      vertex 30.740469405576203 34.545494447404096 2
      vertex 30.740469405576203 34.545494447404096 29.74
      vertex 31.21549444740409 34.070469405576205 29.74
    endloop
  endfacet
  facet normal 0.8467241992282821 0.5320320765153397 0
    outer loop
      vertex 31.21549444740409 34.070469405576205 2
      vertex 31.21549444740409 34.070469405576205 29.74
      vertex 31.57290660370726 33.50165121735268 29.74
    endloop
  endfacet
  facet normal 0.5320320765153297 0.8467241992282883 0
    outer loop
      vertex 30.740469405576203 34.545494447404096 2
      vertex 30.171651217352675 34.90290660370726 29.74
      vertex 30.740469405576203 34.545494447404096 29.74
    endloop
  endfacet
  facet normal 0 0 1
    outer loop
      vertex 27.568348782647327 34.90290660370726 29.74
      vertex 27.657564434701786 32.900000000000006 29.74
      vertex 27.880050506338833 33.18994949366117 29.74
    endloop
  endfacet
  facet normal 0 0 1
    outer loop
      vertex 26.9995305944238 34.545494447404096 29.74
      vertex 27.657564434701786 32.900000000000006 29.74
      vertex 27.568348782647327 34.90290660370726 29.74
    endloop
  endfacet
  facet normal 0 0 1
    outer loop
      vertex 27.568348782647327 34.90290660370726 29.74
      vertex 27.880050506338833 33.18994949366117 29.74
      vertex 28.17 33.41243556529822 29.74
    endloop
  endfacet
  facet normal 0 0 1
    outer loop
      vertex 27.568348782647327 34.90290660370726 29.74
      vertex 28.17 33.41243556529822 29.74
      vertex 28.50765333685647 33.5522961568047 29.74
    endloop
  endfacet
  facet normal 0 0 1
    outer loop
      vertex 28.202437198131058 35.124783736545474 29.74
      vertex 28.50765333685647 33.5522961568047 29.74
      vertex 28.87 33.6 29.74
    endloop
  endfacet
  facet normal 0 0 1
    outer loop
      vertex 28.87 35.2 29.74
      vertex 28.87 33.6 29.74
      vertex 29.23234666314353 33.5522961568047 29.74
    endloop
  endfacet
  facet normal 0 0 1
    outer loop
      vertex 27.568348782647327 34.90290660370726 29.74
      vertex 28.50765333685647 33.5522961568047 29.74
      vertex 28.202437198131058 35.124783736545474 29.74
    endloop
  endfacet
  facet normal 0 0 1
    outer loop
      vertex 28.202437198131058 35.124783736545474 29.74
      vertex 28.87 33.6 29.74
      vertex 28.87 35.2 29.74
    endloop
  endfacet
  facet normal 0 0 1
    outer loop
      vertex 29.537562801868944 35.124783736545474 29.74
      vertex 29.57 33.41243556529822 29.74
      vertex 29.85994949366117 33.18994949366117 29.74
    endloop
  endfacet
  facet normal 0 0 1
    outer loop
      vertex 29.537562801868944 35.124783736545474 29.74
      vertex 29.23234666314353 33.5522961568047 29.74
      vertex 29.57 33.41243556529822 29.74
    endloop
  endfacet
  facet normal 0 0 1
    outer loop
      vertex 30.171651217352675 34.90290660370726 29.74
      vertex 29.85994949366117 33.18994949366117 29.74
      vertex 30.082435565298216 32.900000000000006 29.74
    endloop
  endfacet
  facet normal 0 0 1
    outer loop
      vertex 29.537562801868944 35.124783736545474 29.74
      vertex 29.85994949366117 33.18994949366117 29.74
      vertex 30.171651217352675 34.90290660370726 29.74
    endloop
  endfacet
  facet normal 0 0 1
    outer loop
      vertex 28.87 35.2 29.74
      vertex 29.23234666314353 33.5522961568047 29.74
      vertex 29.537562801868944 35.124783736545474 29.74
    endloop
  endfacet
  facet normal -0.9937122098932428 -0.11196447610330704 1.4292078597098156e-19
    outer loop
      vertex 52.81521626345453 31.53243719813106 2
      vertex 52.74 32.2 29.74
      vertex 52.74 32.2 2
    endloop
  endfacet
  facet normal -0.9937122098932428 0.11196447610330644 4.72487780693945e-20
    outer loop
      vertex 52.74 32.2 2
      vertex 52.81521626345453 32.86756280186895 29.74
      vertex 52.81521626345453 32.86756280186895 2
    endloop
  endfacet
  facet normal -0.11196447610330763 -0.9937122098932427 -3.926044694294612e-20
    outer loop
      vertex 55.07243719813106 29.27521626345453 2
      vertex 55.74 29.200000000000003 2
      vertex 55.74 29.200000000000003 29.74
    endloop
  endfacet
  facet normal 0.11196447610330763 -0.9937122098932427 3.926044694294612e-20
    outer loop
      vertex 55.74 29.200000000000003 2
      vertex 56.40756280186894 29.27521626345453 2
      vertex 56.40756280186894 29.27521626345453 29.74
    endloop
  endfacet
  facet normal -0.7071067811865501 -0.7071067811865449 0
    outer loop
      vertex 53.394505552595916 30.3295305944238 2
      vertex 53.8695305944238 29.854505552595914 2
      vertex 53.394505552595916 30.3295305944238 29.74
    endloop
  endfacet
  facet normal -0.8467241992282837 -0.5320320765153373 -8.764540302779212e-20
    outer loop
      vertex 53.394505552595916 30.3295305944238 2
      vertex 53.03709339629275 30.89834878264733 29.74
      vertex 53.03709339629275 30.89834878264733 2
    endloop
  endfacet
  facet normal -0.9438833303083662 -0.33027906195517054 0
    outer loop
      vertex 52.81521626345453 31.53243719813106 2
      vertex 53.03709339629275 30.89834878264733 2
      vertex 52.81521626345453 31.53243719813106 29.74
    endloop
  endfacet
  facet normal -0.5320320765153358 -0.8467241992282845 7.426731918009971e-19
    outer loop
      vertex 53.8695305944238 29.854505552595914 2
      vertex 54.438348782647324 29.497093396292748 2
      vertex 54.438348782647324 29.497093396292748 29.74
    endloop
  endfacet
  facet normal -0.33027906195516726 -0.9438833303083674 0
    outer loop
      vertex 55.07243719813106 29.27521626345453 2
      vertex 55.07243719813106 29.27521626345453 29.74
      vertex 54.438348782647324 29.497093396292748 2
    endloop
  endfacet
  facet normal -0.9438833303083662 0.33027906195517054 1.3740641758419163e-19
    outer loop
      vertex 52.81521626345453 32.86756280186895 2
      vertex 53.03709339629275 33.50165121735268 29.74
      vertex 53.03709339629275 33.50165121735268 2
    endloop
  endfacet
  facet normal 0.33027906195516726 -0.9438833303083674 -1.5966099603348674e-19
    outer loop
      vertex 56.40756280186894 29.27521626345453 2
      vertex 57.04165121735268 29.497093396292748 2
      vertex 57.04165121735268 29.497093396292748 29.74
    endloop
  endfacet
  facet normal 0.5320320765153358 -0.8467241992282845 -7.426731918009971e-19
    outer loop
      vertex 57.04165121735268 29.497093396292748 2
      vertex 57.610469405576204 29.854505552595914 2
      vertex 57.610469405576204 29.854505552595914 29.74
    endloop
  endfacet
  facet normal 0.7071067811865449 -0.7071067811865502 0
    outer loop
      vertex 57.610469405576204 29.854505552595914 2
      vertex 58.085494447404095 30.3295305944238 2
      vertex 57.610469405576204 29.854505552595914 29.74
    endloop
  endfacet
  facet normal 0.8467241992282883 -0.5320320765153297 0
    outer loop
      vertex 58.085494447404095 30.3295305944238 2
      vertex 58.44290660370726 30.89834878264733 2
      vertex 58.085494447404095 30.3295305944238 29.74
    endloop
  endfacet
  facet normal 0.9438833303083662 -0.33027906195517054 0
    outer loop
      vertex 58.44290660370726 30.89834878264733 2
      vertex 58.66478373654547 31.53243719813106 2
      vertex 58.44290660370726 30.89834878264733 29.74
    endloop
  endfacet
  facet normal 0.9937122098932428 -0.11196447610330704 0
    outer loop
      vertex 58.66478373654547 31.53243719813106 2
      vertex 58.74 32.2 2
      vertex 58.66478373654547 31.53243719813106 29.74
    endloop
  endfacet
  facet normal 0.9937122098932428 0.11196447610330644 0
    outer loop
      vertex 58.74 32.2 2
      vertex 58.66478373654547 32.86756280186895 2
      vertex 58.74 32.2 29.74
    endloop
  endfacet
  facet normal 0.9438833303083662 0.33027906195517054 0
    outer loop
      vertex 58.66478373654547 32.86756280186895 2
      vertex 58.44290660370726 33.50165121735268 2
      vertex 58.66478373654547 32.86756280186895 29.74
    endloop
  endfacet
  facet normal -0.9937122098932428 -0.11196447610330704 0
    outer loop
      vertex 52.81521626345453 31.53243719813106 2
      vertex 52.81521626345453 31.53243719813106 29.74
      vertex 52.74 32.2 29.74
    endloop
  endfacet
  facet normal -0.9937122098932428 0.11196447610330644 0
    outer loop
      vertex 52.74 32.2 2
      vertex 52.74 32.2 29.74
      vertex 52.81521626345453 32.86756280186895 29.74
    endloop
  endfacet
  facet normal -0.11196447610330763 -0.9937122098932427 0
    outer loop
      vertex 55.07243719813106 29.27521626345453 2
      vertex 55.74 29.200000000000003 29.74
      vertex 55.07243719813106 29.27521626345453 29.74
    endloop
  endfacet
  facet normal 0.11196447610330763 -0.9937122098932427 0
    outer loop
      vertex 55.74 29.200000000000003 2
      vertex 56.40756280186894 29.27521626345453 29.74
      vertex 55.74 29.200000000000003 29.74
    endloop
  endfacet
  facet normal -0.5320320765153358 -0.8467241992282845 0
    outer loop
      vertex 53.8695305944238 29.854505552595914 2
      vertex 54.438348782647324 29.497093396292748 29.74
      vertex 53.8695305944238 29.854505552595914 29.74
    endloop
  endfacet
  facet normal -0.7071067811865501 -0.7071067811865449 0
    outer loop
      vertex 53.8695305944238 29.854505552595914 2
      vertex 53.8695305944238 29.854505552595914 29.74
      vertex 53.394505552595916 30.3295305944238 29.74
    endloop
  endfacet
  facet normal -0.8467241992282837 -0.5320320765153373 0
    outer loop
      vertex 53.394505552595916 30.3295305944238 2
      vertex 53.394505552595916 30.3295305944238 29.74
      vertex 53.03709339629275 30.89834878264733 29.74
    endloop
  endfacet
  facet normal -0.9438833303083662 -0.33027906195517054 0
    outer loop
      vertex 53.03709339629275 30.89834878264733 2
      vertex 53.03709339629275 30.89834878264733 29.74
      vertex 52.81521626345453 31.53243719813106 29.74
    endloop
  endfacet
  facet normal -0.33027906195516726 -0.9438833303083674 0
    outer loop
      vertex 54.438348782647324 29.497093396292748 2
      vertex 55.07243719813106 29.27521626345453 29.74
      vertex 54.438348782647324 29.497093396292748 29.74
    endloop
  endfacet
  facet normal -0.9438833303083662 0.33027906195517054 0
    outer loop
      vertex 52.81521626345453 32.86756280186895 2
      vertex 52.81521626345453 32.86756280186895 29.74
      vertex 53.03709339629275 33.50165121735268 29.74
    endloop
  endfacet
  facet normal 0.33027906195516726 -0.9438833303083674 0
    outer loop
      vertex 56.40756280186894 29.27521626345453 2
      vertex 57.04165121735268 29.497093396292748 29.74
      vertex 56.40756280186894 29.27521626345453 29.74
    endloop
  endfacet
  facet normal 0.5320320765153358 -0.8467241992282845 0
    outer loop
      vertex 57.04165121735268 29.497093396292748 2
      vertex 57.610469405576204 29.854505552595914 29.74
      vertex 57.04165121735268 29.497093396292748 29.74
    endloop
  endfacet
  facet normal 0.7071067811865449 -0.7071067811865502 0
    outer loop
      vertex 58.085494447404095 30.3295305944238 2
      vertex 58.085494447404095 30.3295305944238 29.74
      vertex 57.610469405576204 29.854505552595914 29.74
    endloop
  endfacet
  facet normal 0.8467241992282883 -0.5320320765153297 0
    outer loop
      vertex 58.44290660370726 30.89834878264733 2
      vertex 58.44290660370726 30.89834878264733 29.74
      vertex 58.085494447404095 30.3295305944238 29.74
    endloop
  endfacet
  facet normal 0.9438833303083662 -0.33027906195517054 0
    outer loop
      vertex 58.66478373654547 31.53243719813106 2
      vertex 58.66478373654547 31.53243719813106 29.74
      vertex 58.44290660370726 30.89834878264733 29.74
    endloop
  endfacet
  facet normal 0.9937122098932428 -0.11196447610330704 0
    outer loop
      vertex 58.74 32.2 2
      vertex 58.74 32.2 29.74
      vertex 58.66478373654547 31.53243719813106 29.74
    endloop
  endfacet
  facet normal 0.9937122098932428 0.11196447610330644 0
    outer loop
      vertex 58.66478373654547 32.86756280186895 2
      vertex 58.66478373654547 32.86756280186895 29.74
      vertex 58.74 32.2 29.74
    endloop
  endfacet
  facet normal 0.9438833303083662 0.33027906195517054 -1.3740641758419163e-19
    outer loop
      vertex 58.66478373654547 32.86756280186895 29.74
      vertex 58.44290660370726 33.50165121735268 2
      vertex 58.44290660370726 33.50165121735268 29.74
    endloop
  endfacet
  facet normal 0 0 1
    outer loop
      vertex 52.81521626345453 31.53243719813106 29.74
      vertex 52.81521626345453 32.86756280186895 29.74
      vertex 52.74 32.2 29.74
    endloop
  endfacet
  facet normal 0 0 1
    outer loop
      vertex 53.8695305944238 29.854505552595914 29.74
      vertex 54.438348782647324 29.497093396292748 29.74
      vertex 53.8695305944238 34.545494447404096 29.74
    endloop
  endfacet
  facet normal 0 0 1
    outer loop
      vertex 55.07243719813106 29.27521626345453 29.74
      vertex 54.75005050633884 31.210050506338835 29.74
      vertex 54.438348782647324 29.497093396292748 29.74
    endloop
  endfacet
  facet normal 0 0 1
    outer loop
      vertex 55.07243719813106 29.27521626345453 29.74
      vertex 55.74 29.200000000000003 29.74
      vertex 55.377653336856476 30.84770384319531 29.74
    endloop
  endfacet
  facet normal 0 0 1
    outer loop
      vertex 54.438348782647324 29.497093396292748 29.74
      vertex 54.75005050633884 31.210050506338835 29.74
      vertex 54.52756443470179 31.500000000000004 29.74
    endloop
  endfacet
  facet normal 0 0 1
    outer loop
      vertex 54.438348782647324 29.497093396292748 29.74
      vertex 54.52756443470179 31.500000000000004 29.74
      vertex 54.387703843195304 31.837653336856473 29.74
    endloop
  endfacet
  facet normal 0 0 1
    outer loop
      vertex 54.438348782647324 29.497093396292748 29.74
      vertex 54.387703843195304 31.837653336856473 29.74
      vertex 54.34 32.2 29.74
    endloop
  endfacet
  facet normal 0 0 1
    outer loop
      vertex 55.07243719813106 29.27521626345453 29.74
      vertex 55.04 30.98756443470179 29.74
      vertex 54.75005050633884 31.210050506338835 29.74
    endloop
  endfacet
  facet normal 0 0 1
    outer loop
      vertex 55.07243719813106 29.27521626345453 29.74
      vertex 55.377653336856476 30.84770384319531 29.74
      vertex 55.04 30.98756443470179 29.74
    endloop
  endfacet
  facet normal 0 0 1
    outer loop
      vertex 53.394505552595916 30.3295305944238 29.74
      vertex 53.03709339629275 33.50165121735268 29.74
      vertex 53.03709339629275 30.89834878264733 29.74
    endloop
  endfacet
  facet normal 0 0 1
    outer loop
      vertex 52.81521626345453 31.53243719813106 29.74
      vertex 53.03709339629275 30.89834878264733 29.74
      vertex 52.81521626345453 32.86756280186895 29.74
    endloop
  endfacet
  facet normal 0 0 1
    outer loop
      vertex 52.81521626345453 32.86756280186895 29.74
      vertex 53.03709339629275 30.89834878264733 29.74
      vertex 53.03709339629275 33.50165121735268 29.74
    endloop
  endfacet
  facet normal 0 0 1
    outer loop
      vertex 53.394505552595916 30.3295305944238 29.74
      vertex 53.8695305944238 29.854505552595914 29.74
      vertex 53.394505552595916 34.070469405576205 29.74
    endloop
  endfacet
  facet normal 0 0 1
    outer loop
      vertex 53.394505552595916 30.3295305944238 29.74
      vertex 53.394505552595916 34.070469405576205 29.74
      vertex 53.03709339629275 33.50165121735268 29.74
    endloop
  endfacet
  facet normal 0 0 1
    outer loop
      vertex 53.8695305944238 29.854505552595914 29.74
      vertex 53.8695305944238 34.545494447404096 29.74
      vertex 53.394505552595916 34.070469405576205 29.74
    endloop
  endfacet
  facet normal 0 0 1
    outer loop
      vertex 53.8695305944238 34.545494447404096 29.74
      vertex 54.34 32.2 29.74
      vertex 54.387703843195304 32.56234666314353 29.74
    endloop
  endfacet
  facet normal 0 0 1
    outer loop
      vertex 54.438348782647324 29.497093396292748 29.74
      vertex 54.34 32.2 29.74
      vertex 53.8695305944238 34.545494447404096 29.74
    endloop
  endfacet
  facet normal 0 0 1
    outer loop
      vertex 53.8695305944238 34.545494447404096 29.74
      vertex 54.387703843195304 32.56234666314353 29.74
      vertex 54.52756443470179 32.900000000000006 29.74
    endloop
  endfacet
  facet normal 0 0 1
    outer loop
      vertex 55.74 29.200000000000003 29.74
      vertex 56.40756280186894 29.27521626345453 29.74
      vertex 55.74 30.800000000000004 29.74
    endloop
  endfacet
  facet normal 0 0 1
    outer loop
      vertex 55.74 29.200000000000003 29.74
      vertex 55.74 30.800000000000004 29.74
      vertex 55.377653336856476 30.84770384319531 29.74
    endloop
  endfacet
  facet normal 0 0 1
    outer loop
      vertex 56.40756280186894 29.27521626345453 29.74
      vertex 56.10234666314353 30.84770384319531 29.74
      vertex 55.74 30.800000000000004 29.74
    endloop
  endfacet
  facet normal 0 0 1
    outer loop
      vertex 56.40756280186894 29.27521626345453 29.74
      vertex 57.04165121735268 29.497093396292748 29.74
      vertex 56.10234666314353 30.84770384319531 29.74
    endloop
  endfacet
  facet normal 0 0 1
    outer loop
      vertex 57.04165121735268 29.497093396292748 29.74
      vertex 56.440000000000005 30.98756443470179 29.74
      vertex 56.10234666314353 30.84770384319531 29.74
    endloop
  endfacet
  facet normal 0 0 1
    outer loop
      vertex 57.04165121735268 29.497093396292748 29.74
      vertex 56.72994949366117 31.210050506338835 29.74
      vertex 56.440000000000005 30.98756443470179 29.74
    endloop
  endfacet
  facet normal 0 0 1
    outer loop
      vertex 57.04165121735268 29.497093396292748 29.74
      vertex 57.610469405576204 29.854505552595914 29.74
      vertex 56.95243556529822 31.500000000000004 29.74
    endloop
  endfacet
  facet normal 0 0 1
    outer loop
      vertex 57.04165121735268 29.497093396292748 29.74
      vertex 56.95243556529822 31.500000000000004 29.74
      vertex 56.72994949366117 31.210050506338835 29.74
    endloop
  endfacet
  facet normal 0 0 1
    outer loop
      vertex 57.610469405576204 29.854505552595914 29.74
      vertex 57.0922961568047 31.837653336856473 29.74
      vertex 56.95243556529822 31.500000000000004 29.74
    endloop
  endfacet
  facet normal 0 0 1
    outer loop
      vertex 57.610469405576204 29.854505552595914 29.74
      vertex 57.14 32.2 29.74
      vertex 57.0922961568047 31.837653336856473 29.74
    endloop
  endfacet
  facet normal 0 0 1
    outer loop
      vertex 57.610469405576204 29.854505552595914 29.74
      vertex 57.04165121735267 34.90290660370726 29.74
      vertex 57.14 32.2 29.74
    endloop
  endfacet
  facet normal 0 0 1
    outer loop
      vertex 57.610469405576204 29.854505552595914 29.74
      vertex 58.085494447404095 30.3295305944238 29.74
      vertex 57.610469405576204 34.545494447404096 29.74
    endloop
  endfacet
  facet normal 0 0 1
    outer loop
      vertex 57.04165121735267 34.90290660370726 29.74
      vertex 57.0922961568047 32.56234666314353 29.74
      vertex 57.14 32.2 29.74
    endloop
  endfacet
  facet normal 0 0 1
    outer loop
      vertex 57.04165121735267 34.90290660370726 29.74
      vertex 56.95243556529822 32.900000000000006 29.74
      vertex 57.0922961568047 32.56234666314353 29.74
    endloop
  endfacet
  facet normal 0 0 1
    outer loop
      vertex 57.610469405576204 29.854505552595914 29.74
      vertex 57.610469405576204 34.545494447404096 29.74
      vertex 57.04165121735267 34.90290660370726 29.74
    endloop
  endfacet
  facet normal 0 0 1
    outer loop
      vertex 58.085494447404095 30.3295305944238 29.74
      vertex 58.08549444740409 34.070469405576205 29.74
      vertex 57.610469405576204 34.545494447404096 29.74
    endloop
  endfacet
  facet normal 0 0 1
    outer loop
      vertex 58.085494447404095 30.3295305944238 29.74
      vertex 58.44290660370726 30.89834878264733 29.74
      vertex 58.08549444740409 34.070469405576205 29.74
    endloop
  endfacet
  facet normal 0 0 1
    outer loop
      vertex 58.44290660370726 30.89834878264733 29.74
      vertex 58.66478373654547 31.53243719813106 29.74
      vertex 58.44290660370726 33.50165121735268 29.74
    endloop
  endfacet
  facet normal 0 0 1
    outer loop
      vertex 58.66478373654547 31.53243719813106 29.74
      vertex 58.74 32.2 29.74
      vertex 58.66478373654547 32.86756280186895 29.74
    endloop
  endfacet
  facet normal 0 0 1
    outer loop
      vertex 58.44290660370726 30.89834878264733 29.74
      vertex 58.44290660370726 33.50165121735268 29.74
      vertex 58.08549444740409 34.070469405576205 29.74
    endloop
  endfacet
  facet normal 0 0 1
    outer loop
      vertex 58.66478373654547 31.53243719813106 29.74
      vertex 58.66478373654547 32.86756280186895 29.74
      vertex 58.44290660370726 33.50165121735268 29.74
    endloop
  endfacet
  facet normal -0.8467241992282821 0.5320320765153397 4.618490074113003e-19
    outer loop
      vertex 53.03709339629275 33.50165121735268 2
      vertex 53.394505552595916 34.070469405576205 29.74
      vertex 53.394505552595916 34.070469405576205 2
    endloop
  endfacet
  facet normal -0.7071067811865528 0.7071067811865422 1.7141231325221158e-19
    outer loop
      vertex 53.394505552595916 34.070469405576205 2
      vertex 53.8695305944238 34.545494447404096 29.74
      vertex 53.8695305944238 34.545494447404096 2
    endloop
  endfacet
  facet normal -0.5320320765153274 0.8467241992282899 0
    outer loop
      vertex 53.8695305944238 34.545494447404096 2
      vertex 53.8695305944238 34.545494447404096 29.74
      vertex 54.43834878264733 34.90290660370726 2
    endloop
  endfacet
  facet normal -0.33027906195517387 0.9438833303083651 0
    outer loop
      vertex 54.43834878264733 34.90290660370726 2
      vertex 54.43834878264733 34.90290660370726 29.74
      vertex 55.072437198131055 35.124783736545474 2
    endloop
  endfacet
  facet normal -0.11196447610330644 0.9937122098932428 0
    outer loop
      vertex 55.072437198131055 35.124783736545474 2
      vertex 55.072437198131055 35.124783736545474 29.74
      vertex 55.74 35.2 2
    endloop
  endfacet
  facet normal 0.11196447610330644 0.9937122098932428 0
    outer loop
      vertex 55.74 35.2 2
      vertex 55.74 35.2 29.74
      vertex 56.40756280186895 35.124783736545474 2
    endloop
  endfacet
  facet normal 0.33027906195517387 0.9438833303083651 0
    outer loop
      vertex 56.40756280186895 35.124783736545474 2
      vertex 56.40756280186895 35.124783736545474 29.74
      vertex 57.04165121735267 34.90290660370726 2
    endloop
  endfacet
  facet normal 0.7071067811865528 0.7071067811865422 0
    outer loop
      vertex 58.08549444740409 34.070469405576205 2
      vertex 57.610469405576204 34.545494447404096 2
      vertex 58.08549444740409 34.070469405576205 29.74
    endloop
  endfacet
  facet normal 0.5320320765153274 0.8467241992282899 0
    outer loop
      vertex 57.04165121735267 34.90290660370726 2
      vertex 57.04165121735267 34.90290660370726 29.74
      vertex 57.610469405576204 34.545494447404096 2
    endloop
  endfacet
  facet normal 0.8467241992282821 0.5320320765153397 -4.618490074113003e-19
    outer loop
      vertex 58.08549444740409 34.070469405576205 2
      vertex 58.44290660370726 33.50165121735268 29.74
      vertex 58.44290660370726 33.50165121735268 2
    endloop
  endfacet
  facet normal -0.8467241992282821 0.5320320765153397 0
    outer loop
      vertex 53.03709339629275 33.50165121735268 2
      vertex 53.03709339629275 33.50165121735268 29.74
      vertex 53.394505552595916 34.070469405576205 29.74
    endloop
  endfacet
  facet normal -0.7071067811865528 0.7071067811865422 0
    outer loop
      vertex 53.394505552595916 34.070469405576205 2
      vertex 53.394505552595916 34.070469405576205 29.74
      vertex 53.8695305944238 34.545494447404096 29.74
    endloop
  endfacet
  facet normal -0.5320320765153274 0.8467241992282899 0
    outer loop
      vertex 54.43834878264733 34.90290660370726 2
      vertex 53.8695305944238 34.545494447404096 29.74
      vertex 54.43834878264733 34.90290660370726 29.74
    endloop
  endfacet
  facet normal -0.33027906195517387 0.9438833303083651 0
    outer loop
      vertex 55.072437198131055 35.124783736545474 2
      vertex 54.43834878264733 34.90290660370726 29.74
      vertex 55.072437198131055 35.124783736545474 29.74
    endloop
  endfacet
  facet normal -0.11196447610330644 0.9937122098932428 0
    outer loop
      vertex 55.74 35.2 2
      vertex 55.072437198131055 35.124783736545474 29.74
      vertex 55.74 35.2 29.74
    endloop
  endfacet
  facet normal 0.11196447610330644 0.9937122098932428 0
    outer loop
      vertex 56.40756280186895 35.124783736545474 2
      vertex 55.74 35.2 29.74
      vertex 56.40756280186895 35.124783736545474 29.74
    endloop
  endfacet
  facet normal 0.33027906195517387 0.9438833303083651 0
    outer loop
      vertex 57.04165121735267 34.90290660370726 2
      vertex 56.40756280186895 35.124783736545474 29.74
      vertex 57.04165121735267 34.90290660370726 29.74
    endloop
  endfacet
  facet normal 0.7071067811865528 0.7071067811865422 0
    outer loop
      vertex 57.610469405576204 34.545494447404096 2
      vertex 57.610469405576204 34.545494447404096 29.74
      vertex 58.08549444740409 34.070469405576205 29.74
    endloop
  endfacet
  facet normal 0.5320320765153274 0.8467241992282899 0
    outer loop
      vertex 57.610469405576204 34.545494447404096 2
      vertex 57.04165121735267 34.90290660370726 29.74
      vertex 57.610469405576204 34.545494447404096 29.74
    endloop
  endfacet
  facet normal 0.8467241992282821 0.5320320765153397 0
    outer loop
      vertex 58.08549444740409 34.070469405576205 2
      vertex 58.08549444740409 34.070469405576205 29.74
      vertex 58.44290660370726 33.50165121735268 29.74
    endloop
  endfacet
  facet normal 0 0 1
    outer loop
      vertex 54.43834878264733 34.90290660370726 29.74
      vertex 54.52756443470179 32.900000000000006 29.74
      vertex 54.75005050633884 33.18994949366117 29.74
    endloop
  endfacet
  facet normal 0 0 1
    outer loop
      vertex 54.43834878264733 34.90290660370726 29.74
      vertex 54.75005050633884 33.18994949366117 29.74
      vertex 55.04 33.41243556529822 29.74
    endloop
  endfacet
  facet normal 0 0 1
    outer loop
      vertex 53.8695305944238 34.545494447404096 29.74
      vertex 54.52756443470179 32.900000000000006 29.74
      vertex 54.43834878264733 34.90290660370726 29.74
    endloop
  endfacet
  facet normal 0 0 1
    outer loop
      vertex 54.43834878264733 34.90290660370726 29.74
      vertex 55.04 33.41243556529822 29.74
      vertex 55.377653336856476 33.5522961568047 29.74
    endloop
  endfacet
  facet normal 0 0 1
    outer loop
      vertex 55.072437198131055 35.124783736545474 29.74
      vertex 55.377653336856476 33.5522961568047 29.74
      vertex 55.74 33.6 29.74
    endloop
  endfacet
  facet normal 0 0 1
    outer loop
      vertex 54.43834878264733 34.90290660370726 29.74
      vertex 55.377653336856476 33.5522961568047 29.74
      vertex 55.072437198131055 35.124783736545474 29.74
    endloop
  endfacet
  facet normal 0 0 1
    outer loop
      vertex 55.072437198131055 35.124783736545474 29.74
      vertex 55.74 33.6 29.74
      vertex 55.74 35.2 29.74
    endloop
  endfacet
  facet normal 0 0 1
    outer loop
      vertex 55.74 35.2 29.74
      vertex 55.74 33.6 29.74
      vertex 56.10234666314353 33.5522961568047 29.74
    endloop
  endfacet
  facet normal 0 0 1
    outer loop
      vertex 56.40756280186895 35.124783736545474 29.74
      vertex 56.440000000000005 33.41243556529822 29.74
      vertex 56.72994949366117 33.18994949366117 29.74
    endloop
  endfacet
  facet normal 0 0 1
    outer loop
      vertex 56.40756280186895 35.124783736545474 29.74
      vertex 56.10234666314353 33.5522961568047 29.74
      vertex 56.440000000000005 33.41243556529822 29.74
    endloop
  endfacet
  facet normal 0 0 1
    outer loop
      vertex 56.40756280186895 35.124783736545474 29.74
      vertex 56.72994949366117 33.18994949366117 29.74
      vertex 57.04165121735267 34.90290660370726 29.74
    endloop
  endfacet
  facet normal 0 0 1
    outer loop
      vertex 55.74 35.2 29.74
      vertex 56.10234666314353 33.5522961568047 29.74
      vertex 56.40756280186895 35.124783736545474 29.74
    endloop
  endfacet
  facet normal 0 0 1
    outer loop
      vertex 57.04165121735267 34.90290660370726 29.74
      vertex 56.72994949366117 33.18994949366117 29.74
      vertex 56.95243556529822 32.900000000000006 29.74
    endloop
  endfacet
  facet normal -0.11196447610330763 -0.9937122098932427 -3.926044694294612e-20
    outer loop
      vertex 76.94243719813106 29.27521626345453 2
      vertex 77.61 29.200000000000003 2
      vertex 77.61 29.200000000000003 29.74
    endloop
  endfacet
  facet normal 0.11196447610330763 -0.9937122098932427 3.926044694294612e-20
    outer loop
      vertex 77.61 29.200000000000003 2
      vertex 78.27756280186894 29.27521626345453 2
      vertex 78.27756280186894 29.27521626345453 29.74
    endloop
  endfacet
  facet normal -0.8467241992282837 -0.5320320765153373 -8.764540302779212e-20
    outer loop
      vertex 75.2645055525959 30.3295305944238 2
      vertex 74.90709339629274 30.89834878264733 29.74
      vertex 74.90709339629274 30.89834878264733 2
    endloop
  endfacet
  facet normal -0.9438833303083729 -0.3302790619551517 -6.538290799078718e-19
    outer loop
      vertex 74.90709339629274 30.89834878264733 2
      vertex 74.68521626345454 31.53243719813106 29.74
      vertex 74.68521626345454 31.53243719813106 2
    endloop
  endfacet
  facet normal -0.7071067811865449 -0.7071067811865502 1.2169425989016743e-19
    outer loop
      vertex 75.2645055525959 30.3295305944238 2
      vertex 75.7395305944238 29.854505552595914 2
      vertex 75.7395305944238 29.854505552595914 29.74
    endloop
  endfacet
  facet normal -0.5320320765153311 -0.8467241992282877 1.6772127521490462e-21
    outer loop
      vertex 75.7395305944238 29.854505552595914 2
      vertex 76.30834878264733 29.497093396292748 2
      vertex 76.30834878264733 29.497093396292748 29.74
    endloop
  endfacet
  facet normal -0.9937122098932415 -0.11196447610331745 -7.464717821923421e-20
    outer loop
      vertex 74.68521626345454 31.53243719813106 2
      vertex 74.61 32.2 29.74
      vertex 74.61 32.2 2
    endloop
  endfacet
  facet normal -0.9937122098932415 0.11196447610331685 -1.0753405469333783e-19
    outer loop
      vertex 74.61 32.2 2
      vertex 74.68521626345454 32.86756280186895 29.74
      vertex 74.68521626345454 32.86756280186895 2
    endloop
  endfacet
  facet normal -0.9438833303083729 0.3302790619551517 6.538290799078718e-19
    outer loop
      vertex 74.68521626345454 32.86756280186895 2
      vertex 74.90709339629274 33.50165121735268 29.74
      vertex 74.90709339629274 33.50165121735268 2
    endloop
  endfacet
  facet normal -0.33027906195517054 -0.9438833303083662 0
    outer loop
      vertex 76.94243719813106 29.27521626345453 2
      vertex 76.94243719813106 29.27521626345453 29.74
      vertex 76.30834878264733 29.497093396292748 2
    endloop
  endfacet
  facet normal 0.33027906195517054 -0.9438833303083662 1.3740641758419163e-19
    outer loop
      vertex 78.27756280186894 29.27521626345453 2
      vertex 78.91165121735267 29.497093396292748 2
      vertex 78.91165121735267 29.497093396292748 29.74
    endloop
  endfacet
  facet normal 0.5320320765153311 -0.8467241992282877 -1.6772127521490462e-21
    outer loop
      vertex 78.91165121735267 29.497093396292748 2
      vertex 79.4804694055762 29.854505552595914 2
      vertex 79.4804694055762 29.854505552595914 29.74
    endloop
  endfacet
  facet normal 0.7071067811865449 -0.7071067811865502 -1.2169425989016743e-19
    outer loop
      vertex 79.4804694055762 29.854505552595914 2
      vertex 79.95549444740409 30.3295305944238 2
      vertex 79.95549444740409 30.3295305944238 29.74
    endloop
  endfacet
  facet normal 0.8467241992282837 -0.5320320765153373 0
    outer loop
      vertex 79.95549444740409 30.3295305944238 2
      vertex 80.31290660370726 30.89834878264733 2
      vertex 79.95549444740409 30.3295305944238 29.74
    endloop
  endfacet
  facet normal 0.9438833303083662 -0.33027906195517054 0
    outer loop
      vertex 80.31290660370726 30.89834878264733 2
      vertex 80.53478373654548 31.53243719813106 2
      vertex 80.31290660370726 30.89834878264733 29.74
    endloop
  endfacet
  facet normal 0.9937122098932439 -0.11196447610329659 0
    outer loop
      vertex 80.53478373654548 31.53243719813106 2
      vertex 80.61 32.2 2
      vertex 80.53478373654548 31.53243719813106 29.74
    endloop
  endfacet
  facet normal 0.9937122098932415 0.11196447610331685 0
    outer loop
      vertex 80.61 32.2 2
      vertex 80.53478373654546 32.86756280186895 2
      vertex 80.61 32.2 29.74
    endloop
  endfacet
  facet normal 0.9438833303083729 0.3302790619551517 0
    outer loop
      vertex 80.53478373654546 32.86756280186895 2
      vertex 80.31290660370726 33.50165121735268 2
      vertex 80.53478373654546 32.86756280186895 29.74
    endloop
  endfacet
  facet normal -0.11196447610330763 -0.9937122098932427 0
    outer loop
      vertex 76.94243719813106 29.27521626345453 2
      vertex 77.61 29.200000000000003 29.74
      vertex 76.94243719813106 29.27521626345453 29.74
    endloop
  endfacet
  facet normal 0.11196447610330763 -0.9937122098932427 0
    outer loop
      vertex 77.61 29.200000000000003 2
      vertex 78.27756280186894 29.27521626345453 29.74
      vertex 77.61 29.200000000000003 29.74
    endloop
  endfacet
  facet normal -0.8467241992282837 -0.5320320765153373 0
    outer loop
      vertex 75.2645055525959 30.3295305944238 2
      vertex 75.2645055525959 30.3295305944238 29.74
      vertex 74.90709339629274 30.89834878264733 29.74
    endloop
  endfacet
  facet normal -0.9438833303083729 -0.3302790619551517 0
    outer loop
      vertex 74.90709339629274 30.89834878264733 2
      vertex 74.90709339629274 30.89834878264733 29.74
      vertex 74.68521626345454 31.53243719813106 29.74
    endloop
  endfacet
  facet normal -0.5320320765153311 -0.8467241992282877 0
    outer loop
      vertex 75.7395305944238 29.854505552595914 2
      vertex 76.30834878264733 29.497093396292748 29.74
      vertex 75.7395305944238 29.854505552595914 29.74
    endloop
  endfacet
  facet normal -0.7071067811865449 -0.7071067811865502 0
    outer loop
      vertex 75.2645055525959 30.3295305944238 2
      vertex 75.7395305944238 29.854505552595914 29.74
      vertex 75.2645055525959 30.3295305944238 29.74
    endloop
  endfacet
  facet normal -0.33027906195517054 -0.9438833303083662 0
    outer loop
      vertex 76.30834878264733 29.497093396292748 2
      vertex 76.94243719813106 29.27521626345453 29.74
      vertex 76.30834878264733 29.497093396292748 29.74
    endloop
  endfacet
  facet normal -0.9937122098932415 -0.11196447610331745 0
    outer loop
      vertex 74.68521626345454 31.53243719813106 2
      vertex 74.68521626345454 31.53243719813106 29.74
      vertex 74.61 32.2 29.74
    endloop
  endfacet
  facet normal -0.9937122098932415 0.11196447610331685 0
    outer loop
      vertex 74.61 32.2 2
      vertex 74.61 32.2 29.74
      vertex 74.68521626345454 32.86756280186895 29.74
    endloop
  endfacet
  facet normal -0.9438833303083729 0.3302790619551517 0
    outer loop
      vertex 74.68521626345454 32.86756280186895 2
      vertex 74.68521626345454 32.86756280186895 29.74
      vertex 74.90709339629274 33.50165121735268 29.74
    endloop
  endfacet
  facet normal 0.33027906195517054 -0.9438833303083662 0
    outer loop
      vertex 78.27756280186894 29.27521626345453 2
      vertex 78.91165121735267 29.497093396292748 29.74
      vertex 78.27756280186894 29.27521626345453 29.74
    endloop
  endfacet
  facet normal 0.5320320765153311 -0.8467241992282877 0
    outer loop
      vertex 78.91165121735267 29.497093396292748 2
      vertex 79.4804694055762 29.854505552595914 29.74
      vertex 78.91165121735267 29.497093396292748 29.74
    endloop
  endfacet
  facet normal 0.7071067811865449 -0.7071067811865502 0
    outer loop
      vertex 79.4804694055762 29.854505552595914 2
      vertex 79.95549444740409 30.3295305944238 29.74
      vertex 79.4804694055762 29.854505552595914 29.74
    endloop
  endfacet
  facet normal 0.8467241992282837 -0.5320320765153373 0
    outer loop
      vertex 80.31290660370726 30.89834878264733 2
      vertex 80.31290660370726 30.89834878264733 29.74
      vertex 79.95549444740409 30.3295305944238 29.74
    endloop
  endfacet
  facet normal 0.9438833303083662 -0.33027906195517054 0
    outer loop
      vertex 80.53478373654548 31.53243719813106 2
      vertex 80.53478373654548 31.53243719813106 29.74
      vertex 80.31290660370726 30.89834878264733 29.74
    endloop
  endfacet
  facet normal 0.9937122098932439 -0.11196447610329659 0
    outer loop
      vertex 80.61 32.2 2
      vertex 80.61 32.2 29.74
      vertex 80.53478373654548 31.53243719813106 29.74
    endloop
  endfacet
  facet normal 0.9937122098932415 0.11196447610331685 0
    outer loop
      vertex 80.53478373654546 32.86756280186895 2
      vertex 80.53478373654546 32.86756280186895 29.74
      vertex 80.61 32.2 29.74
    endloop
  endfacet
  facet normal 0.9438833303083729 0.3302790619551517 -6.538290799078718e-19
    outer loop
      vertex 80.53478373654546 32.86756280186895 29.74
      vertex 80.31290660370726 33.50165121735268 2
      vertex 80.31290660370726 33.50165121735268 29.74
    endloop
  endfacet
  facet normal 0 0 1
    outer loop
      vertex 76.94243719813106 29.27521626345453 29.74
      vertex 76.62005050633883 31.210050506338835 29.74
      vertex 76.30834878264733 29.497093396292748 29.74
    endloop
  endfacet
  facet normal 0 0 1
    outer loop
      vertex 75.7395305944238 29.854505552595914 29.74
      vertex 76.30834878264733 29.497093396292748 29.74
      vertex 75.7395305944238 34.545494447404096 29.74
    endloop
  endfacet
  facet normal 0 0 1
    outer loop
      vertex 76.30834878264733 29.497093396292748 29.74
      vertex 76.62005050633883 31.210050506338835 29.74
      vertex 76.39756443470179 31.500000000000004 29.74
    endloop
  endfacet
  facet normal 0 0 1
    outer loop
      vertex 76.30834878264733 29.497093396292748 29.74
      vertex 76.39756443470179 31.500000000000004 29.74
      vertex 76.2577038431953 31.837653336856473 29.74
    endloop
  endfacet
  facet normal 0 0 1
    outer loop
      vertex 76.30834878264733 29.497093396292748 29.74
      vertex 76.2577038431953 31.837653336856473 29.74
      vertex 76.21 32.2 29.74
    endloop
  endfacet
  facet normal 0 0 1
    outer loop
      vertex 74.68521626345454 31.53243719813106 29.74
      vertex 74.68521626345454 32.86756280186895 29.74
      vertex 74.61 32.2 29.74
    endloop
  endfacet
  facet normal 0 0 1
    outer loop
      vertex 74.90709339629274 30.89834878264733 29.74
      vertex 74.68521626345454 32.86756280186895 29.74
      vertex 74.68521626345454 31.53243719813106 29.74
    endloop
  endfacet
  facet normal 0 0 1
    outer loop
      vertex 75.2645055525959 30.3295305944238 29.74
      vertex 74.90709339629274 33.50165121735268 29.74
      vertex 74.90709339629274 30.89834878264733 29.74
    endloop
  endfacet
  facet normal 0 0 1
    outer loop
      vertex 74.90709339629274 30.89834878264733 29.74
      vertex 74.90709339629274 33.50165121735268 29.74
      vertex 74.68521626345454 32.86756280186895 29.74
    endloop
  endfacet
  facet normal 0 0 1
    outer loop
      vertex 75.2645055525959 30.3295305944238 29.74
      vertex 75.2645055525959 34.070469405576205 29.74
      vertex 74.90709339629274 33.50165121735268 29.74
    endloop
  endfacet
  facet normal 0 0 1
    outer loop
      vertex 75.2645055525959 30.3295305944238 29.74
      vertex 75.7395305944238 29.854505552595914 29.74
      vertex 75.2645055525959 34.070469405576205 29.74
    endloop
  endfacet
  facet normal 0 0 1
    outer loop
      vertex 76.30834878264733 29.497093396292748 29.74
      vertex 76.21 32.2 29.74
      vertex 75.7395305944238 34.545494447404096 29.74
    endloop
  endfacet
  facet normal 0 0 1
    outer loop
      vertex 75.7395305944238 29.854505552595914 29.74
      vertex 75.7395305944238 34.545494447404096 29.74
      vertex 75.2645055525959 34.070469405576205 29.74
    endloop
  endfacet
  facet normal 0 0 1
    outer loop
      vertex 75.7395305944238 34.545494447404096 29.74
      vertex 76.21 32.2 29.74
      vertex 76.2577038431953 32.56234666314353 29.74
    endloop
  endfacet
  facet normal 0 0 1
    outer loop
      vertex 75.7395305944238 34.545494447404096 29.74
      vertex 76.2577038431953 32.56234666314353 29.74
      vertex 76.39756443470179 32.900000000000006 29.74
    endloop
  endfacet
  facet normal 0 0 1
    outer loop
      vertex 76.94243719813106 29.27521626345453 29.74
      vertex 77.61 29.200000000000003 29.74
      vertex 77.24765333685647 30.84770384319531 29.74
    endloop
  endfacet
  facet normal 0 0 1
    outer loop
      vertex 77.61 29.200000000000003 29.74
      vertex 78.27756280186894 29.27521626345453 29.74
      vertex 77.61 30.800000000000004 29.74
    endloop
  endfacet
  facet normal 0 0 1
    outer loop
      vertex 77.61 29.200000000000003 29.74
      vertex 77.61 30.800000000000004 29.74
      vertex 77.24765333685647 30.84770384319531 29.74
    endloop
  endfacet
  facet normal 0 0 1
    outer loop
      vertex 78.27756280186894 29.27521626345453 29.74
      vertex 77.97234666314353 30.84770384319531 29.74
      vertex 77.61 30.800000000000004 29.74
    endloop
  endfacet
  facet normal 0 0 1
    outer loop
      vertex 76.94243719813106 29.27521626345453 29.74
      vertex 76.91 30.98756443470179 29.74
      vertex 76.62005050633883 31.210050506338835 29.74
    endloop
  endfacet
  facet normal 0 0 1
    outer loop
      vertex 76.94243719813106 29.27521626345453 29.74
      vertex 77.24765333685647 30.84770384319531 29.74
      vertex 76.91 30.98756443470179 29.74
    endloop
  endfacet
  facet normal 0 0 1
    outer loop
      vertex 78.27756280186894 29.27521626345453 29.74
      vertex 78.91165121735267 29.497093396292748 29.74
      vertex 77.97234666314353 30.84770384319531 29.74
    endloop
  endfacet
  facet normal 0 0 1
    outer loop
      vertex 78.91165121735267 29.497093396292748 29.74
      vertex 79.4804694055762 29.854505552595914 29.74
      vertex 78.8224355652982 31.500000000000004 29.74
    endloop
  endfacet
  facet normal 0 0 1
    outer loop
      vertex 78.91165121735267 29.497093396292748 29.74
      vertex 78.31 30.98756443470179 29.74
      vertex 77.97234666314353 30.84770384319531 29.74
    endloop
  endfacet
  facet normal 0 0 1
    outer loop
      vertex 78.91165121735267 29.497093396292748 29.74
      vertex 78.59994949366117 31.210050506338835 29.74
      vertex 78.31 30.98756443470179 29.74
    endloop
  endfacet
  facet normal 0 0 1
    outer loop
      vertex 78.91165121735267 29.497093396292748 29.74
      vertex 78.8224355652982 31.500000000000004 29.74
      vertex 78.59994949366117 31.210050506338835 29.74
    endloop
  endfacet
  facet normal 0 0 1
    outer loop
      vertex 79.4804694055762 29.854505552595914 29.74
      vertex 78.9622961568047 31.837653336856473 29.74
      vertex 78.8224355652982 31.500000000000004 29.74
    endloop
  endfacet
  facet normal 0 0 1
    outer loop
      vertex 79.4804694055762 29.854505552595914 29.74
      vertex 79.01 32.2 29.74
      vertex 78.9622961568047 31.837653336856473 29.74
    endloop
  endfacet
  facet normal 0 0 1
    outer loop
      vertex 79.4804694055762 29.854505552595914 29.74
      vertex 78.91165121735267 34.90290660370726 29.74
      vertex 79.01 32.2 29.74
    endloop
  endfacet
  facet normal 0 0 1
    outer loop
      vertex 78.91165121735267 34.90290660370726 29.74
      vertex 78.9622961568047 32.56234666314353 29.74
      vertex 79.01 32.2 29.74
    endloop
  endfacet
  facet normal 0 0 1
    outer loop
      vertex 78.91165121735267 34.90290660370726 29.74
      vertex 78.8224355652982 32.900000000000006 29.74
      vertex 78.9622961568047 32.56234666314353 29.74
    endloop
  endfacet
  facet normal 0 0 1
    outer loop
      vertex 79.4804694055762 29.854505552595914 29.74
      vertex 79.4804694055762 34.545494447404096 29.74
      vertex 78.91165121735267 34.90290660370726 29.74
    endloop
  endfacet
  facet normal 0 0 1
    outer loop
      vertex 79.4804694055762 29.854505552595914 29.74
      vertex 79.95549444740409 30.3295305944238 29.74
      vertex 79.4804694055762 34.545494447404096 29.74
    endloop
  endfacet
  facet normal 0 0 1
    outer loop
      vertex 79.95549444740409 30.3295305944238 29.74
      vertex 80.31290660370726 30.89834878264733 29.74
      vertex 79.95549444740409 34.070469405576205 29.74
    endloop
  endfacet
  facet normal 0 0 1
    outer loop
      vertex 80.31290660370726 30.89834878264733 29.74
      vertex 80.53478373654548 31.53243719813106 29.74
      vertex 80.31290660370726 33.50165121735268 29.74
    endloop
  endfacet
  facet normal 0 0 1
    outer loop
      vertex 80.53478373654548 31.53243719813106 29.74
      vertex 80.61 32.2 29.74
      vertex 80.53478373654546 32.86756280186895 29.74
    endloop
  endfacet
  facet normal 0 0 1
    outer loop
      vertex 79.95549444740409 30.3295305944238 29.74
      vertex 79.95549444740409 34.070469405576205 29.74
      vertex 79.4804694055762 34.545494447404096 29.74
    endloop
  endfacet
  facet normal 0 0 1
    outer loop
      vertex 80.31290660370726 30.89834878264733 29.74
      vertex 80.31290660370726 33.50165121735268 29.74
      vertex 79.95549444740409 34.070469405576205 29.74
    endloop
  endfacet
  facet normal 0 0 1
    outer loop
      vertex 80.53478373654548 31.53243719813106 29.74
      vertex 80.53478373654546 32.86756280186895 29.74
      vertex 80.31290660370726 33.50165121735268 29.74
    endloop
  endfacet
  facet normal -0.8467241992282821 0.5320320765153397 4.618490074113003e-19
    outer loop
      vertex 74.90709339629274 33.50165121735268 2
      vertex 75.2645055525959 34.070469405576205 29.74
      vertex 75.2645055525959 34.070469405576205 2
    endloop
  endfacet
  facet normal -0.7071067811865476 0.7071067811865476 0
    outer loop
      vertex 75.2645055525959 34.070469405576205 2
      vertex 75.2645055525959 34.070469405576205 29.74
      vertex 75.7395305944238 34.545494447404096 2
    endloop
  endfacet
  facet normal -0.5320320765153274 0.8467241992282899 0
    outer loop
      vertex 75.7395305944238 34.545494447404096 2
      vertex 75.7395305944238 34.545494447404096 29.74
      vertex 76.30834878264733 34.90290660370726 2
    endloop
  endfacet
  facet normal -0.33027906195517054 0.9438833303083662 0
    outer loop
      vertex 76.30834878264733 34.90290660370726 2
      vertex 76.30834878264733 34.90290660370726 29.74
      vertex 76.94243719813106 35.124783736545474 2
    endloop
  endfacet
  facet normal -0.11196447610330763 0.9937122098932427 0
    outer loop
      vertex 76.94243719813106 35.124783736545474 2
      vertex 76.94243719813106 35.124783736545474 29.74
      vertex 77.61 35.2 2
    endloop
  endfacet
  facet normal 0.11196447610330763 0.9937122098932427 0
    outer loop
      vertex 77.61 35.2 2
      vertex 77.61 35.2 29.74
      vertex 78.27756280186894 35.124783736545474 2
    endloop
  endfacet
  facet normal 0.33027906195517054 0.9438833303083662 0
    outer loop
      vertex 78.27756280186894 35.124783736545474 2
      vertex 78.27756280186894 35.124783736545474 29.74
      vertex 78.91165121735267 34.90290660370726 2
    endloop
  endfacet
  facet normal 0.5320320765153274 0.8467241992282899 0
    outer loop
      vertex 78.91165121735267 34.90290660370726 2
      vertex 78.91165121735267 34.90290660370726 29.74
      vertex 79.4804694055762 34.545494447404096 2
    endloop
  endfacet
  facet normal 0.7071067811865476 0.7071067811865476 4.1480083303254424e-19
    outer loop
      vertex 79.95549444740409 34.070469405576205 2
      vertex 79.4804694055762 34.545494447404096 2
      vertex 79.4804694055762 34.545494447404096 29.74
    endloop
  endfacet
  facet normal 0.8467241992282821 0.5320320765153397 -4.618490074113003e-19
    outer loop
      vertex 79.95549444740409 34.070469405576205 2
      vertex 80.31290660370726 33.50165121735268 29.74
      vertex 80.31290660370726 33.50165121735268 2
    endloop
  endfacet
  facet normal -0.8467241992282821 0.5320320765153397 0
    outer loop
      vertex 74.90709339629274 33.50165121735268 2
      vertex 74.90709339629274 33.50165121735268 29.74
      vertex 75.2645055525959 34.070469405576205 29.74
    endloop
  endfacet
  facet normal -0.7071067811865476 0.7071067811865476 0
    outer loop
      vertex 75.7395305944238 34.545494447404096 2
      vertex 75.2645055525959 34.070469405576205 29.74
      vertex 75.7395305944238 34.545494447404096 29.74
    endloop
  endfacet
  facet normal -0.5320320765153274 0.8467241992282899 0
    outer loop
      vertex 76.30834878264733 34.90290660370726 2
      vertex 75.7395305944238 34.545494447404096 29.74
      vertex 76.30834878264733 34.90290660370726 29.74
    endloop
  endfacet
  facet normal -0.33027906195517054 0.9438833303083662 0
    outer loop
      vertex 76.94243719813106 35.124783736545474 2
      vertex 76.30834878264733 34.90290660370726 29.74
      vertex 76.94243719813106 35.124783736545474 29.74
    endloop
  endfacet
  facet normal -0.11196447610330763 0.9937122098932427 0
    outer loop
      vertex 77.61 35.2 2
      vertex 76.94243719813106 35.124783736545474 29.74
      vertex 77.61 35.2 29.74
    endloop
  endfacet
  facet normal 0.11196447610330763 0.9937122098932427 0
    outer loop
      vertex 78.27756280186894 35.124783736545474 2
      vertex 77.61 35.2 29.74
      vertex 78.27756280186894 35.124783736545474 29.74
    endloop
  endfacet
  facet normal 0.33027906195517054 0.9438833303083662 0
    outer loop
      vertex 78.91165121735267 34.90290660370726 2
      vertex 78.27756280186894 35.124783736545474 29.74
      vertex 78.91165121735267 34.90290660370726 29.74
    endloop
  endfacet
  facet normal 0.5320320765153274 0.8467241992282899 0
    outer loop
      vertex 79.4804694055762 34.545494447404096 2
      vertex 78.91165121735267 34.90290660370726 29.74
      vertex 79.4804694055762 34.545494447404096 29.74
    endloop
  endfacet
  facet normal 0.7071067811865476 0.7071067811865476 0
    outer loop
      vertex 79.95549444740409 34.070469405576205 2
      vertex 79.4804694055762 34.545494447404096 29.74
      vertex 79.95549444740409 34.070469405576205 29.74
    endloop
  endfacet
  facet normal 0.8467241992282821 0.5320320765153397 0
    outer loop
      vertex 79.95549444740409 34.070469405576205 2
      vertex 79.95549444740409 34.070469405576205 29.74
      vertex 80.31290660370726 33.50165121735268 29.74
    endloop
  endfacet
  facet normal 0 0 1
    outer loop
      vertex 76.30834878264733 34.90290660370726 29.74
      vertex 76.39756443470179 32.900000000000006 29.74
      vertex 76.62005050633883 33.18994949366117 29.74
    endloop
  endfacet
  facet normal 0 0 1
    outer loop
      vertex 76.30834878264733 34.90290660370726 29.74
      vertex 76.62005050633883 33.18994949366117 29.74
      vertex 76.91 33.41243556529822 29.74
    endloop
  endfacet
  facet normal 0 0 1
    outer loop
      vertex 75.7395305944238 34.545494447404096 29.74
      vertex 76.39756443470179 32.900000000000006 29.74
      vertex 76.30834878264733 34.90290660370726 29.74
    endloop
  endfacet
  facet normal 0 0 1
    outer loop
      vertex 76.30834878264733 34.90290660370726 29.74
      vertex 76.91 33.41243556529822 29.74
      vertex 77.24765333685647 33.5522961568047 29.74
    endloop
  endfacet
  facet normal 0 0 1
    outer loop
      vertex 76.94243719813106 35.124783736545474 29.74
      vertex 77.24765333685647 33.5522961568047 29.74
      vertex 77.61 33.6 29.74
    endloop
  endfacet
  facet normal 0 0 1
    outer loop
      vertex 77.61 35.2 29.74
      vertex 77.61 33.6 29.74
      vertex 77.97234666314353 33.5522961568047 29.74
    endloop
  endfacet
  facet normal 0 0 1
    outer loop
      vertex 76.30834878264733 34.90290660370726 29.74
      vertex 77.24765333685647 33.5522961568047 29.74
      vertex 76.94243719813106 35.124783736545474 29.74
    endloop
  endfacet
  facet normal 0 0 1
    outer loop
      vertex 76.94243719813106 35.124783736545474 29.74
      vertex 77.61 33.6 29.74
      vertex 77.61 35.2 29.74
    endloop
  endfacet
  facet normal 0 0 1
    outer loop
      vertex 77.61 35.2 29.74
      vertex 77.97234666314353 33.5522961568047 29.74
      vertex 78.27756280186894 35.124783736545474 29.74
    endloop
  endfacet
  facet normal 0 0 1
    outer loop
      vertex 78.27756280186894 35.124783736545474 29.74
      vertex 78.31 33.41243556529822 29.74
      vertex 78.59994949366117 33.18994949366117 29.74
    endloop
  endfacet
  facet normal 0 0 1
    outer loop
      vertex 78.27756280186894 35.124783736545474 29.74
      vertex 77.97234666314353 33.5522961568047 29.74
      vertex 78.31 33.41243556529822 29.74
    endloop
  endfacet
  facet normal 0 0 1
    outer loop
      vertex 78.27756280186894 35.124783736545474 29.74
      vertex 78.59994949366117 33.18994949366117 29.74
      vertex 78.91165121735267 34.90290660370726 29.74
    endloop
  endfacet
  facet normal 0 0 1
    outer loop
      vertex 78.91165121735267 34.90290660370726 29.74
      vertex 78.59994949366117 33.18994949366117 29.74
      vertex 78.8224355652982 32.900000000000006 29.74
    endloop
  endfacet
  facet normal -1 0 0
    outer loop
      vertex 41.129999999999995 39 2
      vertex 41.129999999999995 39 8.6
      vertex 41.129999999999995 64.95 2
    endloop
  endfacet
  facet normal 0 0 1
    outer loop
      vertex 41.129999999999995 39 8.6
      vertex 42.64033577811887 38.94390582068268 8.6
      vertex 41.129999999999995 64.95 8.6
    endloop
  endfacet
  facet normal 0 0 1
    outer loop
      vertex 41.129999999999995 64.95 8.6
      vertex 42.64033577811887 38.94390582068268 8.6
      vertex 42.73 39 8.6
    endloop
  endfacet
  facet normal -1 0 0
    outer loop
      vertex 41.129999999999995 39 8.6
      vertex 41.129999999999995 64.95 8.6
      vertex 41.129999999999995 64.95 2
    endloop
  endfacet
  facet normal 0 0 1
    outer loop
      vertex 41.129999999999995 64.95 8.6
      vertex 42.73 39 8.6
      vertex 42.73 64.95 8.6
    endloop
  endfacet
  facet normal 1 0 0
    outer loop
      vertex 42.73 39 2
      vertex 42.73 64.95 8.6
      vertex 42.73 39 8.6
    endloop
  endfacet
  facet normal 1 0 0
    outer loop
      vertex 42.73 39 2
      vertex 42.73 64.95 2
      vertex 42.73 64.95 8.6
    endloop
  endfacet
  facet normal 0 0 1
    outer loop
      vertex 5.787564434701786 31.500000000000004 5
      vertex 5.787564434701786 32.900000000000006 5
      vertex 5.647703843195305 31.837653336856473 5
    endloop
  endfacet
  facet normal 0 0 1
    outer loop
      vertex 5.787564434701786 31.500000000000004 5
      vertex 6.010050506338834 31.210050506338835 5
      vertex 6.010050506338834 33.18994949366117 5
    endloop
  endfacet
  facet normal 0 0 1
    outer loop
      vertex 5.647703843195305 31.837653336856473 5
      vertex 5.647703843195305 32.56234666314353 5
      vertex 5.6 32.2 5
    endloop
  endfacet
  facet normal 0 0 1
    outer loop
      vertex 6.010050506338834 31.210050506338835 5
      vertex 6.3 30.98756443470179 5
      vertex 6.3 33.41243556529822 5
    endloop
  endfacet
  facet normal 0 0 1
    outer loop
      vertex 6.637653336856471 30.84770384319531 5
      vertex 6.637653336856471 33.5522961568047 5
      vertex 6.3 30.98756443470179 5
    endloop
  endfacet
  facet normal 0 0 1
    outer loop
      vertex 5.647703843195305 31.837653336856473 5
      vertex 5.787564434701786 32.900000000000006 5
      vertex 5.647703843195305 32.56234666314353 5
    endloop
  endfacet
  facet normal 0 0 1
    outer loop
      vertex 5.787564434701786 31.500000000000004 5
      vertex 6.010050506338834 33.18994949366117 5
      vertex 5.787564434701786 32.900000000000006 5
    endloop
  endfacet
  facet normal 0 0 1
    outer loop
      vertex 6.010050506338834 31.210050506338835 5
      vertex 6.3 33.41243556529822 5
      vertex 6.010050506338834 33.18994949366117 5
    endloop
  endfacet
  facet normal 0 0 1
    outer loop
      vertex 6.3 30.98756443470179 5
      vertex 6.637653336856471 33.5522961568047 5
      vertex 6.3 33.41243556529822 5
    endloop
  endfacet
  facet normal 0 0 1
    outer loop
      vertex 6.637653336856471 30.84770384319531 5
      vertex 7 30.800000000000004 5
      vertex 7 33.6 5
    endloop
  endfacet
  facet normal 0 0 1
    outer loop
      vertex 7 30.800000000000004 5
      vertex 7.362346663143529 30.84770384319531 5
      vertex 7.362346663143529 33.5522961568047 5
    endloop
  endfacet
  facet normal 0 0 1
    outer loop
      vertex 7.362346663143529 30.84770384319531 5
      vertex 7.7 30.98756443470179 5
      vertex 7.7 33.41243556529822 5
    endloop
  endfacet
  facet normal 0 0 1
    outer loop
      vertex 7.7 30.98756443470179 5
      vertex 7.989949493661166 31.210050506338835 5
      vertex 7.989949493661166 33.18994949366117 5
    endloop
  endfacet
  facet normal 0 0 1
    outer loop
      vertex 6.637653336856471 30.84770384319531 5
      vertex 7 33.6 5
      vertex 6.637653336856471 33.5522961568047 5
    endloop
  endfacet
  facet normal 0 0 1
    outer loop
      vertex 7 30.800000000000004 5
      vertex 7.362346663143529 33.5522961568047 5
      vertex 7 33.6 5
    endloop
  endfacet
  facet normal 0 0 1
    outer loop
      vertex 7.362346663143529 30.84770384319531 5
      vertex 7.7 33.41243556529822 5
      vertex 7.362346663143529 33.5522961568047 5
    endloop
  endfacet
  facet normal 0 0 1
    outer loop
      vertex 7.7 30.98756443470179 5
      vertex 7.989949493661166 33.18994949366117 5
      vertex 7.7 33.41243556529822 5
    endloop
  endfacet
  facet normal 0 0 1
    outer loop
      vertex 7.989949493661166 31.210050506338835 5
      vertex 8.212435565298215 31.500000000000004 5
      vertex 8.212435565298215 32.900000000000006 5
    endloop
  endfacet
  facet normal 0 0 1
    outer loop
      vertex 8.212435565298215 31.500000000000004 5
      vertex 8.352296156804696 32.56234666314353 5
      vertex 8.212435565298215 32.900000000000006 5
    endloop
  endfacet
  facet normal 0 0 1
    outer loop
      vertex 8.212435565298215 31.500000000000004 5
      vertex 8.352296156804696 31.837653336856473 5
      vertex 8.352296156804696 32.56234666314353 5
    endloop
  endfacet
  facet normal 0 0 1
    outer loop
      vertex 8.352296156804696 31.837653336856473 5
      vertex 8.4 32.2 5
      vertex 8.352296156804696 32.56234666314353 5
    endloop
  endfacet
  facet normal 0 0 1
    outer loop
      vertex 7.989949493661166 31.210050506338835 5
      vertex 8.212435565298215 32.900000000000006 5
      vertex 7.989949493661166 33.18994949366117 5
    endloop
  endfacet
  facet normal 0.6087614290087192 0.7933533402912363 0
    outer loop
      vertex 6.010050506338834 31.210050506338835 5
      vertex 6.010050506338834 31.210050506338835 29.74
      vertex 6.3 30.98756443470179 5
    endloop
  endfacet
  facet normal 0.3826834323650859 0.9238795325112884 -2.158145676673922e-19
    outer loop
      vertex 6.637653336856471 30.84770384319531 5
      vertex 6.3 30.98756443470179 5
      vertex 6.3 30.98756443470179 29.74
    endloop
  endfacet
  facet normal 0.13052619222005074 0.9914448613738106 0
    outer loop
      vertex 6.637653336856471 30.84770384319531 5
      vertex 6.637653336856471 30.84770384319531 29.74
      vertex 7 30.800000000000004 5
    endloop
  endfacet
  facet normal -0.13052619222005074 0.9914448613738106 0
    outer loop
      vertex 7 30.800000000000004 5
      vertex 7 30.800000000000004 29.74
      vertex 7.362346663143529 30.84770384319531 5
    endloop
  endfacet
  facet normal -0.3826834323650859 0.9238795325112884 0
    outer loop
      vertex 7.362346663143529 30.84770384319531 5
      vertex 7.362346663143529 30.84770384319531 29.74
      vertex 7.7 30.98756443470179 5
    endloop
  endfacet
  facet normal -0.6087614290087192 0.7933533402912363 0
    outer loop
      vertex 7.7 30.98756443470179 5
      vertex 7.7 30.98756443470179 29.74
      vertex 7.989949493661166 31.210050506338835 5
    endloop
  endfacet
  facet normal 0.7933533402912378 0.6087614290087172 0
    outer loop
      vertex 5.787564434701786 31.500000000000004 5
      vertex 5.787564434701786 31.500000000000004 29.74
      vertex 6.010050506338834 31.210050506338835 5
    endloop
  endfacet
  facet normal 0.9238795325112861 0.38268343236509167 6.433874284372057e-20
    outer loop
      vertex 5.787564434701786 31.500000000000004 5
      vertex 5.647703843195305 31.837653336856473 5
      vertex 5.647703843195305 31.837653336856473 29.74
    endloop
  endfacet
  facet normal 0.9914448613738103 0.13052619222005282 -9.047745736046139e-21
    outer loop
      vertex 5.647703843195305 31.837653336856473 5
      vertex 5.6 32.2 5
      vertex 5.6 32.2 29.74
    endloop
  endfacet
  facet normal 0.99144486137381 -0.13052619222005404 6.708970546795773e-20
    outer loop
      vertex 5.6 32.2 5
      vertex 5.647703843195305 32.56234666314353 5
      vertex 5.647703843195305 32.56234666314353 29.74
    endloop
  endfacet
  facet normal 0.9238795325112887 -0.38268343236508473 1.0238062165090779e-19
    outer loop
      vertex 5.647703843195305 32.56234666314353 5
      vertex 5.787564434701786 32.900000000000006 5
      vertex 5.787564434701786 32.900000000000006 29.74
    endloop
  endfacet
  facet normal 0.7933533402912305 -0.6087614290087265 -1.0818361823182487e-20
    outer loop
      vertex 5.787564434701786 32.900000000000006 5
      vertex 6.010050506338834 33.18994949366117 5
      vertex 6.010050506338834 33.18994949366117 29.74
    endloop
  endfacet
  facet normal 0.6087614290087252 -0.7933533402912315 -2.167245614411756e-19
    outer loop
      vertex 6.010050506338834 33.18994949366117 5
      vertex 6.3 33.41243556529822 5
      vertex 6.3 33.41243556529822 29.74
    endloop
  endfacet
  facet normal -0.3826834323650941 -0.923879532511285 0
    outer loop
      vertex 7.7 33.41243556529822 5
      vertex 7.7 33.41243556529822 29.74
      vertex 7.362346663143529 33.5522961568047 5
    endloop
  endfacet
  facet normal -0.6087614290087252 -0.7933533402912315 2.167245614411756e-19
    outer loop
      vertex 7.7 33.41243556529822 5
      vertex 7.989949493661166 33.18994949366117 5
      vertex 7.989949493661166 33.18994949366117 29.74
    endloop
  endfacet
  facet normal -0.7933533402912366 0.6087614290087188 0
    outer loop
      vertex 7.989949493661166 31.210050506338835 5
      vertex 7.989949493661166 31.210050506338835 29.74
      vertex 8.212435565298215 31.500000000000004 5
    endloop
  endfacet
  facet normal -0.9238795325112861 0.38268343236509167 0
    outer loop
      vertex 8.212435565298215 31.500000000000004 5
      vertex 8.212435565298215 31.500000000000004 29.74
      vertex 8.352296156804696 31.837653336856473 5
    endloop
  endfacet
  facet normal -0.9914448613738107 0.13052619222005044 0
    outer loop
      vertex 8.352296156804696 31.837653336856473 5
      vertex 8.352296156804696 31.837653336856473 29.74
      vertex 8.4 32.2 5
    endloop
  endfacet
  facet normal -0.9914448613738104 -0.13052619222005168 0
    outer loop
      vertex 8.4 32.2 5
      vertex 8.4 32.2 29.74
      vertex 8.352296156804696 32.56234666314353 5
    endloop
  endfacet
  facet normal -0.9238795325112887 -0.38268343236508473 0
    outer loop
      vertex 8.352296156804696 32.56234666314353 5
      vertex 8.352296156804696 32.56234666314353 29.74
      vertex 8.212435565298215 32.900000000000006 5
    endloop
  endfacet
  facet normal -0.7933533402912294 -0.6087614290087282 0
    outer loop
      vertex 8.212435565298215 32.900000000000006 5
      vertex 8.212435565298215 32.900000000000006 29.74
      vertex 7.989949493661166 33.18994949366117 5
    endloop
  endfacet
  facet normal 0.7933533402912378 0.6087614290087172 0
    outer loop
      vertex 6.010050506338834 31.210050506338835 5
      vertex 5.787564434701786 31.500000000000004 29.74
      vertex 6.010050506338834 31.210050506338835 29.74
    endloop
  endfacet
  facet normal 0.6087614290087192 0.7933533402912363 0
    outer loop
      vertex 6.3 30.98756443470179 5
      vertex 6.010050506338834 31.210050506338835 29.74
      vertex 6.3 30.98756443470179 29.74
    endloop
  endfacet
  facet normal 0.3826834323650859 0.9238795325112884 0
    outer loop
      vertex 6.637653336856471 30.84770384319531 5
      vertex 6.3 30.98756443470179 29.74
      vertex 6.637653336856471 30.84770384319531 29.74
    endloop
  endfacet
  facet normal 0.13052619222005074 0.9914448613738106 0
    outer loop
      vertex 7 30.800000000000004 5
      vertex 6.637653336856471 30.84770384319531 29.74
      vertex 7 30.800000000000004 29.74
    endloop
  endfacet
  facet normal -0.13052619222005074 0.9914448613738106 0
    outer loop
      vertex 7.362346663143529 30.84770384319531 5
      vertex 7 30.800000000000004 29.74
      vertex 7.362346663143529 30.84770384319531 29.74
    endloop
  endfacet
  facet normal -0.3826834323650859 0.9238795325112884 0
    outer loop
      vertex 7.7 30.98756443470179 5
      vertex 7.362346663143529 30.84770384319531 29.74
      vertex 7.7 30.98756443470179 29.74
    endloop
  endfacet
  facet normal -0.6087614290087192 0.7933533402912363 0
    outer loop
      vertex 7.989949493661166 31.210050506338835 5
      vertex 7.7 30.98756443470179 29.74
      vertex 7.989949493661166 31.210050506338835 29.74
    endloop
  endfacet
  facet normal 0.9238795325112861 0.38268343236509167 0
    outer loop
      vertex 5.787564434701786 31.500000000000004 5
      vertex 5.647703843195305 31.837653336856473 29.74
      vertex 5.787564434701786 31.500000000000004 29.74
    endloop
  endfacet
  facet normal 0.99144486137381 -0.13052619222005404 0
    outer loop
      vertex 5.6 32.2 5
      vertex 5.647703843195305 32.56234666314353 29.74
      vertex 5.6 32.2 29.74
    endloop
  endfacet
  facet normal 0.9914448613738103 0.13052619222005282 0
    outer loop
      vertex 5.647703843195305 31.837653336856473 5
      vertex 5.6 32.2 29.74
      vertex 5.647703843195305 31.837653336856473 29.74
    endloop
  endfacet
  facet normal 0.9238795325112887 -0.38268343236508473 0
    outer loop
      vertex 5.647703843195305 32.56234666314353 5
      vertex 5.787564434701786 32.900000000000006 29.74
      vertex 5.647703843195305 32.56234666314353 29.74
    endloop
  endfacet
  facet normal 0.7933533402912305 -0.6087614290087265 0
    outer loop
      vertex 5.787564434701786 32.900000000000006 5
      vertex 6.010050506338834 33.18994949366117 29.74
      vertex 5.787564434701786 32.900000000000006 29.74
    endloop
  endfacet
  facet normal 0.6087614290087252 -0.7933533402912315 0
    outer loop
      vertex 6.010050506338834 33.18994949366117 5
      vertex 6.3 33.41243556529822 29.74
      vertex 6.010050506338834 33.18994949366117 29.74
    endloop
  endfacet
  facet normal 0.3826834323650941 -0.923879532511285 0
    outer loop
      vertex 6.3 33.41243556529822 5
      vertex 6.637653336856471 33.5522961568047 29.74
      vertex 6.3 33.41243556529822 29.74
    endloop
  endfacet
  facet normal -0.6087614290087252 -0.7933533402912315 0
    outer loop
      vertex 7.7 33.41243556529822 5
      vertex 7.989949493661166 33.18994949366117 29.74
      vertex 7.7 33.41243556529822 29.74
    endloop
  endfacet
  facet normal -0.7933533402912366 0.6087614290087188 0
    outer loop
      vertex 8.212435565298215 31.500000000000004 5
      vertex 7.989949493661166 31.210050506338835 29.74
      vertex 8.212435565298215 31.500000000000004 29.74
    endloop
  endfacet
  facet normal -0.9238795325112861 0.38268343236509167 0
    outer loop
      vertex 8.352296156804696 31.837653336856473 5
      vertex 8.212435565298215 31.500000000000004 29.74
      vertex 8.352296156804696 31.837653336856473 29.74
    endloop
  endfacet
  facet normal -0.9914448613738107 0.13052619222005044 0
    outer loop
      vertex 8.4 32.2 5
      vertex 8.352296156804696 31.837653336856473 29.74
      vertex 8.4 32.2 29.74
    endloop
  endfacet
  facet normal -0.9238795325112887 -0.38268343236508473 0
    outer loop
      vertex 8.212435565298215 32.900000000000006 5
      vertex 8.352296156804696 32.56234666314353 29.74
      vertex 8.212435565298215 32.900000000000006 29.74
    endloop
  endfacet
  facet normal -0.9914448613738104 -0.13052619222005168 0
    outer loop
      vertex 8.352296156804696 32.56234666314353 5
      vertex 8.4 32.2 29.74
      vertex 8.352296156804696 32.56234666314353 29.74
    endloop
  endfacet
  facet normal -0.7933533402912294 -0.6087614290087282 0
    outer loop
      vertex 7.989949493661166 33.18994949366117 5
      vertex 8.212435565298215 32.900000000000006 29.74
      vertex 7.989949493661166 33.18994949366117 29.74
    endloop
  endfacet
  facet normal 0.3826834323650941 -0.923879532511285 1.225791648878078e-19
    outer loop
      vertex 6.3 33.41243556529822 5
      vertex 6.637653336856471 33.5522961568047 5
      vertex 6.637653336856471 33.5522961568047 29.74
    endloop
  endfacet
  facet normal 0.13052619222004117 -0.9914448613738118 2.9418661932884057e-21
    outer loop
      vertex 6.637653336856471 33.5522961568047 5
      vertex 7 33.6 5
      vertex 7 33.6 29.74
    endloop
  endfacet
  facet normal -0.13052619222004117 -0.9914448613738118 -2.9418661932884057e-21
    outer loop
      vertex 7 33.6 5
      vertex 7.362346663143529 33.5522961568047 5
      vertex 7.362346663143529 33.5522961568047 29.74
    endloop
  endfacet
  facet normal 0.13052619222004117 -0.9914448613738118 0
    outer loop
      vertex 6.637653336856471 33.5522961568047 5
      vertex 7 33.6 29.74
      vertex 6.637653336856471 33.5522961568047 29.74
    endloop
  endfacet
  facet normal -0.13052619222004117 -0.9914448613738118 0
    outer loop
      vertex 7 33.6 5
      vertex 7.362346663143529 33.5522961568047 29.74
      vertex 7 33.6 29.74
    endloop
  endfacet
  facet normal -0.3826834323650941 -0.923879532511285 0
    outer loop
      vertex 7.362346663143529 33.5522961568047 5
      vertex 7.7 33.41243556529822 29.74
      vertex 7.362346663143529 33.5522961568047 29.74
    endloop
  endfacet
  facet normal 0 0 1
    outer loop
      vertex 27.657564434701786 31.500000000000004 5
      vertex 27.657564434701786 32.900000000000006 5
      vertex 27.517703843195306 31.837653336856473 5
    endloop
  endfacet
  facet normal 0 0 1
    outer loop
      vertex 27.517703843195306 31.837653336856473 5
      vertex 27.517703843195306 32.56234666314353 5
      vertex 27.470000000000002 32.2 5
    endloop
  endfacet
  facet normal 0 0 1
    outer loop
      vertex 27.517703843195306 31.837653336856473 5
      vertex 27.657564434701786 32.900000000000006 5
      vertex 27.517703843195306 32.56234666314353 5
    endloop
  endfacet
  facet normal 0 0 1
    outer loop
      vertex 27.657564434701786 31.500000000000004 5
      vertex 27.880050506338833 33.18994949366117 5
      vertex 27.657564434701786 32.900000000000006 5
    endloop
  endfacet
  facet normal 0 0 1
    outer loop
      vertex 27.880050506338833 31.210050506338835 5
      vertex 28.17 30.98756443470179 5
      vertex 28.17 33.41243556529822 5
    endloop
  endfacet
  facet normal 0 0 1
    outer loop
      vertex 28.50765333685647 30.84770384319531 5
      vertex 28.50765333685647 33.5522961568047 5
      vertex 28.17 30.98756443470179 5
    endloop
  endfacet
  facet normal 0 0 1
    outer loop
      vertex 27.657564434701786 31.500000000000004 5
      vertex 27.880050506338833 31.210050506338835 5
      vertex 27.880050506338833 33.18994949366117 5
    endloop
  endfacet
  facet normal 0 0 1
    outer loop
      vertex 28.50765333685647 30.84770384319531 5
      vertex 28.87 30.800000000000004 5
      vertex 28.87 33.6 5
    endloop
  endfacet
  facet normal 0 0 1
    outer loop
      vertex 27.880050506338833 31.210050506338835 5
      vertex 28.17 33.41243556529822 5
      vertex 27.880050506338833 33.18994949366117 5
    endloop
  endfacet
  facet normal 0 0 1
    outer loop
      vertex 28.17 30.98756443470179 5
      vertex 28.50765333685647 33.5522961568047 5
      vertex 28.17 33.41243556529822 5
    endloop
  endfacet
  facet normal 0 0 1
    outer loop
      vertex 28.50765333685647 30.84770384319531 5
      vertex 28.87 33.6 5
      vertex 28.50765333685647 33.5522961568047 5
    endloop
  endfacet
  facet normal 0 0 1
    outer loop
      vertex 28.87 30.800000000000004 5
      vertex 29.23234666314353 33.5522961568047 5
      vertex 28.87 33.6 5
    endloop
  endfacet
  facet normal 0 0 1
    outer loop
      vertex 28.87 30.800000000000004 5
      vertex 29.23234666314353 30.84770384319531 5
      vertex 29.23234666314353 33.5522961568047 5
    endloop
  endfacet
  facet normal 0 0 1
    outer loop
      vertex 29.23234666314353 30.84770384319531 5
      vertex 29.57 30.98756443470179 5
      vertex 29.57 33.41243556529822 5
    endloop
  endfacet
  facet normal 0 0 1
    outer loop
      vertex 29.57 30.98756443470179 5
      vertex 29.85994949366117 31.210050506338835 5
      vertex 29.85994949366117 33.18994949366117 5
    endloop
  endfacet
  facet normal 0 0 1
    outer loop
      vertex 29.85994949366117 31.210050506338835 5
      vertex 30.082435565298216 31.500000000000004 5
      vertex 30.082435565298216 32.900000000000006 5
    endloop
  endfacet
  facet normal 0 0 1
    outer loop
      vertex 30.082435565298216 31.500000000000004 5
      vertex 30.222296156804695 31.837653336856473 5
      vertex 30.222296156804695 32.56234666314353 5
    endloop
  endfacet
  facet normal 0 0 1
    outer loop
      vertex 30.222296156804695 31.837653336856473 5
      vertex 30.27 32.2 5
      vertex 30.222296156804695 32.56234666314353 5
    endloop
  endfacet
  facet normal 0 0 1
    outer loop
      vertex 30.082435565298216 31.500000000000004 5
      vertex 30.222296156804695 32.56234666314353 5
      vertex 30.082435565298216 32.900000000000006 5
    endloop
  endfacet
  facet normal 0 0 1
    outer loop
      vertex 29.23234666314353 30.84770384319531 5
      vertex 29.57 33.41243556529822 5
      vertex 29.23234666314353 33.5522961568047 5
    endloop
  endfacet
  facet normal 0 0 1
    outer loop
      vertex 29.57 30.98756443470179 5
      vertex 29.85994949366117 33.18994949366117 5
      vertex 29.57 33.41243556529822 5
    endloop
  endfacet
  facet normal 0 0 1
    outer loop
      vertex 29.85994949366117 31.210050506338835 5
      vertex 30.082435565298216 32.900000000000006 5
      vertex 29.85994949366117 33.18994949366117 5
    endloop
  endfacet
  facet normal 0.6087614290087157 0.7933533402912389 0
    outer loop
      vertex 27.880050506338833 31.210050506338835 5
      vertex 27.880050506338833 31.210050506338835 29.74
      vertex 28.17 30.98756443470179 5
    endloop
  endfacet
  facet normal 0.38268343236508756 0.9238795325112876 -3.659904945417485e-19
    outer loop
      vertex 28.50765333685647 30.84770384319531 5
      vertex 28.17 30.98756443470179 5
      vertex 28.17 30.98756443470179 29.74
    endloop
  endfacet
  facet normal 0.13052619222005044 0.9914448613738107 0
    outer loop
      vertex 28.50765333685647 30.84770384319531 5
      vertex 28.50765333685647 30.84770384319531 29.74
      vertex 28.87 30.800000000000004 5
    endloop
  endfacet
  facet normal -0.13052619222005044 0.9914448613738107 0
    outer loop
      vertex 28.87 30.800000000000004 5
      vertex 28.87 30.800000000000004 29.74
      vertex 29.23234666314353 30.84770384319531 5
    endloop
  endfacet
  facet normal 0.7933533402912389 0.6087614290087157 0
    outer loop
      vertex 27.657564434701786 31.500000000000004 5
      vertex 27.657564434701786 31.500000000000004 29.74
      vertex 27.880050506338833 31.210050506338835 5
    endloop
  endfacet
  facet normal 0.9238795325112876 0.38268343236508756 -3.659904945417485e-19
    outer loop
      vertex 27.657564434701786 31.500000000000004 5
      vertex 27.517703843195306 31.837653336856473 5
      vertex 27.517703843195306 31.837653336856473 29.74
    endloop
  endfacet
  facet normal 0.9914448613738107 0.13052619222005044 -1.0085235583964307e-19
    outer loop
      vertex 27.517703843195306 31.837653336856473 5
      vertex 27.470000000000002 32.2 5
      vertex 27.470000000000002 32.2 29.74
    endloop
  endfacet
  facet normal 0.9914448613738104 -0.13052619222005168 1.5889431557190454e-19
    outer loop
      vertex 27.470000000000002 32.2 5
      vertex 27.517703843195306 32.56234666314353 5
      vertex 27.517703843195306 32.56234666314353 29.74
    endloop
  endfacet
  facet normal 0.9238795325112904 -0.3826834323650806 -2.347132129556688e-19
    outer loop
      vertex 27.517703843195306 32.56234666314353 5
      vertex 27.657564434701786 32.900000000000006 5
      vertex 27.657564434701786 32.900000000000006 29.74
    endloop
  endfacet
  facet normal 0.7933533402912317 -0.6087614290087251 6.694751869310006e-19
    outer loop
      vertex 27.657564434701786 32.900000000000006 5
      vertex 27.880050506338833 33.18994949366117 5
      vertex 27.880050506338833 33.18994949366117 29.74
    endloop
  endfacet
  facet normal 0.6087614290087218 -0.7933533402912343 -6.505860374357559e-19
    outer loop
      vertex 27.880050506338833 33.18994949366117 5
      vertex 28.17 33.41243556529822 5
      vertex 28.17 33.41243556529822 29.74
    endloop
  endfacet
  facet normal -0.38268343236508756 0.9238795325112876 0
    outer loop
      vertex 29.23234666314353 30.84770384319531 5
      vertex 29.23234666314353 30.84770384319531 29.74
      vertex 29.57 30.98756443470179 5
    endloop
  endfacet
  facet normal -0.6087614290087157 0.7933533402912389 0
    outer loop
      vertex 29.57 30.98756443470179 5
      vertex 29.57 30.98756443470179 29.74
      vertex 29.85994949366117 31.210050506338835 5
    endloop
  endfacet
  facet normal -0.7933533402912389 0.6087614290087157 0
    outer loop
      vertex 29.85994949366117 31.210050506338835 5
      vertex 29.85994949366117 31.210050506338835 29.74
      vertex 30.082435565298216 31.500000000000004 5
    endloop
  endfacet
  facet normal -0.9238795325112876 0.38268343236508756 0
    outer loop
      vertex 30.082435565298216 31.500000000000004 5
      vertex 30.082435565298216 31.500000000000004 29.74
      vertex 30.222296156804695 31.837653336856473 5
    endloop
  endfacet
  facet normal -0.9914448613738107 0.13052619222005044 0
    outer loop
      vertex 30.222296156804695 31.837653336856473 5
      vertex 30.222296156804695 31.837653336856473 29.74
      vertex 30.27 32.2 5
    endloop
  endfacet
  facet normal -0.9914448613738104 -0.13052619222005168 0
    outer loop
      vertex 30.27 32.2 5
      vertex 30.27 32.2 29.74
      vertex 30.222296156804695 32.56234666314353 5
    endloop
  endfacet
  facet normal -0.3826834323650958 -0.9238795325112842 0
    outer loop
      vertex 29.57 33.41243556529822 5
      vertex 29.57 33.41243556529822 29.74
      vertex 29.23234666314353 33.5522961568047 5
    endloop
  endfacet
  facet normal -0.9238795325112904 -0.3826834323650806 0
    outer loop
      vertex 30.222296156804695 32.56234666314353 5
      vertex 30.222296156804695 32.56234666314353 29.74
      vertex 30.082435565298216 32.900000000000006 5
    endloop
  endfacet
  facet normal -0.7933533402912317 -0.6087614290087251 0
    outer loop
      vertex 30.082435565298216 32.900000000000006 5
      vertex 30.082435565298216 32.900000000000006 29.74
      vertex 29.85994949366117 33.18994949366117 5
    endloop
  endfacet
  facet normal -0.6087614290087218 -0.7933533402912343 6.505860374357559e-19
    outer loop
      vertex 29.57 33.41243556529822 5
      vertex 29.85994949366117 33.18994949366117 5
      vertex 29.85994949366117 33.18994949366117 29.74
    endloop
  endfacet
  facet normal 0.6087614290087157 0.7933533402912389 0
    outer loop
      vertex 28.17 30.98756443470179 5
      vertex 27.880050506338833 31.210050506338835 29.74
      vertex 28.17 30.98756443470179 29.74
    endloop
  endfacet
  facet normal 0.7933533402912389 0.6087614290087157 0
    outer loop
      vertex 27.880050506338833 31.210050506338835 5
      vertex 27.657564434701786 31.500000000000004 29.74
      vertex 27.880050506338833 31.210050506338835 29.74
    endloop
  endfacet
  facet normal 0.38268343236508756 0.9238795325112876 0
    outer loop
      vertex 28.50765333685647 30.84770384319531 5
      vertex 28.17 30.98756443470179 29.74
      vertex 28.50765333685647 30.84770384319531 29.74
    endloop
  endfacet
  facet normal 0.13052619222005044 0.9914448613738107 0
    outer loop
      vertex 28.87 30.800000000000004 5
      vertex 28.50765333685647 30.84770384319531 29.74
      vertex 28.87 30.800000000000004 29.74
    endloop
  endfacet
  facet normal 0.9238795325112876 0.38268343236508756 0
    outer loop
      vertex 27.657564434701786 31.500000000000004 5
      vertex 27.517703843195306 31.837653336856473 29.74
      vertex 27.657564434701786 31.500000000000004 29.74
    endloop
  endfacet
  facet normal 0.9914448613738107 0.13052619222005044 0
    outer loop
      vertex 27.517703843195306 31.837653336856473 5
      vertex 27.470000000000002 32.2 29.74
      vertex 27.517703843195306 31.837653336856473 29.74
    endloop
  endfacet
  facet normal 0.9914448613738104 -0.13052619222005168 0
    outer loop
      vertex 27.470000000000002 32.2 5
      vertex 27.517703843195306 32.56234666314353 29.74
      vertex 27.470000000000002 32.2 29.74
    endloop
  endfacet
  facet normal 0.9238795325112904 -0.3826834323650806 0
    outer loop
      vertex 27.517703843195306 32.56234666314353 5
      vertex 27.657564434701786 32.900000000000006 29.74
      vertex 27.517703843195306 32.56234666314353 29.74
    endloop
  endfacet
  facet normal 0.7933533402912317 -0.6087614290087251 0
    outer loop
      vertex 27.657564434701786 32.900000000000006 5
      vertex 27.880050506338833 33.18994949366117 29.74
      vertex 27.657564434701786 32.900000000000006 29.74
    endloop
  endfacet
  facet normal 0.6087614290087218 -0.7933533402912343 0
    outer loop
      vertex 27.880050506338833 33.18994949366117 5
      vertex 28.17 33.41243556529822 29.74
      vertex 27.880050506338833 33.18994949366117 29.74
    endloop
  endfacet
  facet normal 0.3826834323650958 -0.9238795325112842 0
    outer loop
      vertex 28.17 33.41243556529822 5
      vertex 28.50765333685647 33.5522961568047 29.74
      vertex 28.17 33.41243556529822 29.74
    endloop
  endfacet
  facet normal -0.13052619222005044 0.9914448613738107 0
    outer loop
      vertex 29.23234666314353 30.84770384319531 5
      vertex 28.87 30.800000000000004 29.74
      vertex 29.23234666314353 30.84770384319531 29.74
    endloop
  endfacet
  facet normal -0.38268343236508756 0.9238795325112876 0
    outer loop
      vertex 29.57 30.98756443470179 5
      vertex 29.23234666314353 30.84770384319531 29.74
      vertex 29.57 30.98756443470179 29.74
    endloop
  endfacet
  facet normal -0.6087614290087157 0.7933533402912389 0
    outer loop
      vertex 29.85994949366117 31.210050506338835 5
      vertex 29.57 30.98756443470179 29.74
      vertex 29.85994949366117 31.210050506338835 29.74
    endloop
  endfacet
  facet normal -0.7933533402912389 0.6087614290087157 0
    outer loop
      vertex 30.082435565298216 31.500000000000004 5
      vertex 29.85994949366117 31.210050506338835 29.74
      vertex 30.082435565298216 31.500000000000004 29.74
    endloop
  endfacet
  facet normal -0.9238795325112876 0.38268343236508756 0
    outer loop
      vertex 30.222296156804695 31.837653336856473 5
      vertex 30.082435565298216 31.500000000000004 29.74
      vertex 30.222296156804695 31.837653336856473 29.74
    endloop
  endfacet
  facet normal -0.9914448613738107 0.13052619222005044 0
    outer loop
      vertex 30.27 32.2 5
      vertex 30.222296156804695 31.837653336856473 29.74
      vertex 30.27 32.2 29.74
    endloop
  endfacet
  facet normal -0.6087614290087218 -0.7933533402912343 0
    outer loop
      vertex 29.57 33.41243556529822 5
      vertex 29.85994949366117 33.18994949366117 29.74
      vertex 29.57 33.41243556529822 29.74
    endloop
  endfacet
  facet normal -0.9914448613738104 -0.13052619222005168 0
    outer loop
      vertex 30.222296156804695 32.56234666314353 5
      vertex 30.27 32.2 29.74
      vertex 30.222296156804695 32.56234666314353 29.74
    endloop
  endfacet
  facet normal -0.9238795325112904 -0.3826834323650806 0
    outer loop
      vertex 30.082435565298216 32.900000000000006 5
      vertex 30.222296156804695 32.56234666314353 29.74
      vertex 30.082435565298216 32.900000000000006 29.74
    endloop
  endfacet
  facet normal -0.7933533402912317 -0.6087614290087251 0
    outer loop
      vertex 29.85994949366117 33.18994949366117 5
      vertex 30.082435565298216 32.900000000000006 29.74
      vertex 29.85994949366117 33.18994949366117 29.74
    endloop
  endfacet
  facet normal 0.3826834323650958 -0.9238795325112842 2.727550917614652e-19
    outer loop
      vertex 28.17 33.41243556529822 5
      vertex 28.50765333685647 33.5522961568047 5
      vertex 28.50765333685647 33.5522961568047 29.74
    endloop
  endfacet
  facet normal 0.13052619222004086 -0.9914448613738118 8.43592602587058e-20
    outer loop
      vertex 28.50765333685647 33.5522961568047 5
      vertex 28.87 33.6 5
      vertex 28.87 33.6 29.74
    endloop
  endfacet
  facet normal -0.13052619222004086 -0.9914448613738118 -8.43592602587058e-20
    outer loop
      vertex 28.87 33.6 5
      vertex 29.23234666314353 33.5522961568047 5
      vertex 29.23234666314353 33.5522961568047 29.74
    endloop
  endfacet
  facet normal 0.13052619222004086 -0.9914448613738118 0
    outer loop
      vertex 28.50765333685647 33.5522961568047 5
      vertex 28.87 33.6 29.74
      vertex 28.50765333685647 33.5522961568047 29.74
    endloop
  endfacet
  facet normal -0.13052619222004086 -0.9914448613738118 0
    outer loop
      vertex 28.87 33.6 5
      vertex 29.23234666314353 33.5522961568047 29.74
      vertex 28.87 33.6 29.74
    endloop
  endfacet
  facet normal -0.3826834323650958 -0.9238795325112842 0
    outer loop
      vertex 29.23234666314353 33.5522961568047 5
      vertex 29.57 33.41243556529822 29.74
      vertex 29.23234666314353 33.5522961568047 29.74
    endloop
  endfacet
  facet normal 0 0 1
    outer loop
      vertex 54.52756443470179 31.500000000000004 5
      vertex 54.52756443470179 32.900000000000006 5
      vertex 54.387703843195304 31.837653336856473 5
    endloop
  endfacet
  facet normal 0 0 1
    outer loop
      vertex 54.387703843195304 31.837653336856473 5
      vertex 54.387703843195304 32.56234666314353 5
      vertex 54.34 32.2 5
    endloop
  endfacet
  facet normal 0 0 1
    outer loop
      vertex 54.75005050633884 31.210050506338835 5
      vertex 54.75005050633884 33.18994949366117 5
      vertex 54.52756443470179 31.500000000000004 5
    endloop
  endfacet
  facet normal 0 0 1
    outer loop
      vertex 54.75005050633884 31.210050506338835 5
      vertex 55.04 30.98756443470179 5
      vertex 55.04 33.41243556529822 5
    endloop
  endfacet
  facet normal 0 0 1
    outer loop
      vertex 55.377653336856476 30.84770384319531 5
      vertex 55.377653336856476 33.5522961568047 5
      vertex 55.04 30.98756443470179 5
    endloop
  endfacet
  facet normal 0 0 1
    outer loop
      vertex 54.387703843195304 31.837653336856473 5
      vertex 54.52756443470179 32.900000000000006 5
      vertex 54.387703843195304 32.56234666314353 5
    endloop
  endfacet
  facet normal 0 0 1
    outer loop
      vertex 54.52756443470179 31.500000000000004 5
      vertex 54.75005050633884 33.18994949366117 5
      vertex 54.52756443470179 32.900000000000006 5
    endloop
  endfacet
  facet normal 0 0 1
    outer loop
      vertex 54.75005050633884 31.210050506338835 5
      vertex 55.04 33.41243556529822 5
      vertex 54.75005050633884 33.18994949366117 5
    endloop
  endfacet
  facet normal 0 0 1
    outer loop
      vertex 55.04 30.98756443470179 5
      vertex 55.377653336856476 33.5522961568047 5
      vertex 55.04 33.41243556529822 5
    endloop
  endfacet
  facet normal 0 0 1
    outer loop
      vertex 55.377653336856476 30.84770384319531 5
      vertex 55.74 33.6 5
      vertex 55.377653336856476 33.5522961568047 5
    endloop
  endfacet
  facet normal 0 0 1
    outer loop
      vertex 55.377653336856476 30.84770384319531 5
      vertex 55.74 30.800000000000004 5
      vertex 55.74 33.6 5
    endloop
  endfacet
  facet normal 0 0 1
    outer loop
      vertex 55.74 30.800000000000004 5
      vertex 56.10234666314353 30.84770384319531 5
      vertex 56.10234666314353 33.5522961568047 5
    endloop
  endfacet
  facet normal 0 0 1
    outer loop
      vertex 56.10234666314353 30.84770384319531 5
      vertex 56.440000000000005 30.98756443470179 5
      vertex 56.440000000000005 33.41243556529822 5
    endloop
  endfacet
  facet normal 0 0 1
    outer loop
      vertex 56.440000000000005 30.98756443470179 5
      vertex 56.72994949366117 31.210050506338835 5
      vertex 56.72994949366117 33.18994949366117 5
    endloop
  endfacet
  facet normal 0 0 1
    outer loop
      vertex 55.74 30.800000000000004 5
      vertex 56.10234666314353 33.5522961568047 5
      vertex 55.74 33.6 5
    endloop
  endfacet
  facet normal 0 0 1
    outer loop
      vertex 56.10234666314353 30.84770384319531 5
      vertex 56.440000000000005 33.41243556529822 5
      vertex 56.10234666314353 33.5522961568047 5
    endloop
  endfacet
  facet normal 0 0 1
    outer loop
      vertex 56.440000000000005 30.98756443470179 5
      vertex 56.72994949366117 33.18994949366117 5
      vertex 56.440000000000005 33.41243556529822 5
    endloop
  endfacet
  facet normal 0 0 1
    outer loop
      vertex 56.72994949366117 31.210050506338835 5
      vertex 56.95243556529822 32.900000000000006 5
      vertex 56.72994949366117 33.18994949366117 5
    endloop
  endfacet
  facet normal 0 0 1
    outer loop
      vertex 56.72994949366117 31.210050506338835 5
      vertex 56.95243556529822 31.500000000000004 5
      vertex 56.95243556529822 32.900000000000006 5
    endloop
  endfacet
  facet normal 0 0 1
    outer loop
      vertex 56.95243556529822 31.500000000000004 5
      vertex 57.0922961568047 31.837653336856473 5
      vertex 57.0922961568047 32.56234666314353 5
    endloop
  endfacet
  facet normal 0 0 1
    outer loop
      vertex 56.95243556529822 31.500000000000004 5
      vertex 57.0922961568047 32.56234666314353 5
      vertex 56.95243556529822 32.900000000000006 5
    endloop
  endfacet
  facet normal 0 0 1
    outer loop
      vertex 57.0922961568047 31.837653336856473 5
      vertex 57.14 32.2 5
      vertex 57.0922961568047 32.56234666314353 5
    endloop
  endfacet
  facet normal 0.6087614290087251 0.7933533402912317 0
    outer loop
      vertex 54.75005050633884 31.210050506338835 5
      vertex 54.75005050633884 31.210050506338835 29.74
      vertex 55.04 30.98756443470179 5
    endloop
  endfacet
  facet normal 0.13052619222005168 0.9914448613738104 0
    outer loop
      vertex 55.377653336856476 30.84770384319531 5
      vertex 55.377653336856476 30.84770384319531 29.74
      vertex 55.74 30.800000000000004 5
    endloop
  endfacet
  facet normal 0.3826834323650806 0.9238795325112904 2.347132129556688e-19
    outer loop
      vertex 55.377653336856476 30.84770384319531 5
      vertex 55.04 30.98756443470179 5
      vertex 55.04 30.98756443470179 29.74
    endloop
  endfacet
  facet normal 0.9238795325112842 0.3826834323650958 -2.727550917614652e-19
    outer loop
      vertex 54.52756443470179 31.500000000000004 5
      vertex 54.387703843195304 31.837653336856473 5
      vertex 54.387703843195304 31.837653336856473 29.74
    endloop
  endfacet
  facet normal 0.7933533402912343 0.6087614290087218 6.505860374357559e-19
    outer loop
      vertex 54.75005050633884 31.210050506338835 5
      vertex 54.52756443470179 31.500000000000004 5
      vertex 54.52756443470179 31.500000000000004 29.74
    endloop
  endfacet
  facet normal 0.9914448613738118 0.13052619222004086 -8.43592602587058e-20
    outer loop
      vertex 54.387703843195304 31.837653336856473 5
      vertex 54.34 32.2 5
      vertex 54.34 32.2 29.74
    endloop
  endfacet
  facet normal 0.9914448613738116 -0.1305261922200421 1.424012199923631e-19
    outer loop
      vertex 54.34 32.2 5
      vertex 54.387703843195304 32.56234666314353 5
      vertex 54.387703843195304 32.56234666314353 29.74
    endloop
  endfacet
  facet normal 0.9238795325112872 -0.38268343236508895 -3.279486157331564e-19
    outer loop
      vertex 54.387703843195304 32.56234666314353 5
      vertex 54.52756443470179 32.900000000000006 5
      vertex 54.52756443470179 32.900000000000006 29.74
    endloop
  endfacet
  facet normal 0.7933533402912271 -0.6087614290087312 -5.168528641044063e-19
    outer loop
      vertex 54.52756443470179 32.900000000000006 5
      vertex 54.75005050633884 33.18994949366117 5
      vertex 54.75005050633884 33.18994949366117 29.74
    endloop
  endfacet
  facet normal 0.6087614290087312 -0.7933533402912271 -5.168528641044063e-19
    outer loop
      vertex 54.75005050633884 33.18994949366117 5
      vertex 55.04 33.41243556529822 5
      vertex 55.04 33.41243556529822 29.74
    endloop
  endfacet
  facet normal -0.13052619222005168 0.9914448613738104 0
    outer loop
      vertex 55.74 30.800000000000004 5
      vertex 55.74 30.800000000000004 29.74
      vertex 56.10234666314353 30.84770384319531 5
    endloop
  endfacet
  facet normal -0.3826834323650806 0.9238795325112904 0
    outer loop
      vertex 56.10234666314353 30.84770384319531 5
      vertex 56.10234666314353 30.84770384319531 29.74
      vertex 56.440000000000005 30.98756443470179 5
    endloop
  endfacet
  facet normal -0.6087614290087251 0.7933533402912317 0
    outer loop
      vertex 56.440000000000005 30.98756443470179 5
      vertex 56.440000000000005 30.98756443470179 29.74
      vertex 56.72994949366117 31.210050506338835 5
    endloop
  endfacet
  facet normal -0.7933533402912343 0.6087614290087218 0
    outer loop
      vertex 56.72994949366117 31.210050506338835 5
      vertex 56.72994949366117 31.210050506338835 29.74
      vertex 56.95243556529822 31.500000000000004 5
    endloop
  endfacet
  facet normal -0.38268343236508895 -0.9238795325112872 0
    outer loop
      vertex 56.440000000000005 33.41243556529822 5
      vertex 56.440000000000005 33.41243556529822 29.74
      vertex 56.10234666314353 33.5522961568047 5
    endloop
  endfacet
  facet normal -0.6087614290087312 -0.7933533402912271 5.168528641044063e-19
    outer loop
      vertex 56.440000000000005 33.41243556529822 5
      vertex 56.72994949366117 33.18994949366117 5
      vertex 56.72994949366117 33.18994949366117 29.74
    endloop
  endfacet
  facet normal -0.9238795325112842 0.3826834323650958 0
    outer loop
      vertex 56.95243556529822 31.500000000000004 5
      vertex 56.95243556529822 31.500000000000004 29.74
      vertex 57.0922961568047 31.837653336856473 5
    endloop
  endfacet
  facet normal -0.9914448613738118 0.13052619222004086 0
    outer loop
      vertex 57.0922961568047 31.837653336856473 5
      vertex 57.0922961568047 31.837653336856473 29.74
      vertex 57.14 32.2 5
    endloop
  endfacet
  facet normal -0.9914448613738116 -0.1305261922200421 0
    outer loop
      vertex 57.14 32.2 5
      vertex 57.14 32.2 29.74
      vertex 57.0922961568047 32.56234666314353 5
    endloop
  endfacet
  facet normal -0.9238795325112872 -0.38268343236508895 0
    outer loop
      vertex 57.0922961568047 32.56234666314353 5
      vertex 57.0922961568047 32.56234666314353 29.74
      vertex 56.95243556529822 32.900000000000006 5
    endloop
  endfacet
  facet normal -0.7933533402912271 -0.6087614290087312 0
    outer loop
      vertex 56.95243556529822 32.900000000000006 5
      vertex 56.95243556529822 32.900000000000006 29.74
      vertex 56.72994949366117 33.18994949366117 5
    endloop
  endfacet
  facet normal 0.7933533402912343 0.6087614290087218 0
    outer loop
      vertex 54.75005050633884 31.210050506338835 5
      vertex 54.52756443470179 31.500000000000004 29.74
      vertex 54.75005050633884 31.210050506338835 29.74
    endloop
  endfacet
  facet normal 0.6087614290087251 0.7933533402912317 0
    outer loop
      vertex 55.04 30.98756443470179 5
      vertex 54.75005050633884 31.210050506338835 29.74
      vertex 55.04 30.98756443470179 29.74
    endloop
  endfacet
  facet normal 0.3826834323650806 0.9238795325112904 0
    outer loop
      vertex 55.377653336856476 30.84770384319531 5
      vertex 55.04 30.98756443470179 29.74
      vertex 55.377653336856476 30.84770384319531 29.74
    endloop
  endfacet
  facet normal 0.9238795325112842 0.3826834323650958 0
    outer loop
      vertex 54.52756443470179 31.500000000000004 5
      vertex 54.387703843195304 31.837653336856473 29.74
      vertex 54.52756443470179 31.500000000000004 29.74
    endloop
  endfacet
  facet normal 0.9914448613738118 0.13052619222004086 0
    outer loop
      vertex 54.387703843195304 31.837653336856473 5
      vertex 54.34 32.2 29.74
      vertex 54.387703843195304 31.837653336856473 29.74
    endloop
  endfacet
  facet normal 0.9914448613738116 -0.1305261922200421 0
    outer loop
      vertex 54.34 32.2 5
      vertex 54.387703843195304 32.56234666314353 29.74
      vertex 54.34 32.2 29.74
    endloop
  endfacet
  facet normal 0.9238795325112872 -0.38268343236508895 0
    outer loop
      vertex 54.387703843195304 32.56234666314353 5
      vertex 54.52756443470179 32.900000000000006 29.74
      vertex 54.387703843195304 32.56234666314353 29.74
    endloop
  endfacet
  facet normal 0.7933533402912271 -0.6087614290087312 0
    outer loop
      vertex 54.52756443470179 32.900000000000006 5
      vertex 54.75005050633884 33.18994949366117 29.74
      vertex 54.52756443470179 32.900000000000006 29.74
    endloop
  endfacet
  facet normal 0.6087614290087312 -0.7933533402912271 0
    outer loop
      vertex 54.75005050633884 33.18994949366117 5
      vertex 55.04 33.41243556529822 29.74
      vertex 54.75005050633884 33.18994949366117 29.74
    endloop
  endfacet
  facet normal 0.38268343236508895 -0.9238795325112872 0
    outer loop
      vertex 55.04 33.41243556529822 5
      vertex 55.377653336856476 33.5522961568047 29.74
      vertex 55.04 33.41243556529822 29.74
    endloop
  endfacet
  facet normal 0.13052619222005168 0.9914448613738104 0
    outer loop
      vertex 55.74 30.800000000000004 5
      vertex 55.377653336856476 30.84770384319531 29.74
      vertex 55.74 30.800000000000004 29.74
    endloop
  endfacet
  facet normal -0.13052619222005168 0.9914448613738104 0
    outer loop
      vertex 56.10234666314353 30.84770384319531 5
      vertex 55.74 30.800000000000004 29.74
      vertex 56.10234666314353 30.84770384319531 29.74
    endloop
  endfacet
  facet normal -0.3826834323650806 0.9238795325112904 0
    outer loop
      vertex 56.440000000000005 30.98756443470179 5
      vertex 56.10234666314353 30.84770384319531 29.74
      vertex 56.440000000000005 30.98756443470179 29.74
    endloop
  endfacet
  facet normal -0.6087614290087251 0.7933533402912317 0
    outer loop
      vertex 56.72994949366117 31.210050506338835 5
      vertex 56.440000000000005 30.98756443470179 29.74
      vertex 56.72994949366117 31.210050506338835 29.74
    endloop
  endfacet
  facet normal -0.7933533402912271 -0.6087614290087312 0
    outer loop
      vertex 56.72994949366117 33.18994949366117 5
      vertex 56.95243556529822 32.900000000000006 29.74
      vertex 56.72994949366117 33.18994949366117 29.74
    endloop
  endfacet
  facet normal -0.6087614290087312 -0.7933533402912271 0
    outer loop
      vertex 56.440000000000005 33.41243556529822 5
      vertex 56.72994949366117 33.18994949366117 29.74
      vertex 56.440000000000005 33.41243556529822 29.74
    endloop
  endfacet
  facet normal -0.7933533402912343 0.6087614290087218 0
    outer loop
      vertex 56.95243556529822 31.500000000000004 5
      vertex 56.72994949366117 31.210050506338835 29.74
      vertex 56.95243556529822 31.500000000000004 29.74
    endloop
  endfacet
  facet normal -0.9238795325112842 0.3826834323650958 0
    outer loop
      vertex 57.0922961568047 31.837653336856473 5
      vertex 56.95243556529822 31.500000000000004 29.74
      vertex 57.0922961568047 31.837653336856473 29.74
    endloop
  endfacet
  facet normal -0.9914448613738118 0.13052619222004086 0
    outer loop
      vertex 57.14 32.2 5
      vertex 57.0922961568047 31.837653336856473 29.74
      vertex 57.14 32.2 29.74
    endloop
  endfacet
  facet normal -0.9914448613738116 -0.1305261922200421 0
    outer loop
      vertex 57.0922961568047 32.56234666314353 5
      vertex 57.14 32.2 29.74
      vertex 57.0922961568047 32.56234666314353 29.74
    endloop
  endfacet
  facet normal -0.9238795325112872 -0.38268343236508895 0
    outer loop
      vertex 56.95243556529822 32.900000000000006 5
      vertex 57.0922961568047 32.56234666314353 29.74
      vertex 56.95243556529822 32.900000000000006 29.74
    endloop
  endfacet
  facet normal 0.38268343236508895 -0.9238795325112872 -3.279486157331564e-19
    outer loop
      vertex 55.04 33.41243556529822 5
      vertex 55.377653336856476 33.5522961568047 5
      vertex 55.377653336856476 33.5522961568047 29.74
    endloop
  endfacet
  facet normal 0.1305261922200421 -0.9914448613738116 1.424012199923631e-19
    outer loop
      vertex 55.377653336856476 33.5522961568047 5
      vertex 55.74 33.6 5
      vertex 55.74 33.6 29.74
    endloop
  endfacet
  facet normal -0.1305261922200421 -0.9914448613738116 -1.424012199923631e-19
    outer loop
      vertex 55.74 33.6 5
      vertex 56.10234666314353 33.5522961568047 5
      vertex 56.10234666314353 33.5522961568047 29.74
    endloop
  endfacet
  facet normal 0.1305261922200421 -0.9914448613738116 0
    outer loop
      vertex 55.377653336856476 33.5522961568047 5
      vertex 55.74 33.6 29.74
      vertex 55.377653336856476 33.5522961568047 29.74
    endloop
  endfacet
  facet normal -0.1305261922200421 -0.9914448613738116 0
    outer loop
      vertex 55.74 33.6 5
      vertex 56.10234666314353 33.5522961568047 29.74
      vertex 55.74 33.6 29.74
    endloop
  endfacet
  facet normal -0.38268343236508895 -0.9238795325112872 0
    outer loop
      vertex 56.10234666314353 33.5522961568047 5
      vertex 56.440000000000005 33.41243556529822 29.74
      vertex 56.10234666314353 33.5522961568047 29.74
    endloop
  endfacet
  facet normal 0 0 1
    outer loop
      vertex 76.2577038431953 31.837653336856473 5
      vertex 76.2577038431953 32.56234666314353 5
      vertex 76.21 32.2 5
    endloop
  endfacet
  facet normal 0 0 1
    outer loop
      vertex 76.39756443470179 31.500000000000004 5
      vertex 76.39756443470179 32.900000000000006 5
      vertex 76.2577038431953 31.837653336856473 5
    endloop
  endfacet
  facet normal 0 0 1
    outer loop
      vertex 76.62005050633883 31.210050506338835 5
      vertex 76.62005050633883 33.18994949366117 5
      vertex 76.39756443470179 31.500000000000004 5
    endloop
  endfacet
  facet normal 0 0 1
    outer loop
      vertex 76.2577038431953 31.837653336856473 5
      vertex 76.39756443470179 32.900000000000006 5
      vertex 76.2577038431953 32.56234666314353 5
    endloop
  endfacet
  facet normal 0 0 1
    outer loop
      vertex 76.39756443470179 31.500000000000004 5
      vertex 76.62005050633883 33.18994949366117 5
      vertex 76.39756443470179 32.900000000000006 5
    endloop
  endfacet
  facet normal 0 0 1
    outer loop
      vertex 76.62005050633883 31.210050506338835 5
      vertex 76.91 30.98756443470179 5
      vertex 76.91 33.41243556529822 5
    endloop
  endfacet
  facet normal 0 0 1
    outer loop
      vertex 77.24765333685647 30.84770384319531 5
      vertex 77.24765333685647 33.5522961568047 5
      vertex 76.91 30.98756443470179 5
    endloop
  endfacet
  facet normal 0 0 1
    outer loop
      vertex 77.24765333685647 30.84770384319531 5
      vertex 77.61 30.800000000000004 5
      vertex 77.61 33.6 5
    endloop
  endfacet
  facet normal 0 0 1
    outer loop
      vertex 77.61 30.800000000000004 5
      vertex 77.97234666314353 30.84770384319531 5
      vertex 77.97234666314353 33.5522961568047 5
    endloop
  endfacet
  facet normal 0 0 1
    outer loop
      vertex 76.62005050633883 31.210050506338835 5
      vertex 76.91 33.41243556529822 5
      vertex 76.62005050633883 33.18994949366117 5
    endloop
  endfacet
  facet normal 0 0 1
    outer loop
      vertex 76.91 30.98756443470179 5
      vertex 77.24765333685647 33.5522961568047 5
      vertex 76.91 33.41243556529822 5
    endloop
  endfacet
  facet normal 0 0 1
    outer loop
      vertex 77.24765333685647 30.84770384319531 5
      vertex 77.61 33.6 5
      vertex 77.24765333685647 33.5522961568047 5
    endloop
  endfacet
  facet normal 0 0 1
    outer loop
      vertex 77.61 30.800000000000004 5
      vertex 77.97234666314353 33.5522961568047 5
      vertex 77.61 33.6 5
    endloop
  endfacet
  facet normal 0 0 1
    outer loop
      vertex 77.97234666314353 30.84770384319531 5
      vertex 78.31 30.98756443470179 5
      vertex 78.31 33.41243556529822 5
    endloop
  endfacet
  facet normal 0 0 1
    outer loop
      vertex 78.31 30.98756443470179 5
      vertex 78.59994949366117 31.210050506338835 5
      vertex 78.59994949366117 33.18994949366117 5
    endloop
  endfacet
  facet normal 0 0 1
    outer loop
      vertex 78.59994949366117 31.210050506338835 5
      vertex 78.8224355652982 31.500000000000004 5
      vertex 78.8224355652982 32.900000000000006 5
    endloop
  endfacet
  facet normal 0 0 1
    outer loop
      vertex 78.8224355652982 31.500000000000004 5
      vertex 78.9622961568047 31.837653336856473 5
      vertex 78.9622961568047 32.56234666314353 5
    endloop
  endfacet
  facet normal 0 0 1
    outer loop
      vertex 78.9622961568047 31.837653336856473 5
      vertex 79.01 32.2 5
      vertex 78.9622961568047 32.56234666314353 5
    endloop
  endfacet
  facet normal 0 0 1
    outer loop
      vertex 78.8224355652982 31.500000000000004 5
      vertex 78.9622961568047 32.56234666314353 5
      vertex 78.8224355652982 32.900000000000006 5
    endloop
  endfacet
  facet normal 0 0 1
    outer loop
      vertex 77.97234666314353 30.84770384319531 5
      vertex 78.31 33.41243556529822 5
      vertex 77.97234666314353 33.5522961568047 5
    endloop
  endfacet
  facet normal 0 0 1
    outer loop
      vertex 78.31 30.98756443470179 5
      vertex 78.59994949366117 33.18994949366117 5
      vertex 78.31 33.41243556529822 5
    endloop
  endfacet
  facet normal 0 0 1
    outer loop
      vertex 78.59994949366117 31.210050506338835 5
      vertex 78.8224355652982 32.900000000000006 5
      vertex 78.59994949366117 33.18994949366117 5
    endloop
  endfacet
  facet normal 0.9238795325112773 0.3826834323651124 -8.628428620090065e-20
    outer loop
      vertex 76.39756443470179 31.500000000000004 5
      vertex 76.2577038431953 31.837653336856473 5
      vertex 76.2577038431953 31.837653336856473 29.74
    endloop
  endfacet
  facet normal 0.793353340291253 0.6087614290086973 5.098122652492662e-19
    outer loop
      vertex 76.62005050633883 31.210050506338835 5
      vertex 76.39756443470179 31.500000000000004 5
      vertex 76.39756443470179 31.500000000000004 29.74
    endloop
  endfacet
  facet normal 0.9914448613738093 0.13052619222005996 -1.1734545142058029e-19
    outer loop
      vertex 76.2577038431953 31.837653336856473 5
      vertex 76.21 32.2 5
      vertex 76.21 32.2 29.74
    endloop
  endfacet
  facet normal 0.991444861373809 -0.1305261922200612 1.753874111514459e-19
    outer loop
      vertex 76.21 32.2 5
      vertex 76.2577038431953 32.56234666314353 5
      vertex 76.2577038431953 32.56234666314353 29.74
    endloop
  endfacet
  facet normal 0.9238795325112803 -0.38268343236510555 2.5300365070250446e-19
    outer loop
      vertex 76.2577038431953 32.56234666314353 5
      vertex 76.39756443470179 32.900000000000006 5
      vertex 76.39756443470179 32.900000000000006 29.74
    endloop
  endfacet
  facet normal 0.7933533402912458 -0.6087614290087067 -3.760790919067437e-19
    outer loop
      vertex 76.39756443470179 32.900000000000006 5
      vertex 76.62005050633883 33.18994949366117 5
      vertex 76.62005050633883 33.18994949366117 29.74
    endloop
  endfacet
  facet normal 0.6087614290087157 0.7933533402912389 0
    outer loop
      vertex 76.62005050633883 31.210050506338835 5
      vertex 76.62005050633883 31.210050506338835 29.74
      vertex 76.91 30.98756443470179 5
    endloop
  endfacet
  facet normal 0.3826834323650806 0.9238795325112904 2.347132129556688e-19
    outer loop
      vertex 77.24765333685647 30.84770384319531 5
      vertex 76.91 30.98756443470179 5
      vertex 76.91 30.98756443470179 29.74
    endloop
  endfacet
  facet normal 0.13052619222005168 0.9914448613738104 0
    outer loop
      vertex 77.24765333685647 30.84770384319531 5
      vertex 77.24765333685647 30.84770384319531 29.74
      vertex 77.61 30.800000000000004 5
    endloop
  endfacet
  facet normal -0.13052619222005168 0.9914448613738104 0
    outer loop
      vertex 77.61 30.800000000000004 5
      vertex 77.61 30.800000000000004 29.74
      vertex 77.97234666314353 30.84770384319531 5
    endloop
  endfacet
  facet normal -0.3826834323650806 0.9238795325112904 0
    outer loop
      vertex 77.97234666314353 30.84770384319531 5
      vertex 77.97234666314353 30.84770384319531 29.74
      vertex 78.31 30.98756443470179 5
    endloop
  endfacet
  facet normal -0.6087614290087157 0.7933533402912389 0
    outer loop
      vertex 78.31 30.98756443470179 5
      vertex 78.31 30.98756443470179 29.74
      vertex 78.59994949366117 31.210050506338835 5
    endloop
  endfacet
  facet normal -0.793353340291253 0.6087614290086973 0
    outer loop
      vertex 78.59994949366117 31.210050506338835 5
      vertex 78.59994949366117 31.210050506338835 29.74
      vertex 78.8224355652982 31.500000000000004 5
    endloop
  endfacet
  facet normal 0.6087614290087218 -0.7933533402912343 -6.505860374357559e-19
    outer loop
      vertex 76.62005050633883 33.18994949366117 5
      vertex 76.91 33.41243556529822 5
      vertex 76.91 33.41243556529822 29.74
    endloop
  endfacet
  facet normal -0.9238795325112773 0.3826834323651124 0
    outer loop
      vertex 78.8224355652982 31.500000000000004 5
      vertex 78.8224355652982 31.500000000000004 29.74
      vertex 78.9622961568047 31.837653336856473 5
    endloop
  endfacet
  facet normal -0.9914448613738093 0.13052619222005996 0
    outer loop
      vertex 78.9622961568047 31.837653336856473 5
      vertex 78.9622961568047 31.837653336856473 29.74
      vertex 79.01 32.2 5
    endloop
  endfacet
  facet normal -0.991444861373809 -0.1305261922200612 0
    outer loop
      vertex 79.01 32.2 5
      vertex 79.01 32.2 29.74
      vertex 78.9622961568047 32.56234666314353 5
    endloop
  endfacet
  facet normal -0.38268343236508895 -0.9238795325112872 0
    outer loop
      vertex 78.31 33.41243556529822 5
      vertex 78.31 33.41243556529822 29.74
      vertex 77.97234666314353 33.5522961568047 5
    endloop
  endfacet
  facet normal -0.6087614290087218 -0.7933533402912343 6.505860374357559e-19
    outer loop
      vertex 78.31 33.41243556529822 5
      vertex 78.59994949366117 33.18994949366117 5
      vertex 78.59994949366117 33.18994949366117 29.74
    endloop
  endfacet
  facet normal -0.9238795325112803 -0.38268343236510555 0
    outer loop
      vertex 78.9622961568047 32.56234666314353 5
      vertex 78.9622961568047 32.56234666314353 29.74
      vertex 78.8224355652982 32.900000000000006 5
    endloop
  endfacet
  facet normal -0.7933533402912458 -0.6087614290087067 0
    outer loop
      vertex 78.8224355652982 32.900000000000006 5
      vertex 78.8224355652982 32.900000000000006 29.74
      vertex 78.59994949366117 33.18994949366117 5
    endloop
  endfacet
  facet normal 0.793353340291253 0.6087614290086973 0
    outer loop
      vertex 76.62005050633883 31.210050506338835 5
      vertex 76.39756443470179 31.500000000000004 29.74
      vertex 76.62005050633883 31.210050506338835 29.74
    endloop
  endfacet
  facet normal 0.9238795325112773 0.3826834323651124 0
    outer loop
      vertex 76.39756443470179 31.500000000000004 5
      vertex 76.2577038431953 31.837653336856473 29.74
      vertex 76.39756443470179 31.500000000000004 29.74
    endloop
  endfacet
  facet normal 0.9914448613738093 0.13052619222005996 0
    outer loop
      vertex 76.2577038431953 31.837653336856473 5
      vertex 76.21 32.2 29.74
      vertex 76.2577038431953 31.837653336856473 29.74
    endloop
  endfacet
  facet normal 0.991444861373809 -0.1305261922200612 0
    outer loop
      vertex 76.21 32.2 5
      vertex 76.2577038431953 32.56234666314353 29.74
      vertex 76.21 32.2 29.74
    endloop
  endfacet
  facet normal 0.9238795325112803 -0.38268343236510555 0
    outer loop
      vertex 76.2577038431953 32.56234666314353 5
      vertex 76.39756443470179 32.900000000000006 29.74
      vertex 76.2577038431953 32.56234666314353 29.74
    endloop
  endfacet
  facet normal 0.7933533402912458 -0.6087614290087067 0
    outer loop
      vertex 76.39756443470179 32.900000000000006 5
      vertex 76.62005050633883 33.18994949366117 29.74
      vertex 76.39756443470179 32.900000000000006 29.74
    endloop
  endfacet
  facet normal 0.6087614290087157 0.7933533402912389 0
    outer loop
      vertex 76.91 30.98756443470179 5
      vertex 76.62005050633883 31.210050506338835 29.74
      vertex 76.91 30.98756443470179 29.74
    endloop
  endfacet
  facet normal 0.3826834323650806 0.9238795325112904 0
    outer loop
      vertex 77.24765333685647 30.84770384319531 5
      vertex 76.91 30.98756443470179 29.74
      vertex 77.24765333685647 30.84770384319531 29.74
    endloop
  endfacet
  facet normal 0.13052619222005168 0.9914448613738104 0
    outer loop
      vertex 77.61 30.800000000000004 5
      vertex 77.24765333685647 30.84770384319531 29.74
      vertex 77.61 30.800000000000004 29.74
    endloop
  endfacet
  facet normal -0.13052619222005168 0.9914448613738104 0
    outer loop
      vertex 77.97234666314353 30.84770384319531 5
      vertex 77.61 30.800000000000004 29.74
      vertex 77.97234666314353 30.84770384319531 29.74
    endloop
  endfacet
  facet normal -0.3826834323650806 0.9238795325112904 0
    outer loop
      vertex 78.31 30.98756443470179 5
      vertex 77.97234666314353 30.84770384319531 29.74
      vertex 78.31 30.98756443470179 29.74
    endloop
  endfacet
  facet normal -0.6087614290087157 0.7933533402912389 0
    outer loop
      vertex 78.59994949366117 31.210050506338835 5
      vertex 78.31 30.98756443470179 29.74
      vertex 78.59994949366117 31.210050506338835 29.74
    endloop
  endfacet
  facet normal 0.6087614290087218 -0.7933533402912343 0
    outer loop
      vertex 76.62005050633883 33.18994949366117 5
      vertex 76.91 33.41243556529822 29.74
      vertex 76.62005050633883 33.18994949366117 29.74
    endloop
  endfacet
  facet normal 0.38268343236508895 -0.9238795325112872 0
    outer loop
      vertex 76.91 33.41243556529822 5
      vertex 77.24765333685647 33.5522961568047 29.74
      vertex 76.91 33.41243556529822 29.74
    endloop
  endfacet
  facet normal -0.793353340291253 0.6087614290086973 0
    outer loop
      vertex 78.8224355652982 31.500000000000004 5
      vertex 78.59994949366117 31.210050506338835 29.74
      vertex 78.8224355652982 31.500000000000004 29.74
    endloop
  endfacet
  facet normal -0.9238795325112773 0.3826834323651124 0
    outer loop
      vertex 78.9622961568047 31.837653336856473 5
      vertex 78.8224355652982 31.500000000000004 29.74
      vertex 78.9622961568047 31.837653336856473 29.74
    endloop
  endfacet
  facet normal -0.9914448613738093 0.13052619222005996 0
    outer loop
      vertex 79.01 32.2 5
      vertex 78.9622961568047 31.837653336856473 29.74
      vertex 79.01 32.2 29.74
    endloop
  endfacet
  facet normal -0.6087614290087218 -0.7933533402912343 0
    outer loop
      vertex 78.31 33.41243556529822 5
      vertex 78.59994949366117 33.18994949366117 29.74
      vertex 78.31 33.41243556529822 29.74
    endloop
  endfacet
  facet normal -0.991444861373809 -0.1305261922200612 0
    outer loop
      vertex 78.9622961568047 32.56234666314353 5
      vertex 79.01 32.2 29.74
      vertex 78.9622961568047 32.56234666314353 29.74
    endloop
  endfacet
  facet normal -0.9238795325112803 -0.38268343236510555 0
    outer loop
      vertex 78.8224355652982 32.900000000000006 5
      vertex 78.9622961568047 32.56234666314353 29.74
      vertex 78.8224355652982 32.900000000000006 29.74
    endloop
  endfacet
  facet normal -0.7933533402912458 -0.6087614290087067 0
    outer loop
      vertex 78.59994949366117 33.18994949366117 5
      vertex 78.8224355652982 32.900000000000006 29.74
      vertex 78.59994949366117 33.18994949366117 29.74
    endloop
  endfacet
  facet normal 0.38268343236508895 -0.9238795325112872 -3.279486157331564e-19
    outer loop
      vertex 76.91 33.41243556529822 5
      vertex 77.24765333685647 33.5522961568047 5
      vertex 77.24765333685647 33.5522961568047 29.74
    endloop
  endfacet
  facet normal 0.1305261922200421 -0.9914448613738116 1.424012199923631e-19
    outer loop
      vertex 77.24765333685647 33.5522961568047 5
      vertex 77.61 33.6 5
      vertex 77.61 33.6 29.74
    endloop
  endfacet
  facet normal -0.1305261922200421 -0.9914448613738116 -1.424012199923631e-19
    outer loop
      vertex 77.61 33.6 5
      vertex 77.97234666314353 33.5522961568047 5
      vertex 77.97234666314353 33.5522961568047 29.74
    endloop
  endfacet
  facet normal 0.1305261922200421 -0.9914448613738116 0
    outer loop
      vertex 77.24765333685647 33.5522961568047 5
      vertex 77.61 33.6 29.74
      vertex 77.24765333685647 33.5522961568047 29.74
    endloop
  endfacet
  facet normal -0.1305261922200421 -0.9914448613738116 0
    outer loop
      vertex 77.61 33.6 5
      vertex 77.97234666314353 33.5522961568047 29.74
      vertex 77.61 33.6 29.74
    endloop
  endfacet
  facet normal -0.38268343236508895 -0.9238795325112872 0
    outer loop
      vertex 77.97234666314353 33.5522961568047 5
      vertex 78.31 33.41243556529822 29.74
      vertex 77.97234666314353 33.5522961568047 29.74
    endloop
  endfacet
  facet normal 0 1 0
    outer loop
      vertex 15.71 7 0
      vertex 12.71 7 0
      vertex 12.71 7 2
    endloop
  endfacet
  facet normal 0 1 0
    outer loop
      vertex 15.71 7 2
      vertex 15.71 7 0
      vertex 12.71 7 2
    endloop
  endfacet
  facet normal 1 0 0
    outer loop
      vertex 12.71 22 2
      vertex 12.71 7 2
      vertex 12.71 7 0
    endloop
  endfacet
  facet normal -1 0 0
    outer loop
      vertex 15.71 7 2
      vertex 15.71 22 0
      vertex 15.71 7 0
    endloop
  endfacet
  facet normal 1 0 0
    outer loop
      vertex 12.71 7 0
      vertex 12.71 22 0
      vertex 12.71 22 2
    endloop
  endfacet
  facet normal -1 0 0
    outer loop
      vertex 15.71 7 2
      vertex 15.71 22 2
      vertex 15.71 22 0
    endloop
  endfacet
  facet normal 0 -1 0
    outer loop
      vertex 15.71 22 2
      vertex 12.71 22 0
      vertex 15.71 22 0
    endloop
  endfacet
  facet normal 0 -1 0
    outer loop
      vertex 15.71 22 2
      vertex 12.71 22 2
      vertex 12.71 22 0
    endloop
  endfacet
  facet normal 0 1 0
    outer loop
      vertex 21.71 7 0
      vertex 18.71 7 0
      vertex 18.71 7 2
    endloop
  endfacet
  facet normal 0 1 0
    outer loop
      vertex 18.71 7 2
      vertex 21.71 7 2
      vertex 21.71 7 0
    endloop
  endfacet
  facet normal 1 0 0
    outer loop
      vertex 18.71 22 2
      vertex 18.71 7 2
      vertex 18.71 7 0
    endloop
  endfacet
  facet normal 1 0 0
    outer loop
      vertex 18.71 7 0
      vertex 18.71 22 0
      vertex 18.71 22 2
    endloop
  endfacet
  facet normal 0 -1 0
    outer loop
      vertex 18.71 22 0
      vertex 21.71 22 0
      vertex 21.71 22 2
    endloop
  endfacet
  facet normal 0 -1 0
    outer loop
      vertex 21.71 22 2
      vertex 18.71 22 2
      vertex 18.71 22 0
    endloop
  endfacet
  facet normal -1 0 0
    outer loop
      vertex 21.71 7 2
      vertex 21.71 22 0
      vertex 21.71 7 0
    endloop
  endfacet
  facet normal -1 0 0
    outer loop
      vertex 21.71 22 0
      vertex 21.71 7 2
      vertex 21.71 22 2
    endloop
  endfacet
  facet normal 0 1 0
    outer loop
      vertex 27.71 7 0
      vertex 24.71 7 0
      vertex 24.71 7 2
    endloop
  endfacet
  facet normal 0 1 0
    outer loop
      vertex 24.71 7 2
      vertex 27.71 7 2
      vertex 27.71 7 0
    endloop
  endfacet
  facet normal 1 0 0
    outer loop
      vertex 24.71 22 2
      vertex 24.71 7 2
      vertex 24.71 7 0
    endloop
  endfacet
  facet normal -1 0 0
    outer loop
      vertex 27.71 7 2
      vertex 27.71 22 0
      vertex 27.71 7 0
    endloop
  endfacet
  facet normal 1 0 0
    outer loop
      vertex 24.71 7 0
      vertex 24.71 22 0
      vertex 24.71 22 2
    endloop
  endfacet
  facet normal 0 -1 0
    outer loop
      vertex 24.71 22 0
      vertex 27.71 22 2
      vertex 24.71 22 2
    endloop
  endfacet
  facet normal -1 0 0
    outer loop
      vertex 27.71 7 2
      vertex 27.71 22 2
      vertex 27.71 22 0
    endloop
  endfacet
  facet normal 0 -1 0
    outer loop
      vertex 27.71 22 2
      vertex 24.71 22 0
      vertex 27.71 22 0
    endloop
  endfacet
  facet normal 0 1 0
    outer loop
      vertex 33.71 7 0
      vertex 30.71 7 0
      vertex 30.71 7 2
    endloop
  endfacet
  facet normal 1 0 0
    outer loop
      vertex 30.71 22 2
      vertex 30.71 7 2
      vertex 30.71 7 0
    endloop
  endfacet
  facet normal 0 1 0
    outer loop
      vertex 30.71 7 2
      vertex 33.71 7 2
      vertex 33.71 7 0
    endloop
  endfacet
  facet normal -1 0 0
    outer loop
      vertex 33.71 7 2
      vertex 33.71 22 0
      vertex 33.71 7 0
    endloop
  endfacet
  facet normal 1 0 0
    outer loop
      vertex 30.71 22 2
      vertex 30.71 7 0
      vertex 30.71 22 0
    endloop
  endfacet
  facet normal 0 -1 0
    outer loop
      vertex 33.71 22 2
      vertex 30.71 22 2
      vertex 30.71 22 0
    endloop
  endfacet
  facet normal -1 0 0
    outer loop
      vertex 33.71 7 2
      vertex 33.71 22 2
      vertex 33.71 22 0
    endloop
  endfacet
  facet normal 0 -1 0
    outer loop
      vertex 30.71 22 0
      vertex 33.71 22 0
      vertex 33.71 22 2
    endloop
  endfacet
  facet normal 0 1 0
    outer loop
      vertex 39.71 7 0
      vertex 36.71 7 0
      vertex 36.71 7 2
    endloop
  endfacet
  facet normal 0 1 0
    outer loop
      vertex 39.71 7 2
      vertex 39.71 7 0
      vertex 36.71 7 2
    endloop
  endfacet
  facet normal 1 0 0
    outer loop
      vertex 36.71 22 2
      vertex 36.71 7 2
      vertex 36.71 7 0
    endloop
  endfacet
  facet normal -1 0 0
    outer loop
      vertex 39.71 7 0
      vertex 39.71 7 2
      vertex 39.71 22 0
    endloop
  endfacet
  facet normal 1 0 0
    outer loop
      vertex 36.71 22 2
      vertex 36.71 7 0
      vertex 36.71 22 0
    endloop
  endfacet
  facet normal -1 0 0
    outer loop
      vertex 39.71 7 2
      vertex 39.71 22 2
      vertex 39.71 22 0
    endloop
  endfacet
  facet normal 0 -1 0
    outer loop
      vertex 39.71 22 2
      vertex 36.71 22 0
      vertex 39.71 22 0
    endloop
  endfacet
  facet normal 0 -1 0
    outer loop
      vertex 39.71 22 2
      vertex 36.71 22 2
      vertex 36.71 22 0
    endloop
  endfacet
  facet normal 0 1 0
    outer loop
      vertex 42.71 7 2
      vertex 45.71 7 0
      vertex 42.71 7 0
    endloop
  endfacet
  facet normal 0 1 0
    outer loop
      vertex 45.71 7 2
      vertex 45.71 7 0
      vertex 42.71 7 2
    endloop
  endfacet
  facet normal 1 0 0
    outer loop
      vertex 42.71 22 2
      vertex 42.71 7 2
      vertex 42.71 7 0
    endloop
  endfacet
  facet normal -1 0 0
    outer loop
      vertex 45.71 7 0
      vertex 45.71 7 2
      vertex 45.71 22 0
    endloop
  endfacet
  facet normal 1 0 0
    outer loop
      vertex 42.71 22 2
      vertex 42.71 7 0
      vertex 42.71 22 0
    endloop
  endfacet
  facet normal -1 0 0
    outer loop
      vertex 45.71 7 2
      vertex 45.71 22 2
      vertex 45.71 22 0
    endloop
  endfacet
  facet normal 0 -1 0
    outer loop
      vertex 45.71 22 2
      vertex 42.71 22 0
      vertex 45.71 22 0
    endloop
  endfacet
  facet normal 0 -1 0
    outer loop
      vertex 45.71 22 2
      vertex 42.71 22 2
      vertex 42.71 22 0
    endloop
  endfacet
  facet normal 0 1 0
    outer loop
      vertex 51.71 7 0
      vertex 48.71 7 0
      vertex 48.71 7 2
    endloop
  endfacet
  facet normal 0 1 0
    outer loop
      vertex 51.71 7 2
      vertex 51.71 7 0
      vertex 48.71 7 2
    endloop
  endfacet
  facet normal 1 0 0
    outer loop
      vertex 48.71 22 2
      vertex 48.71 7 2
      vertex 48.71 7 0
    endloop
  endfacet
  facet normal -1 0 0
    outer loop
      vertex 51.71 7 0
      vertex 51.71 7 2
      vertex 51.71 22 0
    endloop
  endfacet
  facet normal 1 0 0
    outer loop
      vertex 48.71 22 2
      vertex 48.71 7 0
      vertex 48.71 22 0
    endloop
  endfacet
  facet normal -1 0 0
    outer loop
      vertex 51.71 7 2
      vertex 51.71 22 2
      vertex 51.71 22 0
    endloop
  endfacet
  facet normal 0 -1 0
    outer loop
      vertex 48.71 22 2
      vertex 48.71 22 0
      vertex 51.71 22 2
    endloop
  endfacet
  facet normal 0 -1 0
    outer loop
      vertex 51.71 22 2
      vertex 48.71 22 0
      vertex 51.71 22 0
    endloop
  endfacet
  facet normal 0 1 0
    outer loop
      vertex 57.71 7 0
      vertex 54.71 7 0
      vertex 54.71 7 2
    endloop
  endfacet
  facet normal 0 1 0
    outer loop
      vertex 57.71 7 2
      vertex 57.71 7 0
      vertex 54.71 7 2
    endloop
  endfacet
  facet normal 1 0 0
    outer loop
      vertex 54.71 22 2
      vertex 54.71 7 2
      vertex 54.71 7 0
    endloop
  endfacet
  facet normal -1 0 0
    outer loop
      vertex 57.71 7 0
      vertex 57.71 7 2
      vertex 57.71 22 0
    endloop
  endfacet
  facet normal 1 0 0
    outer loop
      vertex 54.71 22 2
      vertex 54.71 7 0
      vertex 54.71 22 0
    endloop
  endfacet
  facet normal -1 0 0
    outer loop
      vertex 57.71 7 2
      vertex 57.71 22 2
      vertex 57.71 22 0
    endloop
  endfacet
  facet normal 0 -1 0
    outer loop
      vertex 57.71 22 2
      vertex 54.71 22 0
      vertex 57.71 22 0
    endloop
  endfacet
  facet normal 0 -1 0
    outer loop
      vertex 54.71 22 2
      vertex 54.71 22 0
      vertex 57.71 22 2
    endloop
  endfacet
  facet normal 0 1 0
    outer loop
      vertex 63.71 7 0
      vertex 60.71 7 0
      vertex 60.71 7 2
    endloop
  endfacet
  facet normal 0 1 0
    outer loop
      vertex 63.71 7 2
      vertex 63.71 7 0
      vertex 60.71 7 2
    endloop
  endfacet
  facet normal 1 0 0
    outer loop
      vertex 60.71 7 2
      vertex 60.71 7 0
      vertex 60.71 22 2
    endloop
  endfacet
  facet normal 1 0 0
    outer loop
      vertex 60.71 22 2
      vertex 60.71 7 0
      vertex 60.71 22 0
    endloop
  endfacet
  facet normal 0 -1 0
    outer loop
      vertex 63.71 22 2
      vertex 60.71 22 0
      vertex 63.71 22 0
    endloop
  endfacet
  facet normal 0 -1 0
    outer loop
      vertex 60.71 22 2
      vertex 60.71 22 0
      vertex 63.71 22 2
    endloop
  endfacet
  facet normal -1 0 0
    outer loop
      vertex 63.71 7 0
      vertex 63.71 7 2
      vertex 63.71 22 0
    endloop
  endfacet
  facet normal -1 0 0
    outer loop
      vertex 63.71 22 2
      vertex 63.71 22 0
      vertex 63.71 7 2
    endloop
  endfacet
  facet normal 0 1 0
    outer loop
      vertex 69.71000000000001 7 0
      vertex 66.71000000000001 7 0
      vertex 66.71000000000001 7 2
    endloop
  endfacet
  facet normal 0 1 0
    outer loop
      vertex 69.71000000000001 7 2
      vertex 69.71000000000001 7 0
      vertex 66.71000000000001 7 2
    endloop
  endfacet
  facet normal 1 0 0
    outer loop
      vertex 66.71000000000001 7 2
      vertex 66.71000000000001 7 0
      vertex 66.71000000000001 22 2
    endloop
  endfacet
  facet normal -1 0 0
    outer loop
      vertex 69.71000000000001 7 0
      vertex 69.71000000000001 7 2
      vertex 69.71000000000001 22 0
    endloop
  endfacet
  facet normal 1 0 0
    outer loop
      vertex 66.71000000000001 22 2
      vertex 66.71000000000001 7 0
      vertex 66.71000000000001 22 0
    endloop
  endfacet
  facet normal 0 -1 0
    outer loop
      vertex 69.71000000000001 22 2
      vertex 66.71000000000001 22 0
      vertex 69.71000000000001 22 0
    endloop
  endfacet
  facet normal 0 -1 0
    outer loop
      vertex 66.71000000000001 22 2
      vertex 66.71000000000001 22 0
      vertex 69.71000000000001 22 2
    endloop
  endfacet
  facet normal -1 0 0
    outer loop
      vertex 69.71000000000001 7 2
      vertex 69.71000000000001 22 2
      vertex 69.71000000000001 22 0
    endloop
  endfacet
  facet normal 0 0 1
    outer loop
      vertex 3 3.5 7.1
      vertex 2 3.6 7.1
      vertex 0 3.5 7.1
    endloop
  endfacet
  facet normal 0 0 1
    outer loop
      vertex 3 3.5 7.1
      vertex 3 3.6 7.1
      vertex 2 3.6 7.1
    endloop
  endfacet
  facet normal 0 0 1
    outer loop
      vertex 2 3.6 7.1
      vertex 0 25.5 7.1
      vertex 0 3.5 7.1
    endloop
  endfacet
  facet normal 0 1 0
    outer loop
      vertex 3 3.5 7.1
      vertex 0 3.5 7.1
      vertex 2 3.5 9.6
    endloop
  endfacet
  facet normal -1 0 0
    outer loop
      vertex 3 3.5 7.1
      vertex 3 3.6 9.6
      vertex 3 3.6 7.1
    endloop
  endfacet
  facet normal 0 1 0
    outer loop
      vertex 3 3.5 7.1
      vertex 2 3.5 9.6
      vertex 3 3.5 9.6
    endloop
  endfacet
  facet normal -1 0 0
    outer loop
      vertex 3 3.5 7.1
      vertex 3 3.5 9.6
      vertex 3 3.6 9.6
    endloop
  endfacet
  facet normal 0 1 0
    outer loop
      vertex 2 3.5 9.6
      vertex 0 3.5 7.1
      vertex 2 3.5 22.1
    endloop
  endfacet
  facet normal 0 0 1
    outer loop
      vertex 2 25.4 7.1
      vertex 0 25.5 7.1
      vertex 2 3.6 7.1
    endloop
  endfacet
  facet normal 0 0 1
    outer loop
      vertex 3 25.5 7.1
      vertex 0 25.5 7.1
      vertex 2 25.4 7.1
    endloop
  endfacet
  facet normal 0 0 1
    outer loop
      vertex 3 25.5 7.1
      vertex 2 25.4 7.1
      vertex 3 25.400000000000144 7.1
    endloop
  endfacet
  facet normal 0 -1 0
    outer loop
      vertex 3 25.5 7.1
      vertex 2 25.5 9.6
      vertex 0 25.5 7.1
    endloop
  endfacet
  facet normal -1 0 0
    outer loop
      vertex 3 25.5 7.1
      vertex 3 25.400000000000144 7.1
      vertex 3 25.5 9.6
    endloop
  endfacet
  facet normal 0 -1 0
    outer loop
      vertex 3 25.5 7.1
      vertex 3 25.5 9.6
      vertex 2 25.5 9.6
    endloop
  endfacet
  facet normal -1 0 0
    outer loop
      vertex 3 25.400000000000144 9.6
      vertex 3 25.5 9.6
      vertex 3 25.400000000000144 7.1
    endloop
  endfacet
  facet normal 0 -1 0
    outer loop
      vertex 2 25.5 9.6
      vertex 0 25.5 22.1
      vertex 0 25.5 7.1
    endloop
  endfacet
  facet normal 0 1 0
    outer loop
      vertex 0 3.5 7.1
      vertex 0 3.5 22.1
      vertex 2 3.5 22.1
    endloop
  endfacet
  facet normal 0 0 -1
    outer loop
      vertex 2 25.5 22.1
      vertex 2 3.5 22.1
      vertex 0 3.5 22.1
    endloop
  endfacet
  facet normal 0 0 -1
    outer loop
      vertex 0 3.5 22.1
      vertex 0 25.5 22.1
      vertex 2 25.5 22.1
    endloop
  endfacet
  facet normal 0 -1 0
    outer loop
      vertex 2 25.5 9.6
      vertex 2 25.5 22.1
      vertex 0 25.5 22.1
    endloop
  endfacet
  facet normal 0 0 1
    outer loop
      vertex 82.60999999940395 20.5 6.1
      vertex 82.60999999940395 8.5 6.1
      vertex 84.60999999940395 8.5 6.1
    endloop
  endfacet
  facet normal 0 0 1
    outer loop
      vertex 84.60999999940395 8.5 6.1
      vertex 84.60999999940395 20.5 6.1
      vertex 82.60999999940395 20.5 6.1
    endloop
  endfacet
  facet normal 0 1 0
    outer loop
      vertex 84.60999999940395 8.5 6.1
      vertex 82.60999999940395 8.5 6.1
      vertex 84.60999999940395 8.5 12.899999999999999
    endloop
  endfacet
  facet normal 0 1 0
    outer loop
      vertex 82.60999999940395 8.5 6.1
      vertex 82.60999999940395 8.5 12.899999999999999
      vertex 84.60999999940395 8.5 12.899999999999999
    endloop
  endfacet
  facet normal 0 0 -1
    outer loop
      vertex 84.60999999940395 20.5 12.899999999999999
      vertex 84.60999999940395 8.5 12.899999999999999
      vertex 82.60999999940395 8.5 12.899999999999999
    endloop
  endfacet
  facet normal 0 0 -1
    outer loop
      vertex 82.60999999940395 8.5 12.899999999999999
      vertex 82.60999999940395 20.5 12.899999999999999
      vertex 84.60999999940395 20.5 12.899999999999999
    endloop
  endfacet
  facet normal 0 -1 0
    outer loop
      vertex 82.60999999940395 20.5 12.899999999999999
      vertex 82.60999999940395 20.5 6.1
      vertex 84.60999999940395 20.5 6.1
    endloop
  endfacet
  facet normal 0 -1 0
    outer loop
      vertex 84.60999999940395 20.5 6.1
      vertex 84.60999999940395 20.5 12.899999999999999
      vertex 82.60999999940395 20.5 12.899999999999999
    endloop
  endfacet
  facet normal 0 0.08715574274765887 0.9961946980917454
    outer loop
      vertex 84.60999999940395 41.14223137816575 9.233172864457272
      vertex 82.60999999940395 41.75 9.18
      vertex 82.60999999940395 41.14223137816575 9.233172864457272
    endloop
  endfacet
  facet normal 0 0.2588190451025186 0.9659258262890688
    outer loop
      vertex 84.60999999940395 41.14223137816575 9.233172864457272
      vertex 82.60999999940395 41.14223137816575 9.233172864457272
      vertex 84.60999999940395 40.55292949836016 9.39107582724932
    endloop
  endfacet
  facet normal 0 0.08715574274765887 0.9961946980917454
    outer loop
      vertex 84.60999999940395 41.75 9.18
      vertex 82.60999999940395 41.75 9.18
      vertex 84.60999999940395 41.14223137816575 9.233172864457272
    endloop
  endfacet
  facet normal 0 0.5735764363510442 0.8191520442889931
    outer loop
      vertex 84.60999999940395 39.50024336609711 9.998844449083578
      vertex 82.60999999940395 40 9.648911086754465
      vertex 82.60999999940395 39.50024336609711 9.998844449083578
    endloop
  endfacet
  facet normal 0 0.7071067811865505 0.7071067811865447
    outer loop
      vertex 84.60999999940395 39.50024336609711 9.998844449083578
      vertex 82.60999999940395 39.50024336609711 9.998844449083578
      vertex 84.60999999940395 39.06884444908358 10.430243366097113
    endloop
  endfacet
  facet normal 0 0.7071067811865505 0.7071067811865447
    outer loop
      vertex 84.60999999940395 39.06884444908358 10.430243366097113
      vertex 82.60999999940395 39.50024336609711 9.998844449083578
      vertex 82.60999999940395 39.06884444908358 10.430243366097113
    endloop
  endfacet
  facet normal 0 0.8191520442889926 0.5735764363510449
    outer loop
      vertex 84.60999999940395 38.71891108675447 10.93
      vertex 82.60999999940395 39.06884444908358 10.430243366097113
      vertex 82.60999999940395 38.71891108675447 10.93
    endloop
  endfacet
  facet normal -7.644847473748717e-18 0.9063077870366463 0.4226182617407074
    outer loop
      vertex 84.60999999940395 38.46107582724932 11.482929498360159
      vertex 84.60999999940395 38.71891108675447 10.93
      vertex 82.60999999940395 38.71891108675447 10.93
    endloop
  endfacet
  facet normal 9.273977013574412e-18 0.8191520442889926 0.5735764363510449
    outer loop
      vertex 84.60999999940395 38.71891108675447 10.93
      vertex 84.60999999940395 39.06884444908358 10.430243366097113
      vertex 82.60999999940395 39.06884444908358 10.430243366097113
    endloop
  endfacet
  facet normal 0 0.42261826174070133 0.906307787036649
    outer loop
      vertex 84.60999999940395 40 9.648911086754465
      vertex 82.60999999940395 40.55292949836016 9.39107582724932
      vertex 82.60999999940395 40 9.648911086754465
    endloop
  endfacet
  facet normal 0 0.2588190451025186 0.9659258262890688
    outer loop
      vertex 84.60999999940395 40.55292949836016 9.39107582724932
      vertex 82.60999999940395 41.14223137816575 9.233172864457272
      vertex 82.60999999940395 40.55292949836016 9.39107582724932
    endloop
  endfacet
  facet normal 0 0.42261826174070133 0.906307787036649
    outer loop
      vertex 84.60999999940395 40.55292949836016 9.39107582724932
      vertex 82.60999999940395 40.55292949836016 9.39107582724932
      vertex 84.60999999940395 40 9.648911086754465
    endloop
  endfacet
  facet normal 0 0.5735764363510442 0.8191520442889931
    outer loop
      vertex 84.60999999940395 40 9.648911086754465
      vertex 82.60999999940395 40 9.648911086754465
      vertex 84.60999999940395 39.50024336609711 9.998844449083578
    endloop
  endfacet
  facet normal 0 0.9063077870366463 0.4226182617407074
    outer loop
      vertex 84.60999999940395 38.46107582724932 11.482929498360159
      vertex 82.60999999940395 38.71891108675447 10.93
      vertex 82.60999999940395 38.46107582724932 11.482929498360159
    endloop
  endfacet
  facet normal 0 0.9659258262890704 0.25881904510251263
    outer loop
      vertex 84.60999999940395 38.303172864457274 12.072231378165743
      vertex 82.60999999940395 38.46107582724932 11.482929498360159
      vertex 82.60999999940395 38.303172864457274 12.072231378165743
    endloop
  endfacet
  facet normal 3.7939515007694414e-19 0.9659258262890704 0.25881904510251263
    outer loop
      vertex 84.60999999940395 38.303172864457274 12.072231378165743
      vertex 84.60999999940395 38.46107582724932 11.482929498360159
      vertex 82.60999999940395 38.46107582724932 11.482929498360159
    endloop
  endfacet
  facet normal 0 0.9961946980917453 0.08715574274766126
    outer loop
      vertex 84.60999999940395 38.25 12.68
      vertex 82.60999999940395 38.303172864457274 12.072231378165743
      vertex 82.60999999940395 38.25 12.68
    endloop
  endfacet
  facet normal -1.5529303876359962e-18 0.9961946980917453 0.08715574274766126
    outer loop
      vertex 84.60999999940395 38.25 12.68
      vertex 84.60999999940395 38.303172864457274 12.072231378165743
      vertex 82.60999999940395 38.303172864457274 12.072231378165743
    endloop
  endfacet
  facet normal 0 0.9961946980917453 -0.08715574274766126
    outer loop
      vertex 82.60999999940395 38.25 12.68
      vertex 84.60999999940395 38.303172864457274 13.287768621834257
      vertex 84.60999999940395 38.25 12.68
    endloop
  endfacet
  facet normal 1.5529303876359962e-18 0.9961946980917453 -0.08715574274766126
    outer loop
      vertex 82.60999999940395 38.25 12.68
      vertex 82.60999999940395 38.303172864457274 13.287768621834257
      vertex 84.60999999940395 38.303172864457274 13.287768621834257
    endloop
  endfacet
  facet normal -3.7939515007694414e-19 0.9659258262890704 -0.25881904510251263
    outer loop
      vertex 82.60999999940395 38.303172864457274 13.287768621834257
      vertex 82.60999999940395 38.46107582724932 13.87707050163984
      vertex 84.60999999940395 38.46107582724932 13.87707050163984
    endloop
  endfacet
  facet normal 0 0.9659258262890704 -0.25881904510251263
    outer loop
      vertex 82.60999999940395 38.303172864457274 13.287768621834257
      vertex 84.60999999940395 38.46107582724932 13.87707050163984
      vertex 84.60999999940395 38.303172864457274 13.287768621834257
    endloop
  endfacet
  facet normal 0 0.9063077870366463 -0.4226182617407074
    outer loop
      vertex 84.60999999940395 38.71891108675447 14.43
      vertex 82.60999999940395 38.46107582724932 13.87707050163984
      vertex 82.60999999940395 38.71891108675447 14.43
    endloop
  endfacet
  facet normal 0 0.8191520442889926 -0.5735764363510449
    outer loop
      vertex 84.60999999940395 39.06884444908358 14.929756633902887
      vertex 82.60999999940395 38.71891108675447 14.43
      vertex 82.60999999940395 39.06884444908358 14.929756633902887
    endloop
  endfacet
  facet normal 7.644847473748717e-18 0.9063077870366463 -0.4226182617407074
    outer loop
      vertex 84.60999999940395 38.71891108675447 14.43
      vertex 84.60999999940395 38.46107582724932 13.87707050163984
      vertex 82.60999999940395 38.46107582724932 13.87707050163984
    endloop
  endfacet
  facet normal -9.273977013574412e-18 0.8191520442889926 -0.5735764363510449
    outer loop
      vertex 84.60999999940395 39.06884444908358 14.929756633902887
      vertex 84.60999999940395 38.71891108675447 14.43
      vertex 82.60999999940395 38.71891108675447 14.43
    endloop
  endfacet
  facet normal 0 -0.08715574274765887 0.9961946980917454
    outer loop
      vertex 84.60999999940395 41.75 9.18
      vertex 82.60999999940395 42.35776862183425 9.233172864457272
      vertex 82.60999999940395 41.75 9.18
    endloop
  endfacet
  facet normal 0 -0.2588190451025186 0.9659258262890688
    outer loop
      vertex 84.60999999940395 42.35776862183425 9.233172864457272
      vertex 82.60999999940395 42.94707050163984 9.39107582724932
      vertex 82.60999999940395 42.35776862183425 9.233172864457272
    endloop
  endfacet
  facet normal 0 -0.08715574274765887 0.9961946980917454
    outer loop
      vertex 84.60999999940395 42.35776862183425 9.233172864457272
      vertex 82.60999999940395 42.35776862183425 9.233172864457272
      vertex 84.60999999940395 41.75 9.18
    endloop
  endfacet
  facet normal 0 -0.42261826174070133 0.906307787036649
    outer loop
      vertex 84.60999999940395 42.94707050163984 9.39107582724932
      vertex 82.60999999940395 43.5 9.648911086754465
      vertex 82.60999999940395 42.94707050163984 9.39107582724932
    endloop
  endfacet
  facet normal 0 -0.5735764363510442 0.8191520442889931
    outer loop
      vertex 84.60999999940395 43.5 9.648911086754465
      vertex 82.60999999940395 43.99975663390289 9.998844449083578
      vertex 82.60999999940395 43.5 9.648911086754465
    endloop
  endfacet
  facet normal -1.2135366427211013e-18 -0.2588190451025186 0.9659258262890688
    outer loop
      vertex 84.60999999940395 42.35776862183425 9.233172864457272
      vertex 84.60999999940395 42.94707050163984 9.39107582724932
      vertex 82.60999999940395 42.94707050163984 9.39107582724932
    endloop
  endfacet
  facet normal -7.457419315307881e-18 -0.42261826174070133 0.906307787036649
    outer loop
      vertex 84.60999999940395 42.94707050163984 9.39107582724932
      vertex 84.60999999940395 43.5 9.648911086754465
      vertex 82.60999999940395 43.5 9.648911086754465
    endloop
  endfacet
  facet normal 8.375389361746793e-18 -0.5735764363510442 0.8191520442889931
    outer loop
      vertex 84.60999999940395 43.5 9.648911086754465
      vertex 84.60999999940395 43.99975663390289 9.998844449083578
      vertex 82.60999999940395 43.99975663390289 9.998844449083578
    endloop
  endfacet
  facet normal 0 -0.7071067811865505 0.7071067811865447
    outer loop
      vertex 82.60999999940395 43.99975663390289 9.998844449083578
      vertex 84.60999999940395 43.99975663390289 9.998844449083578
      vertex 82.60999999940395 44.43115555091642 10.430243366097113
    endloop
  endfacet
  facet normal -9.273977013574412e-18 -0.8191520442889926 0.5735764363510449
    outer loop
      vertex 82.60999999940395 44.78108891324553 10.93
      vertex 82.60999999940395 44.43115555091642 10.430243366097113
      vertex 84.60999999940395 44.43115555091642 10.430243366097113
    endloop
  endfacet
  facet normal 0 -0.9063077870366463 0.4226182617407074
    outer loop
      vertex 84.60999999940395 44.78108891324553 10.93
      vertex 82.60999999940395 45.03892417275068 11.482929498360159
      vertex 82.60999999940395 44.78108891324553 10.93
    endloop
  endfacet
  facet normal 0 -0.7071067811865505 0.7071067811865447
    outer loop
      vertex 82.60999999940395 44.43115555091642 10.430243366097113
      vertex 84.60999999940395 43.99975663390289 9.998844449083578
      vertex 84.60999999940395 44.43115555091642 10.430243366097113
    endloop
  endfacet
  facet normal -9.273977013574412e-18 -0.8191520442889926 0.5735764363510449
    outer loop
      vertex 84.60999999940395 44.43115555091642 10.430243366097113
      vertex 84.60999999940395 44.78108891324553 10.93
      vertex 82.60999999940395 44.78108891324553 10.93
    endloop
  endfacet
  facet normal 0 -0.9659258262890704 0.25881904510251263
    outer loop
      vertex 82.60999999940395 45.03892417275068 11.482929498360159
      vertex 84.60999999940395 45.03892417275068 11.482929498360159
      vertex 82.60999999940395 45.196827135542726 12.072231378165743
    endloop
  endfacet
  facet normal 7.644847473748717e-18 -0.9063077870366463 0.4226182617407074
    outer loop
      vertex 84.60999999940395 44.78108891324553 10.93
      vertex 84.60999999940395 45.03892417275068 11.482929498360159
      vertex 82.60999999940395 45.03892417275068 11.482929498360159
    endloop
  endfacet
  facet normal -3.7939515007694414e-19 -0.9659258262890704 0.25881904510251263
    outer loop
      vertex 84.60999999940395 45.03892417275068 11.482929498360159
      vertex 84.60999999940395 45.196827135542726 12.072231378165743
      vertex 82.60999999940395 45.196827135542726 12.072231378165743
    endloop
  endfacet
  facet normal 0 -0.9961946980917453 0.08715574274766126
    outer loop
      vertex 84.60999999940395 45.196827135542726 12.072231378165743
      vertex 82.60999999940395 45.25 12.68
      vertex 82.60999999940395 45.196827135542726 12.072231378165743
    endloop
  endfacet
  facet normal 0 -0.9961946980917453 -0.08715574274766126
    outer loop
      vertex 84.60999999940395 45.25 12.68
      vertex 82.60999999940395 45.196827135542726 13.287768621834257
      vertex 82.60999999940395 45.25 12.68
    endloop
  endfacet
  facet normal 1.5529303876359962e-18 -0.9961946980917453 0.08715574274766126
    outer loop
      vertex 84.60999999940395 45.196827135542726 12.072231378165743
      vertex 84.60999999940395 45.25 12.68
      vertex 82.60999999940395 45.25 12.68
    endloop
  endfacet
  facet normal 0 -0.9659258262890704 -0.25881904510251263
    outer loop
      vertex 82.60999999940395 45.196827135542726 13.287768621834257
      vertex 84.60999999940395 45.196827135542726 13.287768621834257
      vertex 82.60999999940395 45.03892417275068 13.87707050163984
    endloop
  endfacet
  facet normal -1.5529303876359962e-18 -0.9961946980917453 -0.08715574274766126
    outer loop
      vertex 84.60999999940395 45.25 12.68
      vertex 84.60999999940395 45.196827135542726 13.287768621834257
      vertex 82.60999999940395 45.196827135542726 13.287768621834257
    endloop
  endfacet
  facet normal 3.7939515007694414e-19 -0.9659258262890704 -0.25881904510251263
    outer loop
      vertex 84.60999999940395 45.196827135542726 13.287768621834257
      vertex 84.60999999940395 45.03892417275068 13.87707050163984
      vertex 82.60999999940395 45.03892417275068 13.87707050163984
    endloop
  endfacet
  facet normal 0 -0.9063077870366463 -0.4226182617407074
    outer loop
      vertex 82.60999999940395 45.03892417275068 13.87707050163984
      vertex 84.60999999940395 45.03892417275068 13.87707050163984
      vertex 82.60999999940395 44.78108891324553 14.43
    endloop
  endfacet
  facet normal 0 -0.8191520442889926 -0.5735764363510449
    outer loop
      vertex 84.60999999940395 44.78108891324553 14.43
      vertex 82.60999999940395 44.43115555091642 14.929756633902887
      vertex 82.60999999940395 44.78108891324553 14.43
    endloop
  endfacet
  facet normal -7.644847473748717e-18 -0.9063077870366463 -0.4226182617407074
    outer loop
      vertex 84.60999999940395 45.03892417275068 13.87707050163984
      vertex 84.60999999940395 44.78108891324553 14.43
      vertex 82.60999999940395 44.78108891324553 14.43
    endloop
  endfacet
  facet normal 9.273977013574412e-18 -0.8191520442889926 -0.5735764363510449
    outer loop
      vertex 84.60999999940395 44.78108891324553 14.43
      vertex 84.60999999940395 44.43115555091642 14.929756633902887
      vertex 82.60999999940395 44.43115555091642 14.929756633902887
    endloop
  endfacet
  facet normal 0 0.7071067811865505 -0.7071067811865447
    outer loop
      vertex 84.60999999940395 39.50024336609711 15.361155550916422
      vertex 82.60999999940395 39.06884444908358 14.929756633902887
      vertex 82.60999999940395 39.50024336609711 15.361155550916422
    endloop
  endfacet
  facet normal 0 0.7071067811865505 -0.7071067811865447
    outer loop
      vertex 84.60999999940395 39.06884444908358 14.929756633902887
      vertex 82.60999999940395 39.06884444908358 14.929756633902887
      vertex 84.60999999940395 39.50024336609711 15.361155550916422
    endloop
  endfacet
  facet normal 0 0.5735764363510442 -0.8191520442889931
    outer loop
      vertex 84.60999999940395 39.50024336609711 15.361155550916422
      vertex 82.60999999940395 39.50024336609711 15.361155550916422
      vertex 84.60999999940395 40 15.711088913245534
    endloop
  endfacet
  facet normal 8.375389361746793e-18 0.5735764363510442 -0.8191520442889931
    outer loop
      vertex 82.60999999940395 39.50024336609711 15.361155550916422
      vertex 82.60999999940395 40 15.711088913245534
      vertex 84.60999999940395 40 15.711088913245534
    endloop
  endfacet
  facet normal -7.457419315307881e-18 0.42261826174070133 -0.906307787036649
    outer loop
      vertex 84.60999999940395 40.55292949836016 15.968924172750679
      vertex 84.60999999940395 40 15.711088913245534
      vertex 82.60999999940395 40 15.711088913245534
    endloop
  endfacet
  facet normal -7.457419315307881e-18 0.42261826174070133 -0.906307787036649
    outer loop
      vertex 82.60999999940395 40 15.711088913245534
      vertex 82.60999999940395 40.55292949836016 15.968924172750679
      vertex 84.60999999940395 40.55292949836016 15.968924172750679
    endloop
  endfacet
  facet normal 0 0.25881904510251585 -0.9659258262890695
    outer loop
      vertex 84.60999999940395 41.14223137816575 16.126827135542726
      vertex 82.60999999940395 40.55292949836016 15.968924172750679
      vertex 82.60999999940395 41.14223137816575 16.126827135542726
    endloop
  endfacet
  facet normal 0 0.08715574274766177 -0.9961946980917453
    outer loop
      vertex 84.60999999940395 41.75 16.18
      vertex 82.60999999940395 41.14223137816575 16.126827135542726
      vertex 82.60999999940395 41.75 16.18
    endloop
  endfacet
  facet normal 0 0.25881904510251585 -0.9659258262890695
    outer loop
      vertex 84.60999999940395 40.55292949836016 15.968924172750679
      vertex 82.60999999940395 40.55292949836016 15.968924172750679
      vertex 84.60999999940395 41.14223137816575 16.126827135542726
    endloop
  endfacet
  facet normal 0 0.08715574274766177 -0.9961946980917453
    outer loop
      vertex 84.60999999940395 41.14223137816575 16.126827135542726
      vertex 82.60999999940395 41.14223137816575 16.126827135542726
      vertex 84.60999999940395 41.75 16.18
    endloop
  endfacet
  facet normal 0 -0.42261826174070133 -0.906307787036649
    outer loop
      vertex 84.60999999940395 43.5 15.711088913245534
      vertex 82.60999999940395 42.94707050163984 15.968924172750679
      vertex 82.60999999940395 43.5 15.711088913245534
    endloop
  endfacet
  facet normal 0 -0.5735764363510442 -0.8191520442889931
    outer loop
      vertex 84.60999999940395 43.99975663390289 15.361155550916422
      vertex 82.60999999940395 43.5 15.711088913245534
      vertex 82.60999999940395 43.99975663390289 15.361155550916422
    endloop
  endfacet
  facet normal 0 -0.5735764363510442 -0.8191520442889931
    outer loop
      vertex 84.60999999940395 43.5 15.711088913245534
      vertex 82.60999999940395 43.5 15.711088913245534
      vertex 84.60999999940395 43.99975663390289 15.361155550916422
    endloop
  endfacet
  facet normal 0 -0.08715574274766177 -0.9961946980917453
    outer loop
      vertex 84.60999999940395 42.35776862183425 16.126827135542726
      vertex 82.60999999940395 41.75 16.18
      vertex 82.60999999940395 42.35776862183425 16.126827135542726
    endloop
  endfacet
  facet normal -5.26210313951261e-18 -0.25881904510251585 -0.9659258262890695
    outer loop
      vertex 82.60999999940395 42.35776862183425 16.126827135542726
      vertex 82.60999999940395 42.94707050163984 15.968924172750679
      vertex 84.60999999940395 42.94707050163984 15.968924172750679
    endloop
  endfacet
  facet normal 0 -0.08715574274766177 -0.9961946980917453
    outer loop
      vertex 84.60999999940395 41.75 16.18
      vertex 82.60999999940395 41.75 16.18
      vertex 84.60999999940395 42.35776862183425 16.126827135542726
    endloop
  endfacet
  facet normal -5.26210313951261e-18 -0.25881904510251585 -0.9659258262890695
    outer loop
      vertex 84.60999999940395 42.94707050163984 15.968924172750679
      vertex 84.60999999940395 42.35776862183425 16.126827135542726
      vertex 82.60999999940395 42.35776862183425 16.126827135542726
    endloop
  endfacet
  facet normal 7.457419315307881e-18 -0.42261826174070133 -0.906307787036649
    outer loop
      vertex 84.60999999940395 43.5 15.711088913245534
      vertex 84.60999999940395 42.94707050163984 15.968924172750679
      vertex 82.60999999940395 42.94707050163984 15.968924172750679
    endloop
  endfacet
  facet normal 0 -0.7071067811865505 -0.7071067811865447
    outer loop
      vertex 84.60999999940395 44.43115555091642 14.929756633902887
      vertex 82.60999999940395 43.99975663390289 15.361155550916422
      vertex 82.60999999940395 44.43115555091642 14.929756633902887
    endloop
  endfacet
  facet normal 0 -0.7071067811865505 -0.7071067811865447
    outer loop
      vertex 84.60999999940395 43.99975663390289 15.361155550916422
      vertex 82.60999999940395 43.99975663390289 15.361155550916422
      vertex 84.60999999940395 44.43115555091642 14.929756633902887
    endloop
  endfacet
endsolid OpenSCAD_Model
